This file was created by CMPT_PRIOR_RETS using the 201712 CRSP database.,,,,,,,,,,
It contains value- and equal-weighted returns for  10 prior-return portfolios.,,,,,,,,,,
The portfolios are constructed monthly. PRIOR_RET is from -12 to - 2.,,,,,,,,,,
,,,,,,,,,,
The annual returns are from January to December.,,,,,,,,,,
,,,,,,,,,,
Missing data are indicated by -99.99 or -999.,,,,,,,,,,
,,,,,,,,,,
,,,,,,,,,,
  Average Value Weighted Returns -- Monthly,,,,,,,,,,
,Lo PRIOR,PRIOR 2,PRIOR 3,PRIOR 4,PRIOR 5,PRIOR 6,PRIOR 7,PRIOR 8,PRIOR 9,Hi PRIOR
196307,-2.77,-1.1,-1.04,-0.45,-1.03,1.65,-0.81,0.51,-0.48,0.22
196308,6.01,4.55,5.8,4.58,5.87,5.17,5.1,4.01,6.46,9.22
196309,-3.24,-2.74,-1.35,1.56,-1.75,-1.4,-0.61,-2.88,-2.62,-2.05
196310,1.82,1.71,0.03,1.83,2.79,2.8,1.06,0.89,8.25,5.28
196311,0.07,-1.41,-0.49,1.91,-1.09,-1.02,0.5,-4.09,-1.06,-0.09
196312,-2.44,-0.72,1.9,2.13,2.3,2.4,2.5,3.45,2.86,0.73
196401,0.97,0.95,0.18,1.73,2.73,2.23,4.08,4.03,1.87,1.95
196402,1.78,2.7,1.07,1.48,2.02,1.77,2.23,1.22,1.73,3.62
196403,0.47,1.95,2.3,1.65,0.74,1.47,2.48,1.02,2.16,3.58
196404,-0.54,2.02,0.55,-0.4,1.21,1.6,0.22,0.93,-0.4,-0.41
196405,0.25,-0.42,0.72,0.45,1.91,0.38,1.17,3.15,2.11,4.19
196406,1.11,1.66,1.1,1.43,1.93,2.57,0.09,2.5,0.25,0.98
196407,1.93,1.92,3.41,3.03,3.47,2.52,0.1,3.06,2.06,0.7
196408,-1.32,0.49,-1.11,-0.07,-1.32,-1.93,-1.51,-1.07,-1.73,-0.91
196409,5.77,3.02,3.74,3.06,2.6,2.31,1.81,3.74,2.24,6.37
196410,1.52,1.78,1.31,0.6,0.68,-0.48,1.89,0.71,1.02,0.01
196411,-3.05,0.32,0.76,-0.22,-0.31,0.2,0,1.79,-0.19,0.07
196412,-0.2,-0.25,2.37,-0.04,-0.77,1.1,-0.05,0.71,-1.19,-0.94
196501,7.79,1.75,5.93,4.54,4.83,5.18,2.95,3.05,2.02,4.63
196502,2.47,1.68,1.33,1.22,0.22,-0.81,-0.34,0.91,-0.22,2.95
196503,-1.12,-1.1,-0.12,-1.36,-0.75,-1.39,-2.05,-0.46,-0.69,0.32
196504,2.72,3.04,1.62,3.22,2.18,1.7,2.98,5.74,5.37,5.77
196505,-1.22,0.53,-1.19,0.2,0.59,-0.68,-2.24,0.98,-0.71,-0.82
196506,-3.42,-4.18,-3.26,-4.36,-5.49,-4.62,-6.26,-7.28,-7.78,-9.54
196507,0.94,0.1,0.32,2.65,1.28,0.07,2.89,3.13,6.14,7.47
196508,4.71,0.93,2.81,2.74,2.33,2.72,1.32,3.3,6.73,7.71
196509,1.87,2.68,1.72,1.49,5.06,1.19,3.18,5.98,5.58,4.93
196510,3.86,2.62,0.41,4,1.65,1.57,2.79,5.11,4.23,7.74
196511,-1.24,0.73,-0.88,-2.08,-2.48,0.37,2.69,1.29,1.45,8.51
196512,3.33,1.34,0.76,1,0.23,1.47,1.01,0.82,1.44,4.1
196601,-0.31,-0.64,-2.41,0.16,1.27,0.72,1.83,4.3,4.56,9.12
196602,-2.56,-2.35,-2.07,-2,-0.79,-2.22,-0.58,-0.21,1.48,8.31
196603,-3.82,-1.75,-2.56,-4.36,-0.9,-1.39,-1.77,-1,-1.1,1.05
196604,1.54,0.28,0.81,0.7,3.28,4.36,3.94,4.52,6.04,5.17
196605,-3.28,-3.98,-4.73,-3.95,-4.43,-4.59,-7.93,-6.14,-7.18,-11.03
196606,-1.52,-1.92,-2.25,-2.54,-1.44,-2.14,-0.5,1.5,0.55,3.6
196607,-1.78,0.59,-0.56,-0.92,-2.7,-3.08,-0.04,-2.96,-0.37,-2.15
196608,-5.01,-7.16,-7.55,-6.77,-8.51,-7.54,-7.62,-8.95,-9.62,-9.06
196609,-3.55,-0.22,2.54,0.53,-0.72,2.32,-1.88,-1.37,-2.28,-4.84
196610,2.31,8.17,7.16,6.85,6.37,4.86,5.24,0.4,0.94,-5.44
196611,-1,-1.87,-1.46,-2.46,1.76,7.49,1.96,3.23,7.29,12.11
196612,2.67,-0.25,-0.28,0.63,-1.26,0.51,1.54,0.46,0.05,1.42
196701,14.2,15.13,12.5,11.01,6.38,5.9,6.28,7.23,6.84,8.52
196702,0.33,-1.82,-1.1,0.12,0.16,1.35,1.11,0.01,1.99,5.27
196703,2.81,3.66,4.74,4.68,4.6,3.98,5.33,3.79,4.02,6.4
196704,6.59,6.67,5.44,3.87,3.25,2.42,0.47,3.65,5.3,6.42
196705,-6.95,-2.45,-5.02,-3.14,-1.85,-3.19,-5.12,-3.59,-3.78,-3.15
196706,2.47,0.21,1.69,1.82,-0.46,2.49,1.92,3.6,6.16,8.35
196707,10.04,5.72,6.2,1.24,3.23,4.63,6.11,5.63,4.67,7.32
196708,-0.17,-1.04,-0.39,-0.32,0.01,-0.57,0.14,-0.79,-1.14,-1.77
196709,4.34,2.21,2.41,3.13,1.94,3.01,2.54,5.24,5.36,4.5
196710,-4.02,-3.13,-4.49,-3.55,-5.64,-2.47,-2.03,2.56,-1.89,0.67
196711,1.35,0.63,-0.61,-0.58,-1.79,1.48,2.68,2.41,0.93,1.14
196712,2.37,3.86,2.21,4.03,2.5,3.32,2.6,2.15,5.52,9.09
196801,0.01,-1.93,-1.26,-4.85,-3.39,-4.82,-6.36,-6.11,-5.63,-7.12
196802,-3.6,-1.98,-2,-1.95,-2.22,-4.64,-1.97,-6.69,-3.34,-9.04
196803,-1.96,0.27,-1.17,-1.43,0.88,1.65,-0.65,4.96,1.29,2.73
196804,10.96,6.58,6.23,8.37,8.51,8.06,9.93,11.65,13.74,19.51
196805,1.63,0.77,1.44,0.29,4,3.22,0.1,5.19,4.01,10.27
196806,1.75,3.89,1.99,0.42,1.4,0.37,0.99,-0.24,-0.89,0.87
196807,-2.37,-1.62,-1.52,-3.56,2.4,-3.05,-4.14,-3.85,-3.45,-4.4
196808,0.95,1.56,1.48,0.57,2,1.85,2.68,1.25,3.81,4.7
196809,6.95,6.87,4.13,3.24,4.21,3.89,2.93,2.03,5.68,10.03
196810,1.85,1.38,2.97,2.01,1.2,-0.2,-0.94,-0.26,2.73,-1.61
196811,8.55,7.05,2.92,5.36,6.55,4.27,4.3,7.72,7.85,10.03
196812,-4.88,-4.15,-3.99,-3.99,-2.23,-3.48,-3.17,-2.51,-3.54,-3.57
196901,-2.79,1.37,-1.91,0.19,0.06,-1.37,-0.1,-1.76,-0.48,-1.88
196902,-7.82,-5,-2.26,-6.3,-4.73,-5.89,-7.14,-7.59,-6.65,-10.15
196903,-1.14,3.82,1,3.03,3.49,4.51,4.74,4.58,4.01,5.57
196904,0.32,3.58,1.83,2.58,-0.09,1.34,2.45,2.25,2.37,3.52
196905,-2.76,-0.63,-0.35,0.17,1.34,0.18,1.3,0.77,-0.48,2.88
196906,-11.87,-6.94,-0.68,-6.49,-5.25,-7.48,-6.44,-6.27,-8.9,-11.28
196907,-12.21,-11.66,-5.21,-4.46,-5.25,-4.55,-7.11,-5.22,-7.86,-7.44
196908,6.41,4.49,3.43,3.33,3.56,5.54,3.9,3.55,7.17,10.5
196909,-4.46,-2.9,-4.36,-2.94,-4.1,-4.11,-1.43,-0.9,-1.95,-2.82
196910,10.64,9.29,9.43,3.8,4.38,6.17,6.23,3.21,4.6,6.73
196911,-6.91,-5.91,-4.68,-4.91,-5.36,-4.3,-4.27,-2.58,-2.24,-0.54
196912,-8.09,-6.34,-5.2,-3.78,-3.25,-3.25,-2.08,-3.07,0.99,1.37
197001,-6.64,-7.65,-9.34,-12.18,-7.06,-9.02,-6.28,-7.3,-5.86,-7.05
197002,3.66,4.51,6.61,6.7,7.05,5.28,5.95,8,6.73,3.19
197003,-3.86,-2.64,-0.47,0.24,1.87,2,2.85,1.16,-1.7,-2.96
197004,-17.43,-12.99,-8.39,-12.53,-9.85,-9.58,-8.54,-10.09,-10.19,-11.41
197005,-9.72,-4.78,-1.03,-0.92,-7.54,-8.56,-6.44,-6.62,-8.38,-6.52
197006,-11.43,-12.05,-6.45,-3.34,-5.18,-5.9,-6.35,-6.05,-5.06,-0.93
197007,4.72,12.3,10.31,10.92,9.24,10.76,5.45,7.6,5.96,4.26
197008,13.09,9.3,8.89,7.23,6.92,5.81,4.39,5.56,2.34,1.75
197009,22.94,12.39,7.68,8.24,6.75,5.46,1.89,2.62,1.29,4.15
197010,-14.79,-10.97,-4.66,-3.47,-1.12,-1.54,-0.54,-1.39,0.53,-1.22
197011,-1.43,5.09,2.66,3.82,5.29,5.25,4.37,5.94,5.9,5.74
197012,5.69,10.71,7.92,7.84,7.67,7.05,7.82,6.52,4.43,3.32
197101,13.45,11.45,11.17,8.05,3.5,6.52,6.22,3.06,4.1,2.13
197102,4.92,0.07,1.41,2.29,1.88,-0.58,1.65,1.28,1.37,3.98
197103,7.95,6.26,5.77,5.99,2.06,3.97,2.62,3.97,3.56,5.16
197104,3.8,2.5,4.81,0.28,3.5,3.78,4.5,5.25,5.28,4.99
197105,-5.84,-4.74,-1.83,-3.38,-5.25,-2.23,-3.23,-5.34,-2.81,-2.94
197106,-3.11,0.15,1.66,-0.02,-0.06,-0.14,0.24,-0.33,2.51,2.61
197107,-4.97,-3.73,-1.51,-5.33,-3.14,-2.93,-3.31,-5.36,-8.15,-6.22
197108,2.36,1.03,3.91,2.66,2.83,7.3,5.79,4.71,5.45,8.79
197109,-3.65,-0.96,-1.17,-1.44,1.07,0.79,-0.34,-0.55,-0.66,0.45
197110,-9.19,-4,-2.69,-2.25,-3.51,-3.61,-4.41,-4.42,-5.99,-4.09
197111,-3.45,-1.41,0.33,0.37,-0.42,0.21,0.81,-0.57,0.08,1.06
197112,11.78,10.68,9,7.76,8.18,9.4,8.49,8.68,9.93,10.84
197201,6.44,-0.43,1.46,4.35,2.09,3.21,2.58,1.91,2.05,5.9
197202,4.78,3.71,-0.21,-0.17,1.67,1.94,4.92,3.31,5.05,5.58
197203,-1.74,-2.79,-0.52,-1.68,-0.82,2.8,1.17,0.64,3.29,1.37
197204,-2.15,0.66,-1.47,-0.87,-1.26,1.29,1.14,0.24,2.69,1.26
197205,-1.79,0.71,-1.06,1.77,-0.97,-0.01,1.61,1.66,3.49,5.44
197206,-5.96,-4.04,-3.04,-2.33,-1.37,-2.32,-2.34,-2.65,-1.4,0.61
197207,-4.74,-2.67,-3.46,-1.03,0.71,-1.54,-1.3,1.24,1.99,-0.29
197208,4.4,9.25,7.36,6.57,5.26,7.05,2.42,1.11,2.1,-1.54
197209,-4.33,-3.29,-1.51,-0.98,1.64,-2.37,-2.41,-0.42,-0.14,0.49
197210,-3.37,0.05,1.24,-0.17,2.28,1.34,2.6,0.34,-0.05,1.71
197211,9.43,8.66,9.41,7.61,8.38,8.55,5.35,2.19,2.28,1.48
197212,-4.27,-3.08,-1.77,-1.52,-0.75,-0.83,1.47,1.88,2.17,5.31
197301,-10.82,-8.21,-5.86,-5.3,-5.31,-4.29,1.64,-0.98,-1.17,-2.97
197302,-9.26,-8.87,-8.69,-4.14,-4.2,-4.7,-3.04,-3.58,-2.34,-5.11
197303,-4.01,-3.31,-2.63,-3.88,-1.67,-1.25,-2.82,-1.1,-0.24,1.79
197304,-11.44,-12.96,-8.58,-8.52,-6.49,-4.55,-3.95,-3.2,-4.61,-3.1
197305,-12.87,-9.01,-8.53,-6.9,-4.84,-2.75,-2.06,-1.13,-1.38,-0.13
197306,-8.45,-5.49,-2.91,-1.56,-4.64,-3.34,-2.04,-0.02,-0.11,0.73
197307,20.97,12.99,15.15,11.5,11.28,10.15,7.18,3.08,2.84,2.3
197308,-7.15,-5.28,-5.37,-4.23,-2.42,-3.16,-3.07,-2.11,-4.12,-3.02
197309,11.01,13.15,14.97,11.23,10.41,12.27,5.49,-1.18,3.78,5.3
197310,-5.68,-5.57,-3.59,-1.94,-2.87,-4.33,0.95,-0.04,-0.58,3.94
197311,-23.16,-22.44,-19.82,-17.58,-11.33,-13.7,-9.58,-10.9,-9.16,-9.54
197312,-5.69,-4.57,-6.14,-2.78,0.15,1.35,-1.32,1.37,3.05,7.62
197401,13.03,8.43,8.5,6.48,4.33,3.84,-0.36,0.04,-0.16,-6.24
197402,-2.75,0.56,1.81,0.15,-0.68,-1.57,-0.78,0.08,0.42,1.63
197403,0.36,-1.97,-4.22,-1.2,-0.98,-0.49,-2.31,-2.52,-3.27,-5.15
197404,-10.54,-7.95,-4.4,-3.62,-3.62,-4.06,-4.86,-3.74,-4.76,-4.95
197405,-8.1,-5.29,-3.56,1.57,-1.78,-2.62,-3.87,-5.35,-5.21,-8.69
197406,-5.34,-6.22,-1.72,-2.72,-1.57,-1.15,-2.2,-2.15,-1.29,-1.36
197407,-10.81,-6.28,-10.46,-7.4,-7.93,-9.53,-7.72,-5.48,-4.69,-4.25
197408,-11.98,-9.15,-9.9,-8.61,-10.22,-9.51,-7.92,-7.29,-7.76,-8.86
197409,-14.02,-11.27,-13.28,-13.43,-13.01,-12.05,-11.28,-5.89,-8.49,-8.98
197410,14.5,19.93,19.54,20.31,13.46,9.72,17.49,19.75,14.39,20.41
197411,-2.97,-5.61,-4.3,-4.16,-5.29,-3.66,-4.86,-3.4,-1.17,-3.75
197412,-5.48,-6.45,-4.22,-3.45,-3.81,-1.17,-1.3,-1.92,1.02,-3.48
197501,31.14,23.72,19.92,13.1,13.47,13.49,7.11,9.54,13.11,11.44
197502,6.45,6.53,5.28,9.14,5.07,8.77,4.23,6.36,4.87,4.05
197503,8.19,3.11,5.06,3.06,1.28,3.09,1.33,0.3,4.02,7.16
197504,4.42,7.17,4.53,5.46,5.88,3.77,2.73,4.19,2.95,7.74
197505,5.63,7.48,5.82,5.44,5.37,6.76,6.46,3.99,5.27,5.03
197506,6.07,4,6.28,3.12,6.19,5.57,6.03,6.43,5.73,5.58
197507,-8.11,-8.65,-6.07,-5.05,-5.09,-6.64,-6.43,-5.13,-5.83,-4.05
197508,-4.44,-2.65,-1.79,-1.76,-2.25,-3.3,-0.87,-2.87,-3.01,-2.52
197509,-3.63,-6.69,-3.22,-3.17,-1.98,-2.63,-4.12,-4.75,-4.71,-1.77
197510,2.26,8.54,7.12,4.67,5.96,7.53,4.1,5.87,6.01,3.15
197511,3.22,5.71,3.33,3.55,2.16,2.88,2.11,2.21,3.11,1.55
197512,-1.6,-2.17,-2.06,-0.41,-2.5,-1.57,0.38,-1.37,-0.26,-1.32
197601,9.91,9.83,11.49,13.24,12.72,13.18,13.7,13.98,14.04,19.45
197602,2.45,0.86,1.13,0.45,0.85,-1.37,0.1,-1,3.25,5.22
197603,0.63,4.44,2.27,3.39,4.06,2.86,0.94,2.41,0.81,0.78
197604,-3.15,-2.89,-1.36,0.51,-0.32,-0.61,-0.08,-0.33,-0.16,-2.61
197605,-0.01,-1.74,-2.15,-0.16,-0.43,-0.97,0.29,-0.54,-2.14,-2.69
197606,7,4.97,3.41,4.64,6.71,2.29,4.99,2.95,3.66,4.61
197607,-1,-0.5,-2.21,-0.02,1.23,0.49,-0.59,-1.67,-1.7,-1.12
197608,-1.54,0.99,0.29,-0.36,2.06,-0.24,-0.66,-0.38,-2.44,-2.26
197609,1.84,1.59,2.29,3.04,3.32,1.78,3.89,2.78,0.99,2.37
197610,-3.61,-2.28,-2.12,-2.7,-2.4,-0.01,-0.73,-3.13,-2.53,-3.41
197611,-0.05,-2.49,-0.58,1.72,1.53,1.16,1.34,2.26,3.67,3.62
197612,5.13,5.45,5.29,6.2,4.57,5.59,8.15,8.45,6.73,8.29
197701,-9.32,-4.64,-6.31,-3.53,-2.44,-2.22,-2.02,-2.1,-1.17,2.53
197702,-1.83,-1.42,-1.56,-0.67,-1.85,-1.12,-2.08,-2.44,-1.8,-1.9
197703,-2.74,-1.64,0.05,-1.78,0.29,-0.55,-1.92,0.01,-0.9,-0.69
197704,-4.07,-1.75,-0.42,1.2,-1.47,2.87,1.41,3.84,2.03,3.94
197705,-2.4,-2.95,-2.65,-1.27,0.26,-0.47,0.68,-0.05,-0.16,0.59
197706,5.83,4.63,4.27,5.93,4.38,3.59,4.43,5.72,6.95,7.16
197707,-2.36,-2.14,0.04,-1.88,-2.14,-0.91,-0.34,-0.91,-0.8,-1.21
197708,2,0.84,-0.04,-3.32,-2.03,-2.5,-2.97,-2.2,-2.1,-2.03
197709,-2.18,-1.09,-0.65,0.81,2.4,0.46,0.98,1,2.06,1
197710,-4.91,-3.84,-3.79,-3.35,-4.77,-3.23,-2.97,-2.75,-3.66,-4.64
197711,3.32,3.92,3.83,4.01,3.74,4.94,5.65,6.64,7.18,8.62
197712,0.25,-0.64,0.82,1.53,0.88,-0.21,0.6,1.48,2.17,1.7
197801,-5.54,-5.97,-6.39,-4.83,-5.36,-5.48,-5.24,-5.44,-5.31,-3.88
197802,-4.39,-2.14,-1.18,-1.29,-0.11,-0.61,-0.85,0.06,1.83,1.41
197803,3.38,3.23,4.59,3.2,-0.41,3.9,4.07,5.6,6.24,6.57
197804,11.42,9.81,8.52,10.04,6,6.11,4.96,8.74,9.64,10.09
197805,1.85,1.79,1.66,0.93,0.35,2.74,3.56,4.62,5.86,8.93
197806,-4.78,-2.2,-1.23,-1.23,-0.7,-0.43,-0.96,0.48,0.44,2.13
197807,4.52,4.19,5.33,4.32,5.83,5.58,7.94,6.69,9.48,9.94
197808,4.1,4.75,3.31,2.89,3.1,4.29,3.85,4.82,7.89,10.41
197809,0.85,1.61,-0.47,-0.87,-1.36,-1.74,-1.93,-1.76,-2.23,-4.59
197810,-10.84,-7.37,-8.39,-8.18,-11.91,-12.46,-14.76,-16.15,-19.53,-22.99
197811,2.73,1.72,2.42,3.54,1.91,4.05,4.16,5.68,7.68,10.98
197812,-2.12,-1.17,0.34,-0.49,1.63,5.05,1.31,1.9,3.53,3.54
197901,9.63,6.45,4.97,4.91,3.79,4.24,3.75,4.51,5.48,6.62
197902,-2.67,-3.03,-1.87,-2.68,-3.05,-1.93,-2.72,-2.81,-4.75,-4.32
197903,8.46,5.09,4.87,2.94,5.85,7.23,6.2,8.2,8.85,10.57
197904,0.5,-0.72,1.62,0.51,-0.81,0.83,0.6,2.14,0.79,1.55
197905,-2.5,-1.32,-0.06,-0.42,-0.61,0.23,-3.55,-1.87,-2.31,-0.9
197906,5.7,4.67,3.36,3.3,5.59,4.36,6.08,3.19,7.18,6.8
197907,2.73,2.27,1.79,2.26,1.76,1.41,0.9,1.2,0.98,1.88
197908,8.33,8.3,6.26,6.13,4.45,4.43,5.55,7,7.97,7.34
197909,-3.71,-2.84,-2.71,-0.29,-1.83,-0.05,-1.29,2.95,2.64,4.19
197910,-13.27,-8.01,-6.98,-8.16,-7.34,-8.01,-7.22,-6.45,-4.45,-6.5
197911,2.21,4.82,4.07,1.83,5.62,5.98,8.82,9.98,11.24,12.55
197912,2.74,-0.42,1.06,2.11,2.76,2.86,1.4,5.07,3.2,8.92
198001,4.08,0.72,2.67,1.02,3.69,6.95,8.93,9.37,11.83,13.83
198002,-5.11,-3.67,-5,-5.32,-5.33,-0.73,0.66,4.26,6.6,5.17
198003,-3.73,-7.12,-6.43,-6.31,-8.82,-10.72,-12.86,-14.81,-16.66,-21.19
198004,6.78,6.17,6.96,4.29,2.57,3.56,5.17,3.38,5.18,6.85
198005,9.28,5.35,6.74,5.82,7.01,6.86,7.68,7.26,5.23,3.77
198006,4.7,2.32,3.49,1.71,1.51,2.98,3.01,3.97,4.06,6.31
198007,10.01,9.41,8.71,5.64,4.73,5.92,7.54,8.78,6.75,6.4
198008,2.7,2.39,-0.03,1.84,0.18,1.77,2.25,2.13,2.54,5.17
198009,0.08,-0.31,-0.2,-0.92,-0.88,2.44,3.03,4.51,5.87,8.35
198010,-1.74,-2.66,-1.31,2,-1.82,-0.67,2.01,5.85,5.31,5.29
198011,0.86,-0.51,1.58,5.4,7.74,13.15,12.42,16.39,21.83,17.09
198012,-0.28,2.84,2.75,-0.04,-1.48,-0.73,-5.42,-6.65,-7.74,-7.49
198101,-0.68,0.85,3.04,-0.19,-0.67,-2.7,-3.26,-5.32,-7.07,-11.26
198102,-0.11,3.85,2.08,1.85,2.03,2.81,3.09,0.39,2.22,-0.08
198103,10.18,4.61,2.71,7.03,2.17,3.24,2.83,3.85,6.29,8.29
198104,-1.44,0.33,0.08,0.84,-1.56,-2.74,0.42,-4.15,-1.32,0.54
198105,0.03,1.92,-0.63,1.29,2.18,-0.05,-0.33,1.72,2.32,6.3
198106,4.35,2.72,1.06,-0.55,-0.77,-1.6,-1.65,-3.23,-4.46,-8.46
198107,4.67,2.8,0.43,0.74,-1.95,-2.54,-2.22,-1.39,-1.25,-2.41
198108,-7.82,-4.75,-3.74,-4.74,-4.55,-6.11,-7.61,-4.95,-6.66,-8.48
198109,-9.95,-6.96,-5.32,-6.04,-4.32,-4.77,-6.32,-4.3,-5.03,-8.69
198110,3.47,6.01,2.53,6.39,6.09,5.28,7.09,5.84,8.5,12.06
198111,3.71,4.92,5.22,7.15,4.51,3.99,5.32,3.46,2.98,2.76
198112,-5.25,-4.16,-2.07,-2.49,-1.64,-2.36,-2.52,-3.05,-2.3,-2.63
198201,-4.81,-6.11,-1.15,-4.66,-1.63,-2.41,-0.11,-1.15,-0.1,-3.56
198202,-9.32,-9.67,-5.44,-6.46,-5.49,-4.09,-1.75,-3.12,-0.35,-4.9
198203,-4.44,-2.43,-1.3,-1.29,-0.78,-2.17,-0.1,1.68,1.69,-0.52
198204,5.68,4.33,4.83,4.07,4.29,3.73,4.72,5.44,2.75,5.22
198205,-6.44,-4.61,-3.58,-1.3,-2.91,-1.16,-2.91,-2.85,-3.02,-1.98
198206,-9.06,-5.39,-2.54,-1.01,-4.53,-2.74,-1,-0.72,0.05,0.84
198207,-6.66,-4.39,-4.06,-2.97,-4.52,-3.95,-2.48,-0.39,2.49,-1.38
198208,10.67,16.48,15.14,12.81,11.52,13.48,10.53,11.34,10.47,9.69
198209,-3.44,0.14,2.35,3.12,1.22,2.07,0.98,1.97,2.53,4.82
198210,13.82,12.31,13.05,10.93,9.22,16.68,12.5,10.67,10.36,13.93
198211,1.62,4.68,-0.19,5.94,4.17,5.3,6.85,5.57,6.59,10.13
198212,3.79,2.54,1.35,-0.75,-0.08,2.19,0.95,0.5,2.78,0.14
198301,7.03,4.78,4.67,8.89,4.47,1.64,2.41,1.89,4.51,2.54
198302,-2.03,2.27,2.54,1.17,3.58,2.88,4.15,4.26,5.05,6.89
198303,2.22,3.97,4.03,4.18,1.21,3.8,2.89,3.71,3.27,4.88
198304,6.6,8.55,7.6,6.46,5.44,5.88,5.36,10.54,4.82,10.69
198305,8.8,2.05,-0.31,0.59,1,-0.77,-0.24,-0.5,1.59,4.74
198306,4.78,4.9,2.5,0.82,2.01,4.4,2.24,6.41,4.81,5.77
198307,-2.69,-1.4,-3.47,-2.35,-2.33,-4.19,-1.83,-3.28,-3.77,-7.9
198308,-0.27,3.97,3.78,2.37,2.36,-0.64,-0.25,-2.37,-5.03,-4.5
198309,3.56,1.63,0.74,0.24,3.16,1.36,4.12,-0.91,3.37,1.13
198310,-1.84,2.17,-2.37,-1.21,-1.73,-1.41,-2.48,-4.83,-5.74,-9.42
198311,4.46,1.11,3.41,2.83,2.55,3.63,3.92,0,3.65,5.33
198312,0.27,-1.2,-1.22,-1.01,-2.1,-2.88,0.07,-0.14,1.16,-2.73
198401,-1.89,-0.72,0.94,-0.69,-0.83,-0.71,-0.46,-0.98,-3,-6.66
198402,-5.59,-3.86,-4.75,-2.42,-3.21,-3.98,-4.06,-4.29,-4.12,-6.02
198403,-1.16,1.6,1.94,1.91,1.67,1.83,0.86,1.6,1.14,2.31
198404,-0.99,-0.07,-1.05,-1.39,1.13,0.78,0.44,-0.4,2.2,1.66
198405,-8.76,-5.45,-4.84,-4.16,-4.9,-5.43,-4.72,-4.58,-4.63,-5.46
198406,1.21,3.91,3.51,2.17,4.16,5.4,2.03,1.28,1.77,1.51
198407,-6.98,-5.16,-1.17,-3.14,-1.95,-0.23,-1.18,-2.51,-2.15,-2.14
198408,13.57,16.07,13.93,11.5,12.45,12.83,11.72,9.72,8.17,8.73
198409,-3.36,-0.74,-1.49,-2.85,0.32,0.06,-0.53,2.25,1.14,1.27
198410,-3.38,-3.11,-0.08,-0.37,0.39,-0.44,1.08,1.25,0.8,0.64
198411,-4.63,-1.1,-1.06,-0.2,-1.24,-0.99,-0.86,-1.04,-0.73,-1.29
198412,1.01,-0.11,2.2,3.72,2.35,1.56,2.81,2.36,3.06,2.67
198501,16.56,13.81,11.69,10.1,10.68,9.67,7.48,6.52,4.86,6.45
198502,0.31,1.39,0.37,1.15,2.06,2.1,1.47,1.29,2.9,2.94
198503,-0.99,-0.78,-0.5,-0.48,-0.47,2.58,-1.53,0.75,0.37,-0.54
198504,-3.42,-2.31,-1.56,0.86,-0.08,-0.67,-0.26,0.69,0.57,0.03
198505,-0.52,2.11,3.33,5.94,4.14,7.2,8.05,6.4,6.25,7.59
198506,-1.23,-0.15,1.83,1.27,-0.02,2.14,1.98,3.31,2.9,3.82
198507,2.84,5.47,2.36,1.48,2.24,0.33,-1.02,-2.71,-2.02,-1.54
198508,-2.98,-2.1,-0.77,-2.05,-0.91,0.2,0.09,1.22,0.37,-0.89
198509,-8.89,-5.32,-3.45,-3.1,-4.31,-2.89,-3.57,-2.85,-4.41,-5.05
198510,0.15,0.25,2.33,4.21,3.91,4.59,5.82,5.44,5.67,7.45
198511,6.85,7.68,8.49,8.32,6.65,6.97,5.8,5.66,6.94,7.99
198512,3.48,5.25,4.37,7.51,4.59,3.14,3.75,4.4,4.14,3.97
198601,-2.15,0.93,1.88,1.09,0.08,-1.31,0.43,2.36,2.53,4.55
198602,4.66,6.42,6.57,9.59,5.89,6.95,8.9,7.43,8.99,8.48
198603,2.39,1.32,5.19,4.73,3.77,5.81,5.54,6.7,8.29,5.83
198604,-0.85,-0.22,1.38,0.09,0.53,-2.1,-2.43,-0.24,-2.99,0.17
198605,4.85,5.24,4.15,1.86,4.16,4.89,5.6,5.66,7.72,6.72
198606,-4.38,-1.72,-0.29,-0.21,0.55,1.84,2.8,3.56,4.31,3.26
198607,-11.79,-8.78,-5.76,-4.59,-5.86,-4.22,-5.23,-4.92,-5.85,-7.51
198608,11.78,12.06,9.12,8.89,8.47,5.83,5.75,5.44,4.54,3.79
198609,-1.54,-2.88,-3.96,-5.16,-5.39,-9.05,-8.61,-11.21,-10.33,-11.46
198610,1.62,3.36,3.85,1.26,6.13,5.34,5.95,6.76,5.65,7.28
198611,0.35,-0.21,2.24,2.53,1.27,2.87,1.12,1.54,1.55,0.56
198612,-5.3,-3.88,-2.51,-3.81,-1.48,-2.7,-1.7,-3.01,-3.33,-2.19
198701,14.18,10.11,10.93,11.01,10.65,13.27,12.49,12.9,11.99,18.21
198702,8.3,8.14,6.25,5.89,6.82,5.34,2.29,2.79,3.21,5.27
198703,0.19,4.23,-1.44,1.05,0.15,3.37,0.92,1.83,2.32,4.09
198704,-5,-2.11,1.52,-3.22,-2.47,-3.09,-3.9,-2.34,-0.16,0.39
198705,1.26,2.47,0.66,-0.99,0.44,-0.4,1.51,-0.21,1.63,0.71
198706,1.96,4.48,4.93,4.77,5.87,4.39,4.35,4.59,4.73,3.76
198707,3.04,1.58,3,2.83,4.91,2.68,5.93,6.79,4.29,5.59
198708,3.12,5.04,5.52,5.27,3.13,3.27,4.15,3.44,3.64,4.11
198709,-2.99,-1.54,-1.5,-1.6,-5.54,-2.14,-1.65,-2.63,-0.95,-0.29
198710,-23.82,-15.83,-15.52,-18.65,-21.48,-23.77,-24.28,-20.53,-26.27,-26.74
198711,-5.91,-4.34,-5.71,-6.86,-8.63,-7.7,-8.06,-7.84,-8.68,-6.29
198712,2.02,4.04,4.62,6.48,6.78,6.27,6.61,8.24,8.21,8.06
198801,7.49,8.88,11.34,7.96,7.16,5.77,5.51,3.92,2.55,-2.09
198802,8.88,10.27,5.94,6.25,4.61,4.08,2.98,3.59,6.42,7.54
198803,0.19,-0.01,-0.37,-1.1,-4.15,-3.21,-1.17,-3.01,-1.88,0.17
198804,-0.25,0.02,-0.19,2.01,-0.29,-0.41,1.24,1.26,2.07,1.77
198805,-3.21,0.17,0.78,1.72,-0.61,-0.49,0.54,1.42,-0.4,-0.96
198806,9.77,8.06,8.76,4.02,5.04,4.43,4.82,3.55,4.41,3.96
198807,-2.39,-2.26,-1.09,-1.38,-0.11,-0.19,-0.56,-0.09,-0.62,-1.16
198808,-3.64,-3.32,-2.42,-4.07,-1.85,-2.38,-2.65,-2.03,-2.91,-3
198809,2.01,3.14,4.99,5.17,4.9,3.62,2.88,2.31,3.99,4.43
198810,0.6,1.03,0.95,2,3.1,0.7,2.66,0.85,3.57,1.79
198811,-4,-0.92,-2.14,-1.02,-1.94,-2.41,-0.73,-2.26,-1.27,-2.06
198812,2.53,3.42,1.84,2.28,1.81,1.94,1.81,1.44,2.91,2.13
198901,8.55,6.13,7.91,6.51,5.06,6.11,7.07,5.62,7.95,6.73
198902,-1.61,-1.32,-1.83,-2.07,-1.95,-2.84,-1.91,-1,-0.92,1.51
198903,-1.91,0.82,-0.12,1.99,3.28,2.05,0.75,4.39,3.4,4.58
198904,2.23,4.61,4.34,5.04,4.84,3.49,5.84,5.58,6,5.65
198905,3.4,5.2,1.31,3.84,3.75,5.55,3.41,4.17,5.23,5.38
198906,-3.39,-3.28,0.17,0.32,-0.02,-1.43,-0.64,-0.21,-0.41,-0.32
198907,-0.82,4.05,5.17,6.96,6.66,7.37,7.44,9.59,11.74,9.43
198908,1.02,3.43,3.23,2.93,3.89,2.61,0.42,1.68,1.13,2.15
198909,-3.1,-0.67,-2.33,-2.63,-0.3,-0.78,-0.39,-0.21,0.66,3.85
198910,-9.94,-7.65,-2.75,-3.55,-2.93,-3.08,-1.36,-2.08,-2.51,-4.34
198911,-2.59,-1.69,0.07,-0.13,1.51,2.47,4.23,1.62,2.51,1.26
198912,-1.12,-1.32,-1.27,2.13,2.47,1.87,3.79,3.52,2.37,-0.44
199001,-8.77,-3.9,-4.63,-6.41,-6.31,-7.07,-6.01,-6.57,-8.23,-10.96
199002,2.07,4.79,2.34,2.52,1.41,1.45,0.68,1.2,1.79,1.43
199003,1.5,1.89,2.79,2.9,0.11,1.18,2.08,2.08,3.23,3.87
199004,-7.62,-4.73,-3.87,-3.78,-2.15,-2.9,-2.65,-2.47,-2.31,-1.57
199005,4.13,8.78,7.86,8.41,9.56,7.33,8.66,9.06,8.46,13.28
199006,-2.36,-3.68,-2.32,-1.67,-0.69,-1.48,-0.88,-1.6,1.28,1.68
199007,-9.27,-7.72,-6.74,-3.48,-1.66,-1.44,-0.88,0.22,1.38,-1.76
199008,-16.37,-12.51,-10.32,-10.87,-9.3,-9.67,-9.66,-7.64,-8.4,-10.3
199009,-13.56,-12.85,-10.89,-7.66,-8.43,-2.64,-2.29,-4.28,-4,-6.54
199010,-11.16,-8.95,-6.47,-3.47,-3.71,0.17,0.55,0.72,0.34,-0.9
199011,13.66,13.99,12.4,7.48,7.78,8.36,6.75,5.72,5.33,5.5
199012,-0.7,3.03,5.78,4.06,6.23,4.07,3.63,2.83,2.07,1.69
199101,8.59,13.88,13.26,9.79,5.13,6.25,3.93,1.2,2.38,6.05
199102,20.67,15.13,10.88,5.68,7.86,7.35,6.99,5.64,6.53,9.34
199103,5.86,4.98,0.17,1.68,2.39,1.4,2.38,3.08,1.87,6.5
199104,-1.64,2.52,4.11,0.25,-0.52,1.64,0.74,0.78,-0.72,-1.47
199105,1.49,7.04,6.55,3.16,4.16,3.86,2.99,4.04,4.06,4.05
199106,-4.19,-5.41,-5.79,-4.75,-5.25,-4.67,-4.53,-3.7,-3.39,-4.63
199107,1.83,3.41,2.78,3.19,3.62,3.18,2.55,5.74,7.73,7.76
199108,5.7,4.5,2.89,0.52,2.25,2,0.97,3.29,3.65,5.83
199109,-6.32,-2.6,-0.47,-1.79,-0.53,-0.68,-1.2,-2.28,-1.1,0.66
199110,0.75,-1.87,1.17,1.46,2.05,0.37,2.28,3.01,1.62,3.84
199111,-8.42,-5.26,-5.17,-2.61,-2.94,-2.55,-3.13,-0.69,-5.29,-5.39
199112,2.6,4.07,9.7,8.77,8.41,10.68,14.72,13.91,14.57,17.71
199201,5.72,1.24,2.52,0.24,-1.56,-1.66,-3.34,-0.62,-2.27,2.45
199202,1.88,5.76,1.23,1.85,0.16,1.08,0.46,2.07,1.67,0.84
199203,-5.38,-1.69,-2.7,-1.11,-1.66,-1.57,-1.19,-2.9,-2.79,-4.04
199204,0.48,5.5,2.15,3.71,2.41,2.99,0.79,0.29,-1.19,-2.47
199205,3.47,1.83,-0.59,-0.2,0.07,0.52,-0.19,1.93,0.97,2.31
199206,-5.67,-3.4,-1.04,-1.18,-0.39,-1.07,-0.8,-3,-4.38,-4.1
199207,2.58,4.22,2.97,3.37,4.46,4.53,5.05,3.9,4.5,4.06
199208,-3.44,-2.09,-2.1,-0.38,-2.01,-0.55,-3.45,-2.67,-2.6,-4.52
199209,-0.21,0.1,2.15,0.6,2.19,1.1,1.56,0.16,2.31,4.3
199210,2.31,0.16,-0.94,1.47,0.27,0.79,-0.45,2.26,2.53,5.29
199211,7.73,4.25,4.41,3.94,4.05,1.79,4.28,4.5,3.79,8.5
199212,-1.54,-2.87,-0.24,1.61,2.77,1.7,2.79,1.08,2.31,6.06
199301,1.36,-3.52,-1.94,0.23,0.34,1.01,2.5,1.94,4.75,6.36
199302,-2.35,-1.79,-2.51,-2.48,0.49,3.11,1.86,1.14,2.27,-0.68
199303,-2.88,0.95,1.87,0.83,2.47,3.49,1.09,3.51,5.07,4.71
199304,-5.92,1.2,-5.72,-1.52,-2.85,-2.43,-2.68,-2.47,-3.89,-3.24
199305,5.6,3.48,2.87,2.88,1.27,1.76,1.31,4.74,3.11,8.1
199306,-2.87,-3.67,-1.04,-1.96,0.03,0.42,3.33,2.88,3.22,3.03
199307,-5.53,-1.17,-1.82,-0.13,0.55,-0.25,-0.25,3.08,1.32,0.74
199308,2.96,4.57,3.22,3.11,2.27,4.05,2.4,5.21,4.2,8.6
199309,-3.02,-1.3,-1.07,-1.12,-0.62,0.9,0.91,0.09,0.42,4.88
199310,9.5,3.8,2.82,1.34,-1.07,-0.09,0.59,1.41,0.58,0.86
199311,4.42,2.84,0.25,-1.37,-2.31,-3.8,-3.02,-2.47,-4.05,-4.81
199312,0.76,-1.38,1.67,1.9,3.01,2.12,2.17,2.51,2.23,3.06
199401,6.69,3.94,2.78,0.96,3.11,2.06,3.02,3.45,3.08,4.81
199402,-1.54,-1.67,-2.68,-3.27,-2.15,-2.31,-2.44,-2.52,-2.74,-1.18
199403,-4.89,-4.17,-4.24,-2.89,-4.27,-3.89,-5.07,-4.65,-5.36,-5.48
199404,-1.48,0.41,1.68,2.35,1.46,2.02,0.4,1.12,-1.01,0.32
199405,1.46,1.61,1.48,0.64,1.79,1.07,1.32,0.5,0.55,-2.35
199406,-4.33,-1.38,-2.18,-1.64,-3.32,-3.04,-1.6,-2.16,-3.48,-6.1
199407,3.01,3.7,2.46,3.29,2.13,4.65,4.44,1.86,2.1,2.51
199408,5.37,5.12,2.75,3.12,2.19,4.37,4.02,5.66,5.78,8.45
199409,-1.2,-2.33,-2.6,-2.79,-2.15,-2.17,-2.08,-2.18,-1.93,0.82
199410,-0.48,1.59,1.52,2.58,2.06,1.98,1.04,0.58,2.44,2.95
199411,-3.19,-3,-2,-3.68,-4.69,-3.74,-3.51,-2.49,-4.39,-5.32
199412,-2.17,-1.11,1.01,-0.17,1.77,2.58,1.74,0.68,2.46,1.5
199501,1.68,1.95,4.21,3.77,2.71,1.78,3.71,2.95,0.87,-1.83
199502,3.14,5.03,4.69,5.54,3.04,4.55,3.93,3.45,2.99,4.23
199503,0.38,3.38,3.37,3.07,2.25,1.73,2.59,2.46,2.07,3.98
199504,2.58,0.86,0.09,1.34,1.83,2.5,2.67,2.88,2.53,4.72
199505,2.13,3.9,4.18,3.55,3.15,4.41,3.5,4.16,2.83,2.67
199506,7.05,2.02,2.61,2.45,0.84,1.61,1.14,2.4,3.82,7.21
199507,5.79,4.27,2.85,3.06,4.23,3.11,4.11,2.16,4.35,6.54
199508,1.25,-0.36,2.27,2.18,0.71,1.7,1.42,-0.12,0.73,0.74
199509,-1.64,1.86,2.49,4.22,2.39,3.82,4.29,4.72,5.65,3.27
199510,-7.42,-7.34,-3.33,-3.83,-1.09,-0.9,0.35,0.23,0.31,-0.34
199511,4.91,7.57,5.03,5.63,5.44,4.21,3.94,5.38,4.02,1.3
199512,-2.49,-0.62,1.03,2,2.3,3.01,1.55,2.21,2.82,-1.42
199601,0.21,1.72,1.66,0.55,1.16,1.71,4.01,3.11,3.99,2.69
199602,4.46,2.53,0.96,1.82,0.98,1.69,-0.03,1.2,3.14,3.55
199603,4.37,3.43,2.94,2.22,1.22,0.72,1.4,0.82,0.14,0.47
199604,10.25,3.63,5.73,2.96,1.71,0.26,0.66,1.69,0.5,6.35
199605,0.95,3.39,2.57,3.48,1.7,1.53,2.06,3.81,2.32,5
199606,-6.89,-2.86,-1.23,0.82,-1.77,0.01,1.41,1.46,-1.57,-4.12
199607,-11.4,-7.51,-6.14,-3.89,-5.27,-4.15,-3.54,-4.42,-4.71,-10.83
199608,4.53,4.33,5.13,3,4.37,2.85,1.89,2.78,1.65,5.79
199609,5.16,2.84,3.29,4.99,3.64,3.9,5.48,5.48,6.56,8.02
199610,-7.82,-4.05,-0.6,2.67,1.48,4.21,2.55,3.71,2.94,-1.03
199611,11.86,8.41,4.99,6.34,7.32,5.9,8.52,8.02,6.12,1.59
199612,0.71,-1.1,-0.32,0.38,-0.63,-0.7,-2.73,-2.05,-2.75,0.84
199701,3.09,2,4.44,3.2,3.11,3.54,5.8,7.69,6.15,9.1
199702,-2.96,0.07,0.66,1.64,1.22,1.03,2.74,0.78,-1.6,-6.85
199703,-7.84,-4.16,-3.63,-5.28,-2.81,-2.6,-4.99,-3.43,-6.39,-4.43
199704,-2.87,1.56,-0.24,1.49,2.66,2.86,5.93,6.93,6.93,8.97
199705,17.49,12.34,10.87,6.4,5.48,7.13,5.82,7.24,5.34,6.13
199706,1.44,1.79,6.07,3.67,3.07,3.62,3.89,4.36,5.93,4.51
199707,4.12,4.6,5.28,7.65,4.49,8.3,5.77,6.71,7.47,15.24
199708,1.55,1.38,-2.15,-2.33,-2.48,-3.27,-4.23,-6.58,-6.73,-2.68
199709,4.1,6.84,5.36,4.69,4.93,6.72,5.02,4.93,6.23,6.92
199710,-5.99,-4.89,0.28,-3.37,-1.43,-3.44,-2.83,-3.04,-1.64,-7.87
199711,-1.8,2.81,5.27,5.53,2.8,5.19,4.28,3.31,1.76,1.17
199712,-2.9,0.01,2.08,2.41,1.45,1.22,3.34,5.4,0.75,1.4
199801,0.05,-0.6,-0.46,-1.34,0.8,-0.74,2.24,-0.47,1.29,2.62
199802,8.43,8.5,8.09,8.04,7.4,8.84,5.22,6.4,6.42,9.82
199803,4.52,2.72,4.49,3.6,5.04,5.52,5,6.08,5.62,6.51
199804,4.66,-0.76,0.38,0.28,1.79,-1.09,-0.01,2.1,0.42,5.53
199805,-8.58,-4.5,-2.7,-2.49,-2.09,-1.73,-2.22,-2.62,0.1,-3.46
199806,-3.67,-1.44,0.46,1.79,0.66,2.15,7.22,3.24,5.37,9.61
199807,-7.21,-5.54,-1.63,-2.56,-4.19,-4.06,-0.68,-1.61,-1.09,0.94
199808,-21.69,-19.08,-12.82,-14.51,-17.71,-16.11,-14.12,-13.85,-13.59,-16.85
199809,14.01,8.34,8.39,9.5,6.96,5.74,3.69,6.84,3.56,8.53
199810,13.29,11.4,9.8,8.51,6.61,10.83,8.23,9.5,7.74,4.21
199811,3.54,2.97,8.93,7.73,5.96,6.73,4.09,6.76,5.16,7.53
199812,-1.01,0.96,-2.2,-1.48,1.86,1.9,4.23,4.53,5.9,12.99
199901,2.13,1.5,-1.11,-1.49,1.91,-0.25,1.18,1.3,0.63,9
199902,-6.92,-5.56,-3.66,-2.17,-4.63,-0.6,-2.54,-2.27,-4.98,-4.65
199903,10.59,3.32,2.63,2.6,3.06,-0.46,2.26,2.46,2.62,5.67
199904,17.86,13.06,14.66,11.79,11.98,9.92,5.72,10.37,4.03,-0.84
199905,7.25,4.83,3.95,1.13,-0.19,0.03,-0.51,-0.89,-3.33,-2.91
199906,1.43,4.92,2.42,1.17,0.83,-0.08,3.68,1.29,5.48,8.57
199907,-4.05,-4.73,-1.97,-3.58,-3.45,-2.91,-5.01,-4.09,-2.25,-1.69
199908,-5.31,-4.57,-1.27,-4.14,-4,0.08,-2.09,0.26,-1.94,0.99
199909,-6.32,-5.38,-9.78,-6.89,-6.69,-3.72,-1.87,-0.38,-1.41,0.16
199910,-4.21,1.11,1.18,4.91,9.61,5.3,4.69,7.92,7.39,5.97
199911,2.81,4.7,-0.96,-1.76,-2.96,-0.88,0.71,0.02,1.04,10.42
199912,-0.34,2.36,-2.65,-3.92,-1.26,-2.63,-4.77,2.8,3.17,21.8
200001,-4.4,-2.99,-5.77,-3.83,-2.76,-0.66,-1.28,-3.14,-8.84,-2.71
200002,-3.09,-6.75,-8.8,-6.27,-10.57,-4.14,-6.12,-3.43,-2.91,23.07
200003,8.66,13.46,13.62,9.62,9.17,12.01,11.21,8.57,13.24,-0.67
200004,-2.27,0.56,4.4,2.24,-0.57,-2.71,-11.89,-0.92,-4.2,-8.8
200005,1.15,5.15,5.98,4.28,-0.8,1.82,2.6,-3.28,-3.16,-11.49
200006,-5.17,-5.39,-5.5,-2.73,6.98,-3.51,-3.08,3.25,3.45,13.22
200007,-4.71,0.94,-6.06,-0.01,-3.68,-0.84,0.46,1.31,-0.49,-3.25
200008,6.95,8.14,3.42,4.34,3.07,4.2,3.12,4.68,5.82,14.11
200009,-12.52,-1.7,-7.79,3.79,-2.65,2.72,1.7,0.72,-1.38,-11.75
200010,-8.36,4.95,2.67,7.72,0.75,1.31,0.19,-1.32,-2.13,-7.8
200011,-23.76,-8.67,-3.5,-3.5,0.26,-8.79,-3.51,-7.04,-9.57,-24.57
200012,-10.82,0.33,0.32,6.79,1.14,7.26,-3.36,2.94,3.11,5.93
200101,35.57,26.08,5.98,11.33,3.68,-3.74,0.37,-2.67,-6.76,-6.46
200102,-19.83,-21.24,-11.42,-8.05,-5.11,-12.04,-3.91,-1.7,-4.54,-4.29
200103,-17.59,-10.71,-6.77,-7.05,-4.01,-6.11,-5.08,-3.34,-3.77,-2.9
200104,15.11,17.49,10.26,6.91,7.48,2.73,3.74,3.44,4.39,5.62
200105,-5.83,0.67,1.15,1.91,2.42,1.43,4.28,2.69,1.83,3.26
200106,0.01,-1.67,-2.34,-4,-0.47,-0.98,-2.92,-1.67,-2.39,1.09
200107,-6.75,-4.27,-1.46,-0.74,-0.99,-0.64,1.88,1.67,0.46,-2.89
200108,-14.36,-7.63,-6.5,-6.3,-4.04,-2.59,-1.77,-1.96,-3.97,-3.48
200109,-22.83,-13.88,-11.23,-6.01,-4.18,-2.96,-4.16,-6.05,-4.98,-7.37
200110,15.29,4.79,1.53,2.14,0.05,1.29,-0.07,-0.05,-0.09,0.98
200111,20.23,11.38,8.12,5.95,5.45,4.94,5.7,3.72,5.49,4.88
200112,-0.68,0,0.16,1.99,2.22,4.48,2.34,2.64,3.57,4.9
200201,-1.37,-2.29,-3.3,-1.56,-0.97,-2.08,1,-0.36,-2.02,-0.27
200202,-17.76,-3.24,-1.15,-0.33,-0.05,-1.59,2.16,0.44,0.28,-2.24
200203,7.91,3.69,5.29,2.85,4.5,4.7,3.88,3.83,5.87,5.91
200204,-13.8,-10,-8.14,-7.01,-5.08,-1,-1.57,1.18,-0.58,-0.43
200205,-5.78,-1.48,-1.02,-0.71,0.24,-1.65,0.85,-2.32,0.9,-2.45
200206,-14.62,-8.41,-4.33,-7.4,-8.69,-7.01,-3.24,-6.49,-2.66,-3.56
200207,-6.66,-10.38,-9.61,-6.45,-7.13,-7.9,-5.64,-6.86,-6.53,-11.82
200208,4.48,-2.51,0.86,1.8,1.57,0.87,2.53,0.59,1.93,1.38
200209,-15.97,-16.04,-13.5,-11.66,-8.33,-8.48,-7.07,-7.41,-4.58,-3.07
200210,19.25,9.36,11.43,9.12,3.9,3.92,5.14,4.24,5.1,5.02
200211,22.36,11.67,8.33,4.94,2.85,1.62,3.06,0.19,-2.97,2.24
200212,-14.06,-12.16,-8.23,-7.96,-1.32,-3.36,-3.35,-1.12,0.13,-1.74
200301,-3.93,-1.6,-3.23,-2.26,-3.59,-3.14,-2.76,-2.38,-0.83,-1.04
200302,0.75,-2.54,-2.09,-3.06,-1.86,-0.59,-2.85,-2.42,-1.27,0.3
200303,0.33,0.35,-1.49,1.39,1.4,2.6,0.87,1.04,0.95,3.74
200304,19.79,17.1,12.32,13.13,7.37,5.31,7.15,5.3,5.67,4.63
200305,21.9,12.52,13.78,9.71,6.3,4.53,4.67,1.63,5.27,7.05
200306,2.16,4.45,1.5,2.22,1.41,0.71,-0.12,1.9,1.42,1.91
200307,5.34,4.65,3.36,3.74,1.31,1.04,0.82,3.81,1.75,3.26
200308,3.75,4.33,2.32,1.69,0.71,4.79,1.61,1.37,2.66,4.01
200309,-0.57,-1.13,-0.63,-0.66,0.38,-2.43,-2.58,-1.58,-1.31,-1.79
200310,3.84,4.85,5.46,4.68,1.47,6.54,7.42,7.77,8.37,11.76
200311,0.52,1.85,0.26,2.01,1.75,0.22,1.14,1.18,4.11,3.24
200312,8.99,7.57,5.98,4.99,4.82,3.41,3.96,1.48,1.75,-1.24
200401,2.5,1.02,0.94,3.96,0.88,2.26,2.17,2.11,3.28,3.66
200402,2.08,1.18,1.46,2.51,2.57,1.82,0.9,2.47,-0.58,-0.09
200403,-1.82,-2.86,-1.04,0,-2.04,0.07,-1.14,-0.64,0.4,-1.33
200404,2.63,-0.19,0.14,-1.51,-1.29,-3.46,-3.12,-5.93,-3.83,-7.7
200405,-0.17,0.79,1.88,1.92,-0.5,1.89,3.59,0.42,2.41,2.75
200406,1.16,1.93,1.7,1.19,-0.32,2.2,4.13,4.52,5.19,1.81
200407,-4.41,-2.74,-2.11,-4.89,-1.91,-2.99,-5.88,-5.76,-6.66,-8.79
200408,-0.06,1.49,0.08,0.7,-0.42,0.96,-0.9,-0.07,-0.69,-1.9
200409,2.21,-0.98,-0.75,0.93,0.32,0.78,4,4.61,6.68,7.34
200410,5.63,2.52,1.28,1.17,2.13,-1.01,0.84,0.26,2.29,2.36
200411,4.38,1.31,3.76,5.63,3.9,4.38,5.8,6.15,7.24,9.93
200412,7.38,2.96,4.69,4.96,3.41,3.54,3.06,2.32,1.02,2.04
200501,-6.81,-2.4,-2.84,-1.89,-1.76,-1,-2.45,0.18,-2.3,-3.99
200502,4.13,0.41,-0.81,0.15,0.42,0.98,8.21,3.92,2.45,5.43
200503,-2.9,-3.01,-1.74,-2.17,-0.87,-0.73,-1.16,-2.36,-0.97,-1.5
200504,-3.26,-0.77,-2.71,-2.73,-0.98,-1.35,-2.07,-1.91,-5.01,-6.59
200505,5.88,5.35,1.84,2.89,4.26,4.15,1.49,4.62,3.13,6.39
200506,0.3,-0.02,0.19,0.27,-0.62,-0.54,0.29,1.74,3.05,5.6
200507,7.07,4.17,3.49,4.54,2.47,4.25,3.25,3.64,5.83,5.96
200508,-3.05,-3.4,0.46,-1.48,-2.35,-0.32,-0.42,-0.15,1.89,1.16
200509,-2.2,-0.51,-0.12,-1,0.93,2.48,0.85,2.38,3.2,3.9
200510,0.64,-0.58,-0.43,-0.19,-0.29,-3.47,-5.11,-1.71,-4.37,-2.82
200511,3.5,3.92,3.52,4.68,4.66,2.79,3.72,5.54,3.45,3.21
200512,0,1.13,-1.38,-0.69,-0.11,-0.41,0.84,-0.17,1.39,1.8
200601,6.72,3.93,2.28,-1.18,1.67,2.56,3.38,2.81,6.14,9.96
200602,-1.2,0.64,1.36,0.58,1.73,-0.08,1.71,0.01,-0.42,-5.62
200603,2.25,1.95,2.61,0.61,0.65,0.76,1.4,2.13,2.53,4.89
200604,0.68,-0.08,1.46,1.85,2.04,0.42,0.82,0.93,0.72,1.66
200605,-1.38,-1.6,-1.07,-2.08,-2.89,-3.53,-4.12,-4.14,-5.57,-7.98
200606,-0.33,-0.89,-0.91,0.54,-0.01,1.06,0.32,0.56,1.23,-0.88
200607,-4.87,1.96,0.08,-1.58,1.38,1.95,0.64,-0.51,-3.39,-6.4
200608,6.69,2.4,4.27,3.85,4.32,1.31,1.84,1.41,0.83,-2.25
200609,2.27,2.08,3.43,2.66,3.23,1.25,1.79,1.41,2.57,1.94
200610,5.72,4.7,3.71,4.35,3.17,3.54,1.37,4.71,2.77,6.62
200611,5.49,3.3,1.82,2.84,1.3,0.19,2.34,1.89,2.97,2.21
200612,-0.81,-0.37,0.68,1.77,2.78,2.18,0.85,0.77,1.36,0.91
200701,2.76,2.58,0.97,0.44,2.07,1.92,1.55,2.72,1.61,3.15
200702,-0.26,1.26,-1.74,-0.4,-2.55,-0.56,-1.71,-2.68,-1.78,-2.8
200703,-1.15,-0.56,0.56,0.51,0.34,-0.03,1.45,2.34,3.8,1.79
200704,3.54,4.98,4.5,3.47,4.93,4.5,3.08,4.54,4.23,2.15
200705,3.25,3.99,3.47,4.01,2.82,4.47,3.03,4.1,2.95,5.41
200706,-2.88,-2.62,-0.13,-1.4,-1.92,-1.03,-1.82,-1.22,-1.72,-1.42
200707,-4.36,-5.08,-5.93,-3.62,-2.38,-4.07,-4.58,-1.19,-2.81,-1.5
200708,-1.1,2.48,2.16,1.07,1.12,0.55,1.53,2.05,2.16,1.79
200709,2.34,0.76,1.13,1.8,2.52,3.59,4.58,5.57,4.48,7.89
200710,-1.28,-0.9,-1.47,-0.11,4.95,0.84,3.73,3.49,1.42,7.93
200711,-13.39,-8.53,-3.83,-4.29,-5.99,-2.28,-2.53,-3.45,-5.59,-5.67
200712,-6.85,-6.69,-5.92,-3.78,-2.36,-0.66,0.24,2.36,0.91,4.3
200801,3.18,-0.74,-3.27,-0.12,-1.87,-4.58,-6.43,-7.16,-8.74,-13.39
200802,-12.5,-7.9,-8.07,-7.44,-1.62,-2.43,-2.62,-3.51,-0.13,2.51
200803,-9.72,-5.47,-4.07,-0.2,-1.75,-1.71,1.37,1.22,-0.55,-0.24
200804,8.13,7.95,5.5,4.83,4.79,1.1,0.77,4.79,5.31,11.12
200805,-2.44,-0.67,-0.71,0.88,-0.51,3.2,2.34,1.96,1.78,7.02
200806,-20.48,-18.18,-16.64,-12.45,-9.46,-10.11,-9.27,-6.89,-4.76,-0.27
200807,2.15,-0.54,7.63,4.1,2.33,3.45,-1.3,0.64,-3.54,-9.89
200808,-4.93,3.09,6.85,2.42,3.25,2.39,3.12,0.81,0.61,-2.79
200809,-23.12,-12.6,-7.04,-9.76,-7.32,-6,-2.74,-7.15,-12.43,-15.2
200810,-26.12,-24.85,-23.31,-18.37,-13.95,-16.93,-15.55,-14.37,-16.61,-14.95
200811,-20.26,-17.24,-12.59,-5.44,-9.14,-1.93,-4.77,-5.42,-8.66,-8.58
200812,3.87,9.04,4.39,3.49,1.7,1.51,2.23,-0.74,0.65,0.78
200901,-8.32,-10.74,-6.56,-7.35,-12.49,-8.27,-5.18,-8.03,-5.98,-12.01
200902,-25.63,-16.61,-7.76,-16.59,-8.66,-8.6,-9.72,-9.49,-11.28,-4.55
200903,44.59,14.13,13.91,11.57,12.44,10.5,9.78,8.9,4.25,4.83
200904,45.46,35.5,33.78,21.66,20.81,15.53,9.73,4.51,2.97,-0.12
200905,21.48,17.38,10.43,10.96,9.33,6.94,1.88,4.52,1.1,2.3
200906,-6.22,-1.72,-6.98,-0.88,-0.2,0.81,2.04,0.53,2.01,3.02
200907,12.17,11.77,11.06,10.91,10.08,8.17,5.94,6.3,6.77,5.66
200908,25.59,9.52,4.41,5.29,3.41,3.78,2.15,2.41,2.08,0.21
200909,8.7,9.13,6.05,5.04,3.75,5.39,2.75,2.71,3.32,5.05
200910,-13.22,-6.59,-3.89,-1.51,-2.64,-0.95,-1.42,-1.8,-0.74,-4.08
200911,5.02,7,5.21,5.85,4.84,5.5,4.92,4.65,5.68,6.41
200912,1.4,-1.36,2.03,3.19,3.19,3.8,4.15,4.62,5.37,5.53
201001,1.99,-2.06,0.28,-2.49,-2.36,-4.12,-4.75,-6.05,-7.73,-6.7
201002,1.43,1.53,1.88,1.57,3.16,4.72,5.6,4.09,5.97,8.45
201003,4.64,5.22,4.43,5.02,5.41,5.3,8.54,11.29,10.23,8.71
201004,0.67,0.75,2.7,-0.2,1.3,1.88,2.4,6.02,3.69,7.05
201005,-9.02,-7.51,-7.76,-6.52,-8.03,-8.88,-8.07,-8.27,-7.37,-9.91
201006,-6.66,-3.91,-3.44,-3.42,-5.24,-7.83,-7.34,-6.7,-6.63,-10.93
201007,6.87,7.33,7.18,5.7,5.62,6.59,8.75,8.08,7.71,10.24
201008,-3.87,-4.54,-4.39,-6.23,-4.05,-4.8,-3.37,-4.42,-6.04,-5.29
201009,11.79,8.64,9.65,8.6,9.75,7.39,9.49,9.78,12.6,13.77
201010,3.46,2.66,1.66,5.77,3.78,4.43,2.67,2.93,5.17,5.49
201011,-0.68,-0.26,0.49,-1.35,0.56,0.48,0.05,2.45,1.6,6.22
201012,13.62,8.43,6.74,6.62,7.26,5.09,5.5,6.65,5.93,4.37
201101,4.09,3.05,0.71,3.37,2.76,0.23,2.02,-0.89,2.55,0.64
201102,1.37,0.84,3.15,4.22,3.2,5.75,5.76,3.79,3.45,4
201103,-2.13,-0.9,-0.42,-0.36,1.7,0.64,0.36,1.47,1.26,2.93
201104,-0.12,4.21,2.39,1.63,3.58,3.66,3.91,2.75,1.51,3.24
201105,-3.57,-1.05,0.18,-1.63,-0.85,-0.88,-1.4,-1.68,-1.45,-2.93
201106,-5.33,-1.25,-2.63,-1.78,-1.25,-1.61,-1.47,-1.93,-0.98,0.04
201107,-4.13,-1.46,-1.07,-3.92,-4.18,-0.19,-3.3,-3.41,-1.78,-1.58
201108,-13.87,-7.8,-3.84,-4.92,-4.64,-3.81,-5.96,-6.23,-8.35,-8.12
201109,-11.81,-6.88,-7.07,-5.6,-6.57,-7.13,-6.24,-9.78,-7.68,-15.91
201110,15.76,16.96,13.37,12.52,11.43,8.54,11.26,9.18,10.13,14.96
201111,-7.69,-4.22,-1.04,-1.92,1.09,0.61,-0.36,1.91,1.37,-1.45
201112,-3.28,-1.83,-2.09,1.66,-0.74,2.63,1.81,-0.05,1.67,-1.12
201201,18.47,10.87,10.54,7.54,8.57,3.79,3.06,2.19,3.51,2.72
201202,6.63,4.95,4.74,3.81,3.7,5.1,3.67,2.68,5.66,5.69
201203,4.57,1.67,2.31,1.89,3.52,1.56,2.38,3.26,4.08,5.09
201204,-6.34,-6.18,-1.54,-2.19,-1.62,-0.79,-0.13,-0.06,0.29,0.34
201205,-13.15,-12.77,-11.13,-8.37,-6.69,-6.41,-5.62,-2.07,-5.06,-4.84
201206,3.51,2.67,4.91,3.97,3.45,4.46,6.12,3.55,4.08,1.91
201207,-2.03,-2.36,-0.4,0.4,-0.21,1.02,1.66,-0.59,1.73,2.56
201208,2.18,5.81,4.48,3.91,4.95,3.24,2.31,1.33,-0.47,3.88
201209,3.64,4.34,4.12,3.56,1.27,1.13,3.35,2.24,2.91,2.21
201210,-4.08,-0.49,-0.28,-1.22,-0.74,-1.67,-3.13,-0.97,-0.68,-6.03
201211,-1.52,0.43,0.1,1.22,0.4,-0.06,1.24,0.91,0.96,1.44
201212,6.18,3.75,3.34,1.96,2.46,-0.36,0.44,0.52,-0.25,1.8
201301,9.5,7.53,6.35,5.77,6.03,6.98,5.34,6.04,0.87,5.91
201302,-1.03,-0.58,0.24,0.73,1.49,2.05,1.77,1.34,1.76,1.98
201303,5.6,2.31,4.61,3.45,3.85,4.63,2.93,4.9,5.46,5.53
201304,0.87,3.14,-0.17,1.21,1.91,2.3,1.33,2.28,1.25,-0.09
201305,4.16,3.61,4.28,1.77,3.2,2.58,1.41,2.7,2.58,4.74
201306,-6.37,-2,0.05,-0.3,-1.49,-0.93,0.5,0.07,-2.6,-4.22
201307,11.98,3.13,3.74,4.13,6.2,5.62,5.61,4.86,8.04,10.09
201308,2.88,-3.2,-3.68,-2.69,-1.6,-3.65,-3.63,-2.86,-3.29,-2.47
201309,1.04,1.92,3.23,3.13,3.76,5.04,4.17,5.12,5.03,7.44
201310,3.79,3.42,3.13,7.01,5.02,3.97,4.2,4.13,3.72,2.47
201311,3,2.41,2.87,3.23,3.87,3.4,2.26,3.45,4.03,3.45
201312,2.74,3.61,1.82,1.58,2.66,1.59,3.48,2.18,4.01,2.57
201401,-3.98,-4.59,-5.38,-2.76,-3.9,-2.95,-3.85,-3.32,-1.98,1.29
201402,5.04,3.27,4.02,3.91,4.25,4.07,4.24,5.59,7.79,6.29
201403,1.58,2.33,1.82,1.65,2.71,1.29,0.8,0.26,-2.41,-6.06
201404,1.28,2.84,2.02,2.02,2.16,-1.92,-1.11,-2.44,-1.81,-3.41
201405,1.68,-0.69,1.22,1.65,1.52,2.97,3.09,2.42,2.96,3.89
201406,5.94,1.64,3.19,1.14,2.61,2.2,2.36,2.27,3.11,5.46
201407,-2.98,-0.55,-1.64,-2.18,-1.83,-2.81,-2.65,-2.33,-2.58,-0.67
201408,5.11,4.64,3.93,4.37,4.15,3.83,4.08,4.09,4.07,5.44
201409,-7.06,-3.31,-1.97,-1.28,-2.14,-1.67,-1.77,-1.49,-2,-2.35
201410,2.2,3.14,2.1,0.82,3.12,3.39,3.45,3.35,1.23,2.07
201411,-1.21,-0.26,2.74,2,3.04,0.34,3.16,2.23,3.09,4.11
201412,-2.02,-1.15,-0.69,-0.02,-0.13,0.84,1.4,0.04,0.67,-2.34
201501,-7.68,-5.16,-3.56,-4.56,-4.2,-4.87,-4.46,-2.48,-2.99,0.77
201502,10.9,8.58,7.29,7.46,7.31,6.04,4.52,5.78,4.88,6.26
201503,-4.77,-2.03,-2.24,-1.17,-1.53,-1.45,-1.58,0.01,-0.4,-0.92
201504,11.36,5.57,3.77,3.09,2.31,1.25,1.28,-0.76,-1.32,-2.54
201505,-7.86,-3.67,-1.44,0.28,0.32,2.04,2.15,2.57,2.69,4.73
201506,-5.91,-3.01,-3.22,-2.5,-1.6,-2.19,-0.79,-1.6,0.18,-0.55
201507,-18.48,-8.34,-5.07,3.05,1.7,1.28,2.87,3.76,4.85,1.99
201508,-2.36,-6.04,-3.82,-5.77,-6.54,-6.2,-6.53,-6.46,-6.38,-6.66
201509,-15.56,-7.81,-4.36,-4.46,-2.39,-0.92,-2.71,-3.01,-2.34,-3.4
201510,11.42,10.61,9.75,5.43,9.21,7.06,8.58,6.34,6.67,6.94
201511,-4.42,-0.18,-0.69,-0.4,0.66,1,0.74,1,0.84,1.35
201512,-4.38,-6.58,-5.62,-2.17,-2.56,-3.44,-1.05,-0.67,-0.73,-1.22
