This file was created by CMPT_EP_CFP_OP_INV_NI_AC_RETS using the 201712 CRSP database.,,,,,,,,,,,,,,,,,,
It contains value- and equal-weighted returns for portfolios formed on INV.,,,,,,,,,,,,,,,,,,
,,,,,,,,,,,,,,,,,,
The portfolios are constructed at the end of June.  INV, investment, is the change,,,,,,,,,,,,,,,,
in total assets from the fiscal year ending in year t-2 to the fiscal year ending in t-1,,,,,,,,,,,,,,,,,,
divided by t-1 total assets.,,,,,,,,,,,,,,,,,,
,,,,,,,,,,,,,,,,,,
Annual returns are from January to December.,,,,,,,,,,,,,,,,,,
,,,,,,,,,,,,,,,,,,
Missing data are indicated by -99.99 or -999.,,,,,,,,,,,,,,,,,,
,,,,,,,,,,,,,,,,,,
The break points include utilities and include financials.,,,,,,,,,,,,,,,,,,
,,,,,,,,,,,,,,,,,,
The  portfolios  include utilities and include financials.,,,,,,,,,,,,,,,,,,
,,,,,,,,,,,,,,,,,,
,,,,,,,,,,,,,,,,,,
  Value Weight Returns -- Monthly,,,,,,,,,,,,,,,,,,
,Lo 30,Med 40,Hi 30,Lo 20,Qnt 2,Qnt 3,Qnt 4,Hi 20,Lo 10,2-Dec,3-Dec,4-Dec,5-Dec,6-Dec,7-Dec,8-Dec,9-Dec,Hi 10
196307,-1.23,0.55,0.11,-1.14,-0.34,0.66,0.17,0.62,-2.07,-0.15,-1.42,0.37,1.17,0.38,0.51,-0.55,0.5,0.97
196308,6.03,4.78,6.07,6.22,5.22,5.11,4.65,6.72,5.37,7.11,5.62,4.95,5.57,4.87,4.39,5.22,6.32,7.83
196309,-1.16,-1.4,-0.63,-1.15,-0.97,-2.81,-0.13,-1.16,-0.67,-1.65,-1.16,-0.84,-2.67,-2.88,-0.23,0.09,-0.94,-1.77
196310,2.1,1.83,6.69,2.48,0.98,0.55,4,7.83,2.79,2.15,1.27,0.78,0.79,0.43,3.44,5.18,8.86,4.95
196311,0.08,0.14,-2.59,0.52,-1.13,-1.1,0.9,-3.82,1.98,-1,-0.91,-1.27,-1.68,-0.78,1.79,-0.92,-4.92,-0.63
196312,2.12,2.5,1.66,2.05,3.29,2.43,2.12,1.22,2.51,1.56,2.28,3.95,1,3.21,2.06,2.24,1.12,1.5
196401,2.91,2.8,2.49,3.52,1.53,2.15,4.37,0.15,3.49,3.56,1.52,1.54,2.48,1.97,3.82,5.53,1.15,-2.59
196402,2.56,1.46,1.78,2.52,2.04,1.83,1.33,1.7,3.06,1.94,2.63,1.65,2.22,1.62,1.07,1.88,1.79,1.43
196403,4.26,0.91,1.72,3.91,3.29,1.3,0.9,1.12,2.35,5.64,5.05,2.15,2.52,0.64,0.13,2.46,0.8,2
196404,-1.68,1.14,0.86,-2.21,0.52,0.97,0.27,3.03,-2.4,-2,-0.48,1.2,1.3,0.78,1.29,-1.78,3.87,0.68
196405,1.12,1,3.02,1.4,1.39,1.17,1.34,2.96,1.75,1.02,0.51,1.96,2.47,0.45,0.5,3.09,3.07,2.65
196406,0.52,2.28,1.11,0.15,2.01,1.52,2.33,1.09,-0.28,0.6,1.36,2.43,0.75,1.96,2.92,1.14,1.23,0.69
196407,3.2,2.22,0.52,2.8,2.86,2.17,1.19,1.11,3.31,1.65,3.82,1.98,2.47,2.06,2.54,-0.12,2.25,-0.01
196408,-0.43,-1.08,-1.74,-0.76,-0.19,-1.05,-2.21,-0.81,-0.72,-0.84,0.09,-0.44,-1.99,-0.67,-1.64,-2.78,-2.21,0.6
196409,3.63,2.54,3.57,3.38,3.68,2.18,2.87,4.71,4,1.93,4.02,3.37,2.69,1.97,3.45,2.28,3.4,5.99
196410,0.46,1.11,0.12,0.69,0.89,0.91,0.24,1.15,0.13,2.04,0.1,1.63,1.42,0.71,1.54,-1.09,3.14,-0.75
196411,1.06,0.32,0.37,1.5,-0.36,0.16,1.07,0.52,1.69,1.06,0.36,-1.04,1.21,-0.27,1.9,0.19,1.21,-0.17
196412,-0.79,0.9,0.43,-0.32,-1.43,1.72,-0.58,1.01,0.15,-1.43,-1.54,-1.32,0.22,2.35,-0.87,-0.27,0.29,1.74
196501,5.09,2.71,5.47,5.2,4.55,1.86,5.33,5.46,5.01,5.67,4.91,4.21,2.07,1.77,5.18,5.49,7.03,3.9
196502,0.99,0.09,2.03,0.66,1.67,-0.3,0.61,3.07,-0.12,2.52,1.52,1.82,-0.92,-0.05,0.47,0.76,2.85,3.31
196503,-0.84,-1.36,-0.9,-1.03,-0.81,-1.47,-0.21,-2.27,-1.62,0.35,-0.55,-1.05,-2.03,-1.24,-1.17,0.8,-2.46,-2.09
196504,2.41,3.18,5.23,2.52,2.23,3.54,3.41,5.89,2.44,2.71,2.24,2.22,0.89,4.6,2.41,4.45,4.44,7.35
196505,0.46,-0.38,-0.21,0.92,-0.32,-0.48,-0.05,-0.28,1.53,-0.47,-0.26,-0.36,-0.64,-0.43,0.01,-0.12,-0.37,-0.2
196506,-6.06,-4.07,-6.18,-6.23,-5.05,-3.87,-5.11,-6.68,-5.9,-6.97,-5.8,-4.33,-3.01,-4.2,-4.66,-5.57,-6.4,-6.95
196507,1.68,1.36,1.97,1.69,1.3,2.3,0.66,3.13,1.36,2.04,1.68,1.03,1.73,2.74,0.69,0.61,1.76,4.28
196508,2.54,2.56,4.15,3.04,1.81,3.03,2.95,5.25,2.58,3.51,2.11,1.6,3.05,3.01,3.03,2.84,5.32,5.2
196509,4.06,3.04,3.17,4.38,3.97,3.14,2.23,3.55,3.88,4.9,3.78,4.11,2.88,3.34,1.88,2.71,4.49,2.77
196510,2.77,2.57,3.46,3.58,3.35,2.32,1.59,4.39,4,3.15,2.05,4.3,2.09,2.5,1.08,2.3,4.08,4.64
196511,-0.23,-0.94,2.58,1.24,-1.5,0.79,-0.65,3.39,1.14,1.34,-1.54,-1.47,2.25,-0.31,-2.27,1.56,5.27,1.82
196512,1.4,1.24,0.79,1.01,1.28,0.96,1.38,0.84,1.31,0.71,1.75,0.94,0.42,1.38,1.89,0.72,2.51,-0.59
196601,0.54,0.5,1.45,3,-0.74,1.14,0.13,2.69,1.54,4.49,-1.69,-0.05,1.1,1.16,0.35,-0.15,2.76,2.64
196602,-2.5,-1.46,0.95,-1.44,-2.83,-1.56,-1.05,3.09,-1.77,-1.11,-3.52,-2.34,-1.88,-1.32,-0.43,-1.88,2.3,3.79
196603,-1.35,-2.88,-1.09,-2.47,-2.21,-2.76,-1.98,-0.75,-3.91,-1.06,-0.25,-3.59,-3.27,-2.38,-2.29,-1.56,-1.44,-0.14
196604,2.11,1.65,3.8,2.14,0.79,1.93,2.47,5.35,0.72,3.49,2.07,-0.13,2.34,1.62,3.11,1.61,5.16,5.51
196605,-5.83,-5.05,-4.46,-6.37,-5.54,-5.17,-4.04,-4.97,-5.83,-6.88,-5.31,-5.71,-5.42,-4.99,-4.27,-3.71,-5.69,-4.35
196606,-0.13,-1.57,-1,-0.68,-1.07,-2.14,-0.75,-0.84,-0.82,-0.56,0.4,-2.17,-1.7,-2.47,-0.39,-1.23,-0.06,-1.51
196607,-0.27,-0.71,-3.12,-0.59,-0.37,-0.75,-1.56,-3.16,-2.06,0.14,0.03,-0.66,-0.96,-0.5,-0.71,-3.05,-2.75,-3.4
196608,-7.1,-7.24,-8.1,-7.48,-6.57,-7.53,-6.89,-9.97,-9.32,-6.6,-6.74,-6.44,-7.54,-7.51,-7.52,-5.75,-7.84,-11.17
196609,0.28,0.43,-3.65,0.13,0.9,0.66,-1.98,-2.8,-0.93,0.62,0.42,1.24,-0.2,1.63,-0.44,-4.68,-3.22,-2.55
196610,6.26,5.25,0.98,4.47,8.14,5.14,1.91,1.79,0.85,6.14,7.9,8.31,7.02,3.06,2.96,-0.02,0.55,2.5
196611,-1.25,0.86,6.43,0.27,-1.38,0.44,2.88,8.61,2.09,-0.53,-2.59,-0.51,-1.51,2.71,2.45,3.69,5.12,10.58
196612,0.97,0.68,-0.78,2.13,0.64,0.38,0.11,-0.71,2.82,1.82,-0.08,1.14,-0.22,1.04,0.63,-0.87,2.74,-2.56
196701,7,7.56,10.67,9.04,5.62,7.3,9.72,10.53,11.68,7.85,5.11,5.97,7.73,6.84,9.12,10.86,10.82,10.36
196702,-0.59,1.15,1.87,0.22,-0.51,-0.14,2.44,2.82,3.55,-1.33,-1.36,0.06,-0.51,0.27,3.42,0.62,2.34,3.09
196703,4.14,3.67,6.19,3.4,3.66,4,5.05,5.43,3.82,3.2,4.86,2.85,3.13,4.94,3.93,7.2,5,5.68
196704,1.5,4.17,7.07,2.41,1.47,2.93,7.39,6.36,1.79,2.72,0.62,2.05,3.83,1.97,7.06,8.01,4.47,7.42
196705,-2.14,-4.76,-4.76,-2.52,-3.95,-3.79,-5.2,-4.56,-0.63,-3.44,-1.77,-5.41,-3.51,-4.09,-5.3,-5.03,-2.92,-5.45
196706,1.91,1.76,3.76,2.69,2.04,1.34,1.99,4.5,3.95,2.06,1.15,2.67,1.26,1.43,1.54,2.8,4.61,4.44
196707,6.93,4.01,4.32,8.21,1.53,7.66,4.04,4.51,8.29,8.18,5.39,-1.97,5.74,9.16,4.16,3.88,4.32,4.78
196708,-0.54,-0.59,-1.13,-0.09,-0.95,-0.75,-0.34,-1.34,0.16,-0.16,-1.09,-0.82,-1.79,0.04,-0.13,-0.66,-1.15,-1.6
196709,3.22,3,4.17,3.19,2.63,2.47,4.28,4.39,2.28,3.47,3.26,2.01,1.82,2.95,4.69,3.68,5.41,2.99
196710,-4.8,-2.96,0.15,-5.17,-3.67,-3.5,-2.75,1.88,-5,-5.22,-4.35,-2.99,-4.17,-3.02,-2.1,-3.7,2.26,1.35
196711,-0.62,0.82,1.49,-0.84,0.13,1.33,0.17,2.11,-0.75,-0.87,-0.34,0.59,2.19,0.7,0.25,0.05,2.67,1.31
196712,3.7,2.7,3.22,3.49,3.23,2.23,3.36,3.26,4.93,3.06,3.95,2.54,2.85,1.78,3.53,3.11,3.14,3.43
196801,-0.7,-3.23,-7.2,-1.15,0.22,-4.02,-5.04,-8.24,2.96,-2.39,-0.15,0.58,-4.01,-4.03,-5.28,-4.69,-7.13,-9.82
196802,-2.06,-2.97,-4.34,-2.02,-2.41,-3.05,-3.76,-4.16,-3.78,-1.46,-2.11,-2.71,-2.68,-3.33,-3.09,-4.77,-3.38,-5.32
196803,-1.15,0.76,1.9,-1,-0.54,0.64,0.25,3.37,-1.03,-0.99,-1.32,0.21,0.52,0.72,1.42,-1.56,4.15,2.19
196804,7.47,8.24,11.67,8.96,5.22,8.01,11.17,12.14,11.19,8.27,5.65,4.79,8.27,7.82,11.6,10.48,11.21,13.58
196805,1.46,1.33,4.33,2.24,0.29,0.48,3.53,4.65,4.44,1.54,0.47,0.12,2.14,-0.76,3.54,3.51,4.55,4.8
196806,2.17,1.48,-0.45,1.62,3.19,1.75,-0.22,-0.74,0.97,1.84,2.87,3.51,1.11,2.25,-0.53,0.27,-0.19,-1.56
196807,-1.5,-0.85,-4.45,-1.82,-1.64,-0.67,-2.65,-4.34,-1.48,-1.98,-0.66,-2.01,1.19,-3.65,0.63,-4.59,-2.47,-7.12
196808,2.25,1.24,1.91,2.29,1.4,1.36,1.51,2.08,2.93,2,2.15,1.11,2.06,0.18,1.2,1.71,2.66,1.17
196809,6.42,3.52,3.84,6.73,4.17,2.53,3.91,4.66,7.68,6.3,5.65,3.59,1.59,4.13,5.73,2.8,4.2,5.38
196810,2.74,1.66,-1.51,3.07,1.12,2.11,-1.25,-0.14,2.48,3.34,1.88,0.81,1.22,3.59,1.97,-3.28,1,-1.93
196811,3.43,6.25,6.94,2.37,6.15,5.85,7.58,6.3,4.12,1.58,6.17,6.15,5.74,6.03,7.29,7.78,4.6,9.04
196812,-2.13,-3.89,-4.46,-1.68,-4.15,-3.92,-4.35,-3.79,0,-2.47,-3.23,-4.51,-4.14,-3.56,-2.86,-5.34,-4.19,-3.17
196901,-0.94,0.28,-2.42,-1.13,0.42,0.56,-1.71,-2.64,-0.5,-1.42,-0.48,0.79,1.04,-0.21,-1.09,-2.13,-2.55,-2.76
196902,-4.93,-4.82,-5.25,-4.49,-4.96,-4.72,-4.45,-6.39,-6.99,-3.3,-6.02,-4.54,-4.28,-5.44,-5.48,-3.74,-4.91,-8.66
196903,2.89,3.64,3.14,2.24,2.36,3.84,5.06,2.36,1.98,2.37,4.49,1.52,4.17,3.29,6.44,4.14,2.72,1.79
196904,0.89,2.63,2.33,0.52,4.1,1.66,2.12,2,2.52,-0.43,1.79,5.03,1.32,2.23,1.21,2.75,2.02,1.97
196905,0.23,1.22,-1.01,-0.1,0.89,1.04,0.14,-0.82,-1.38,0.51,1.03,0.84,1.71,-0.07,2.2,-1.25,0.1,-2.34
196906,-7.91,-6.61,-4.47,-7.74,-6.06,-6.74,-3.77,-7.68,-10.84,-6.26,-8.31,-5.18,-7.16,-6.03,-8.49,-0.46,-7.18,-8.53
196907,-5.92,-6.29,-6.98,-6.26,-5.79,-6.8,-5.4,-8.68,-5.95,-6.46,-5.7,-5.92,-8.04,-5.81,-5.4,-5.39,-7.29,-10.59
196908,3.12,5.06,7.14,4.09,2.69,5.55,5.87,8.58,2.21,5.32,2.49,2.98,5.77,5.37,5.91,5.84,8.17,9.16
196909,-2.78,-2.84,-1.34,-3.5,-2.56,-2.42,-2.05,-2.14,-1.64,-4.68,-2.3,-2.93,-4.27,-0.99,-3.78,-0.6,-1.51,-3.03
196910,5.06,5.36,6.45,5.54,4.91,5.37,5.41,7.72,7.45,4.28,4.75,5.14,3.49,6.77,5.55,5.29,6.03,10.13
196911,-2.75,-3.94,-2.53,-4.72,-2.99,-3.85,-2.34,-3.29,-5.32,-4.31,-1.45,-5.16,-4.26,-3.55,-2.98,-1.83,-2.78,-3.98
196912,-3.69,-0.77,-1.55,-4.01,-2.75,-0.82,0.16,-3.39,-4.34,-3.78,-3.49,-1.67,-0.98,-0.71,0.18,0.14,-3.66,-3.01
197001,-5.48,-7.83,-9.01,-6.73,-4.98,-8.19,-8.52,-10.17,-6.37,-6.96,-4.68,-5.41,-8.45,-8,-9.18,-7.99,-9.2,-11.5
197002,7.73,5.74,3.92,7.31,6.55,6.33,4.44,4.31,5.71,8.39,8,4.45,6.65,6.1,5.54,3.58,4.78,3.65
197003,1.82,-0.37,-2.32,0.46,1.56,-0.02,-1.3,-3.69,1.02,0.09,2.67,-0.08,1.09,-0.82,-1.52,-1.13,-3.11,-4.54
197004,-8.98,-8.74,-14.12,-9.91,-7.68,-9.12,-11.17,-16.37,-10.63,-9.44,-8.41,-6.57,-8.1,-9.86,-9.85,-12.21,-13.72,-20.24
197005,-5.24,-5.51,-8.42,-5.37,-4.67,-5.06,-7.31,-10.74,-4.86,-5.7,-5.17,-3.91,-2.49,-6.96,-8.24,-6.55,-9.87,-12.1
197006,-5.14,-3.85,-7.49,-5.54,-4.16,-4.07,-5.52,-8.56,-5.38,-5.65,-4.9,-3.07,-4.12,-4.03,-4.09,-6.67,-7.37,-10.47
197007,9.41,6.9,6.11,8.98,9.3,6,7.17,5.63,7.56,9.6,9.68,8.89,5.72,6.77,7.22,7.12,5.38,5.84
197008,5.91,4.26,6.01,4.45,5.92,3.67,5.21,6.62,3.75,4.75,6.81,4.93,3.57,3.93,5.62,4.73,5.51,7.54
197009,2.76,3.7,8.95,5.35,2.39,3.65,4.56,10.56,6.32,4.93,1.17,3.78,3.44,4.22,3.72,5.52,9.35,11.55
197010,-1.23,-1.08,-3.51,-2.25,-0.67,-1.13,-2.41,-3.52,-4.24,-1.4,-0.57,-0.77,-0.84,-1.9,-1.47,-3.49,-3.47,-3.55
197011,5.69,5.23,4.22,3.81,6.5,5.05,4.35,4.19,4.06,3.71,6.87,6.09,5.15,4.76,4.41,4.27,4.33,4.08
197012,5.68,6.56,5.65,7.76,4.99,6.58,7.95,4.84,6.56,8.26,4.41,5.63,6.18,7.66,8.37,7.47,7.19,2.97
197101,4.22,4.35,7.42,6.82,2.76,5,4.76,8.33,9.95,5.54,2.58,2.95,4.92,5.19,4.16,5.46,7.91,8.67
197102,2.03,1.25,2.32,2.86,1.78,0.28,3.4,2.14,1.07,3.63,1.49,2.11,-0.21,1.58,4.02,2.7,3.38,1.12
197103,3.35,4.03,6.61,3.67,3.08,4.11,5.18,7.47,4.5,3.32,3.13,3.02,3.56,5.55,5.58,4.71,7.18,7.72
197104,4.34,2.91,4.09,4.74,4.45,1.96,3.2,4.6,4.04,5.04,4.07,4.86,1.44,3.28,3.42,2.93,5.5,3.84
197105,-3.74,-3.93,-3.23,-3.31,-3.78,-4.2,-3.85,-2.81,-3.08,-3.41,-4.03,-3.51,-4.59,-3.2,-3.57,-4.19,-2.68,-2.92
197106,-0.73,0.54,0.84,0.22,-0.46,0.18,1,1.34,-1.1,0.78,-1.38,0.52,-0.22,1.18,2.13,-0.32,0.69,1.88
197107,-4.25,-3.29,-5.55,-5.05,-4.4,-2.24,-5,-5.24,-4.91,-5.28,-2.96,-5.22,-2.79,-1.68,-4,-5.94,-4.69,-5.83
197108,7.57,3.38,4.22,7.75,6.81,2.85,3.34,4.05,8.79,6.05,7.27,6.54,2.57,3.13,2.2,4.44,2.67,5.59
197109,-0.92,-0.41,-0.23,-1.33,-0.82,-0.37,-0.3,0.1,-1.09,-1.74,-0.26,-1.14,0,-0.74,0.05,-0.64,-0.22,0.44
197110,-5.34,-3.73,-3.6,-5.41,-5.65,-3.84,-1.99,-4.84,-5.78,-4.79,-5.23,-5.9,-4.03,-3.64,-1.93,-2.04,-4.07,-5.67
197111,-0.89,0.07,0.23,0.21,-1.13,-0.03,0.46,0.05,0.25,0.13,-2.61,-0.25,0.19,-0.26,0.49,0.44,-0.4,0.54
197112,8.02,8.84,10.19,7.17,8.83,9.18,9.21,10.35,6.34,8.57,9.41,8.49,9.28,9.08,8.4,9.99,9.24,11.56
197201,4.27,1.35,4.01,4.4,2.04,1.52,2.81,3.88,3.44,5.99,4.06,0.86,1.94,1.09,1.37,4.16,2.77,5.06
197202,2.48,3,3.62,1.94,2.37,4.07,2.06,4.64,1.37,2.85,3.34,1.79,3.34,4.82,1.69,2.4,5.04,4.23
197203,1.57,0.44,1.15,1.65,1.2,0.57,0.75,0.75,3.59,-1.43,1.44,1.04,1.01,0.12,-0.25,1.64,1.18,0.31
197204,-0.87,0.66,0.94,-1.16,0.56,0.74,0.49,1.04,-2.62,1.26,-0.41,1.16,1.43,0.04,0.13,0.81,0.04,2.1
197205,-1.08,1.92,2.54,-1.72,0.01,2.37,2.05,3.12,-3.36,0.9,-0.07,0.06,1.27,3.52,2.31,1.81,3.22,3.02
197206,-3,-2.05,-1.56,-2.41,-3,-1.89,-1.77,-1.64,-2.41,-2.41,-3.9,-2.46,-1.57,-2.21,-2.12,-1.46,-1.07,-2.22
197207,-2.37,0.16,-0.43,-2.37,-0.6,-0.17,0.26,-0.69,-1.95,-2.56,-2.37,0.64,-1.51,0.67,0.33,0.12,0.7,-2.57
197208,5.52,3.91,2.33,5.03,6.49,2.71,4.01,1.81,4.14,5.44,6.25,6.65,4.64,1.55,4.28,3.41,1.35,2.46
197209,-3.54,-0.15,-0.61,-3.93,-1.81,-0.34,0.23,-0.93,-3.56,-4.09,-2.98,-1.02,-1.99,0.67,0.31,0.05,-0.59,-1.41
197210,-0.26,1.01,1.1,-0.58,1.75,1.68,0.47,0.72,0.03,-0.85,0.21,2.77,1.36,1.88,-0.16,1.89,2.98,-2.45
197211,7.76,5.01,3.67,7.66,7.15,5.08,4.3,3.5,5.8,8.51,7.9,6.66,6.68,4.12,4.44,4,1.09,7.07
197212,-2.21,1.62,1.46,-2.25,-0.45,1.34,2.01,1.37,-3.51,-1.68,-2.17,0.68,-0.83,2.67,2.18,1.63,1.26,1.54
197301,-4.22,-1.05,-4.21,-4.83,-2.86,-2.36,-0.62,-4.54,-5.31,-4.61,-3.35,-2.54,-0.76,-3.31,0.7,-3.54,-3.4,-6.14
197302,-5.78,-3.86,-3.9,-5.54,-5.26,-4.63,-3.18,-3.94,-5.69,-5.48,-6.13,-4.71,-5.21,-4.27,-2.89,-3.84,-1.6,-7.29
197303,-1.51,-0.07,-1.16,-2.1,0.26,-0.47,0.09,-1.84,-1.17,-2.51,-0.67,0.83,0.03,-0.76,0.03,0.21,-1.37,-2.58
197304,-4.32,-3.71,-6.1,-4.75,-3.27,-3.97,-4.23,-6.39,-6.4,-4.03,-3.71,-3,-3.96,-3.98,-3.67,-5.52,-5.82,-7.26
197305,-5.05,-1.62,-1.54,-5.51,-2.17,-1.99,-1.41,-1.75,-6.97,-4.89,-4.4,-0.81,-3.19,-1.26,-1.52,-1.14,0.56,-5.38
197306,-2.88,-0.45,-1.12,-3.91,-1.64,-0.16,-0.11,-1.9,-4.59,-3.63,-1.46,-1.75,0.47,-0.54,-0.32,0.39,-1.27,-2.97
197307,6.61,3.52,8.36,6.13,4.67,3.66,4.19,11.15,9.81,4.55,7.62,3.3,4.51,2.96,3.43,5.26,9.01,14.75
197308,-1.84,-3.27,-3.73,-1.55,-3.16,-3.71,-2.99,-3.75,-2.85,-0.96,-2.43,-3.52,-3.73,-3.69,-2.49,-3.71,-3.83,-3.61
197309,8.95,4.46,5.03,8.41,8.57,7.64,-0.13,7.19,12.14,6.76,10.06,7.84,7.24,7.97,-1.97,2.5,6.39,8.45
197310,1.53,-0.35,-0.65,1.05,1.91,-1.98,0.55,-1.18,1.47,0.86,2.5,1.61,-1.7,-2.2,0.95,0.01,-1.98,0.07
197311,-14.04,-10.6,-14.45,-13.39,-12.01,-10.61,-11.73,-15.62,-12.3,-13.9,-15.35,-10.33,-12.39,-9.11,-10.78,-13.03,-13.19,-19.31
197312,3.63,1.33,-0.05,3.06,3.97,2.65,-1.92,1.38,4.23,2.49,4.81,3.57,2.14,3.06,-2.06,-1.73,0.3,3.13
197401,2.58,-0.12,-0.28,3.29,-0.68,0.56,-0.43,0.03,0.08,4.87,1.15,-1.56,1.01,0.2,-0.26,-0.66,-0.17,0.35
197402,2.4,-0.38,-0.43,2,0.77,0.3,-1.06,-0.34,3.97,1.08,3.21,-0.44,-0.54,0.99,-1.42,-0.54,-0.29,-0.42
197403,-2.02,-2.22,-2.37,-1.88,-2.5,-2.59,-1.49,-2.99,-1.68,-1.98,-2.3,-2.6,-2.04,-3.02,-1.39,-1.62,-2.67,-3.48
197404,-3.4,-4.63,-4.57,-3.69,-3.44,-4.95,-4.4,-5.03,-4.58,-3.26,-2.8,-3.77,-5.13,-4.81,-4.67,-4.02,-5.03,-5.02
197405,-4.17,-3.54,-3.04,-4.66,-4.87,-2.61,-2.1,-5.53,-5.79,-4.13,-3.18,-5.74,-3.43,-1.96,-3.56,-0.07,-4.24,-7.58
197406,-0.98,-1.24,-4.25,-0.69,-1.14,-1.13,-2.19,-5.41,-0.76,-0.66,-1.54,-0.93,-1.02,-1.21,-1.63,-2.95,-5.38,-5.47
197407,-3.56,-7.42,-9.67,-3.55,-5.46,-7.89,-7.71,-9.86,-3.18,-3.74,-3.56,-7.09,-9.11,-7.02,-6.25,-9.39,-10.27,-9.24
197408,-8.04,-8.09,-10.15,-6.31,-8.04,-7.96,-9.92,-9.92,-5.71,-6.61,-9.77,-6.48,-5.26,-9.85,-9.43,-10.5,-9.79,-10.11
197409,-7.6,-10.38,-14.18,-8.26,-8.43,-9.62,-12.62,-15.54,-8.51,-8.14,-6.91,-9.72,-7.48,-11.19,-13.02,-12.15,-15.75,-15.24
197410,16.77,15.28,21.07,16.91,17.07,14.87,18.52,20.07,15.43,17.65,16.63,17.46,13.62,15.83,15.16,22.5,20.3,19.73
197411,-1.76,-4.35,-4.38,-1.73,-1.51,-4.35,-5.01,-4.99,-1.66,-1.76,-1.79,-1.27,-3.21,-5.21,-6.35,-3.53,-5.04,-4.92
197412,-1.95,-1.49,-5.46,-2.09,-1.17,-1.61,-2.88,-6.43,-4.58,-0.88,-1.81,-0.62,-0.15,-2.73,-1.72,-4.13,-6.44,-6.41
197501,15.44,13.18,15.18,15.72,12.99,13.37,12.86,17.83,20.4,13.53,15.15,11.13,12.02,14.43,14,11.59,18.44,16.96
197502,3.39,6.42,6.85,3.56,4.38,5.54,9.29,5.55,4.81,2.93,3.22,5.41,4.68,6.2,9.82,8.7,4.26,7.46
197503,5.3,1.74,4.98,4.78,4.61,1.4,2.85,5.48,5.52,4.41,5.84,3.52,2.05,0.91,1.59,4.28,4.49,6.92
197504,4.74,3.72,6.78,4.97,3.06,2.77,6.8,7.54,4.81,5.05,4.51,1.77,2.69,2.83,7.78,5.72,6.19,9.44
197505,5.7,5.95,5.07,6.8,5.91,5.38,6.09,4.91,6.74,6.83,4.57,7.14,5.05,5.63,6.79,5.31,3.54,6.78
197506,6.19,5.29,4.61,5.7,6.02,5.59,4.45,4.66,6.56,5.26,6.7,5.42,5.94,5.33,4.37,4.53,4.3,5.14
197507,-4.23,-6.89,-6.12,-2.2,-6.23,-7.3,-6.26,-6.15,-3.34,-1.7,-6.9,-5.81,-6.89,-7.71,-6.57,-6.04,-6.07,-6.27
197508,-4.12,-1.8,-2.4,-3.86,-2.84,-1.8,-2.11,-2.43,-4.78,-3.46,-4.5,-1.82,-1.44,-2.17,-1.77,-2.35,-2.39,-2.48
197509,-3.61,-2.86,-4.5,-3.26,-3.32,-2.54,-4.33,-4.51,-6.7,-1.8,-4.1,-2.85,-3.02,-2.06,-4.14,-4.46,-4.36,-4.75
197510,7.21,7.15,4.31,7.09,7.67,7.31,6.07,3.56,4.08,8.31,7.37,7.85,6.2,8.41,5.68,6.34,4.08,2.69
197511,3.9,4.25,1.47,2.71,5.37,4.39,2.37,1.17,2.91,2.63,5.59,5.24,4.51,4.27,2.48,2.3,1.42,0.72
197512,-0.87,-1.24,-1.07,-0.04,-1.34,-1.53,-0.9,-1.01,-0.56,0.15,-2,-0.95,-1.89,-1.17,-0.43,-1.24,-1.79,0.36
197601,15.48,12.4,11.93,16.61,12.68,12.2,11.42,12.74,20.51,15.11,13.88,11.98,11.22,13.16,13.75,9.76,11.16,15.44
197602,4.87,0.33,-0.84,5.67,1.69,0.25,-0.55,-0.68,9.39,4.16,3.72,0.49,0.67,-0.15,0.46,-1.29,-2.06,1.58
197603,3.12,2.66,2.65,3.8,3.02,2.52,1.96,2.93,3.03,4.13,2.12,3.56,2.47,2.57,2.08,1.87,4.07,1.14
197604,-1.87,-1.54,-0.27,-1.45,-2.64,-1.23,-0.59,-0.34,-2.42,-1.04,-2.5,-2.73,-0.96,-1.48,-1.29,-0.07,0.02,-0.93
197605,-1.68,-1.74,0.21,-1.64,-2.77,-1.32,-0.91,0.5,-1.63,-1.65,-1.73,-3.39,-2.8,0.1,-1.36,-0.58,1.03,-0.37
197606,5.63,4.75,4.15,4.93,5.22,4.83,4.22,4.32,7.27,3.95,6.69,4.32,3.44,6.12,4.98,3.67,3.92,4.99
197607,-0.64,-0.29,-0.84,0.29,-0.88,0.25,-0.56,-1.33,0.38,0.23,-1.35,-0.43,0.5,0.03,-0.93,-0.26,-0.4,-2.77
197608,-1.94,0.79,-0.54,-2.57,-1.41,0.56,1.08,-1.28,-1.76,-3.08,-1.46,-1.37,0.39,0.71,1.98,0.33,-1.45,-1.01
197609,2.17,2.2,3.01,0.92,2.29,3.4,1.95,3.2,0.65,1.1,3.13,1.51,2.66,4.05,0.94,2.79,3.06,3.41
197610,-2.74,-1.75,-2.31,-2.83,-3.28,-2.22,-1.46,-2.21,-3.21,-2.59,-2.67,-3.87,-2.89,-1.64,-0.28,-2.43,-1.5,-3.33
197611,1.28,1.36,-0.1,2.9,0.79,1.52,0.26,0.2,3.78,2.35,0.06,1.49,1.09,1.88,1.11,-0.46,-0.05,0.62
197612,8.45,6.23,5.15,9.59,7.64,6.97,5.37,4.5,10.12,9.25,7.58,7.71,6.72,7.19,4.71,5.92,4.07,5.17
197701,-1.41,-3.15,-5.06,-0.22,-1.77,-2.93,-4.04,-6.05,1.64,-1.41,-2.34,-1.23,-2.08,-3.65,-4.19,-3.91,-6.31,-5.64
197702,-2.04,-1.43,-1.84,-2.18,-2.29,-1.76,-0.91,-2.36,-1.98,-2.3,-1.93,-2.63,-2.16,-1.42,-0.5,-1.26,-2.18,-2.63
197703,-0.64,-1.32,-0.78,-0.02,-0.74,-0.93,-1.31,-0.98,-0.2,0.1,-1.13,-0.37,-0.19,-1.55,-2.2,-0.56,-1.27,-0.53
197704,1.27,0.96,-0.36,1.78,1.11,1.9,-0.8,0.33,2.94,1.01,0.87,1.34,2.84,1.11,-0.42,-1.12,-0.15,1.06
197705,-0.98,-0.75,-1.39,-0.82,-0.96,-0.59,-1.25,-1.27,-0.21,-1.23,-1.11,-0.82,-0.11,-1,-0.92,-1.52,-1.56,-0.83
197706,4.94,4.34,6.04,5.01,5.09,4.36,5.17,5.87,6.22,4.2,4.89,5.26,4.57,4.17,3.92,6.23,5.03,7.15
197707,-0.98,-1.21,-1.48,-1.19,-0.41,-1.41,-1.21,-1.93,-1.44,-1.02,-0.83,-0.07,-1.08,-1.77,-1.45,-0.97,-2.48,-1.23
197708,-0.65,-1.79,-0.79,-1.24,-1.8,-1.88,-0.62,-1.23,-1.65,-0.96,-0.24,-3.09,-2.36,-1.34,-0.95,-0.3,-1.57,-0.8
197709,-0.84,0.55,-0.23,-0.82,0.05,0.55,-0.02,-0.04,-2.22,0.11,-0.86,0.83,1.81,-0.83,0.41,-0.44,-0.28,0.24
197710,-4.03,-3.99,-3.66,-3.56,-3.95,-4.12,-3.59,-4.07,-3.82,-3.39,-4.36,-3.6,-4.04,-4.22,-3.98,-3.21,-4.18,-3.93
197711,5.92,3.91,4.68,8.26,4.7,3.52,3.86,5.51,9.27,7.6,4.29,5.05,3.48,3.57,3.98,3.75,5.39,5.66
197712,0.35,0.76,0.68,1.34,0.22,0.82,1.15,-0.13,1.96,0.93,-0.36,0.7,1.02,0.6,0.69,1.6,-0.23,-0.02
197801,-4.45,-5.55,-5.97,-3.26,-5.01,-5.15,-5.7,-7.02,-2.51,-3.76,-5.33,-4.75,-4.45,-5.96,-6.64,-4.8,-7.15,-6.86
197802,-0.23,-0.45,-1.98,1.93,-1.19,-0.02,-1.88,-1.38,2.25,1.7,-1.87,-0.63,1.37,-1.63,-1.1,-2.63,-1.72,-0.98
197803,5.09,3.46,2.56,7.7,3.36,3.22,2.17,4.34,8.77,6.97,3.04,3.62,3.37,3.05,3.79,0.61,5.01,3.53
197804,9,7.4,10.12,8.38,7.61,6.96,9.6,9.94,8.16,8.54,9.51,6.09,5.17,9.1,8.87,10.33,9.36,10.63
197805,3.96,1.69,2.31,6.29,2.06,2.12,1.16,3.02,7.42,5.48,2.1,2.02,1.38,2.97,0.81,1.5,2.84,3.23
197806,-0.83,-1.55,-0.92,-0.64,-1.02,-1.81,-1.15,-0.91,-1.25,-0.2,-0.99,-1.04,-1.57,-2.09,-1.36,-0.94,-0.63,-1.24
197807,5.7,5.45,6.09,5.74,6.61,4.62,5.08,6.8,6.06,5.57,5.68,7.29,3.62,6.16,5.17,4.95,6.38,7.3
197808,5.23,3.62,5.11,5.9,4.09,3.54,3.97,5.69,6.68,5.47,4.79,3.58,2.91,4.5,3.83,4.16,4.79,6.76
197809,0.41,-0.7,-1.86,-0.1,-0.67,-0.44,-0.78,-2.02,-0.01,-0.14,0.74,-1.69,0.25,-1.46,-0.18,-1.6,-1.5,-2.63
197810,-12.87,-9.56,-13.42,-16.41,-9.18,-9.37,-11.28,-14.83,-21.73,-13.47,-10.51,-8.19,-8.39,-10.85,-11.42,-11.08,-13.15,-16.85
197811,4.01,2.96,4.15,3.98,3.61,2.99,2.82,4.73,6.47,2.74,4.03,3.31,2.81,3.28,2.51,3.24,4.33,5.24
197812,0.77,1.67,2.17,1.53,2.27,0.77,1.69,2.12,1.3,1.64,0.31,3.7,0.04,1.89,1.29,2.24,2.64,1.47
197901,6.25,4.65,4.67,8.19,5.18,4.57,3.92,5.28,11.66,6.42,5.04,5.28,4.65,4.45,4.08,3.71,4.86,5.81
197902,-2.6,-2.75,-3.77,-2.84,-2.37,-3.07,-3.1,-3.73,-3.57,-2.44,-2.45,-2.32,-2.56,-3.84,-2.57,-3.82,-3.02,-4.62
197903,8.39,5.26,7.51,9.53,6.43,4.35,6.24,8.8,12.29,8.07,7.68,5.56,3.8,5.19,6.8,5.46,7.77,10.08
197904,0.76,0.57,0.96,1.35,0.12,0.15,1.29,1.5,2.91,0.48,0.39,-0.07,-0.32,0.86,2.16,0.06,2.23,0.61
197905,-2.14,-1.49,-0.93,-1.37,-1.78,-1.74,-1.38,-0.64,-2.28,-0.85,-2.63,-1.16,-1.29,-2.41,-1.36,-1.4,0.38,-1.92
197906,5.45,3.87,5.63,5.28,3.52,4.08,5.23,6.08,5.33,5.25,5.56,2.07,3.49,4.96,5.47,4.87,5.62,6.67
197907,2.84,0.92,2.21,3.3,0.61,2.14,1.65,1.88,3.68,3.08,2.51,-0.54,2.58,1.84,0.93,2.63,1.15,2.61
197908,6.23,5.59,8.03,7.06,4.52,6.65,6.54,8.89,6.6,7.31,5.63,3.82,6.52,6.75,6.25,6.94,8.48,9.29
197909,0.65,-0.23,-0.42,0.56,0.19,0.17,-0.99,-0.06,0.8,0.43,0.72,-0.14,-0.3,0.48,-1.06,-0.89,0.3,-0.41
197910,-6.62,-6.91,-8.17,-8.34,-5.41,-8.02,-7.57,-8.06,-9.25,-7.83,-5.38,-5.44,-8.06,-7.99,-7.01,-8.32,-7.42,-8.69
197911,6.38,5.25,8.2,7.63,5.12,5.26,6.13,9.45,8.88,6.95,5.51,4.87,7.08,4.08,5.79,6.59,8.75,10.16
197912,2.73,1.81,4.37,5.77,0.57,2.99,2.15,5.38,10.28,3.26,0.55,0.58,3.1,2.92,1.51,3.02,4.59,6.16
198001,8.91,5.23,5.83,8.05,6.76,6.32,3.6,7.54,8.66,7.69,9.56,4.96,5.64,6.78,3.67,3.5,7.81,7.28
198002,2.22,-0.6,-3.08,0.44,2.63,-1.47,-3.57,-1.96,0.68,0.29,3.53,2.02,-2.27,-0.93,-2.75,-4.67,-3.03,-0.93
198003,-14.12,-9.77,-12.11,-15.83,-11.43,-10.6,-8.11,-14.04,-18.13,-14.45,-12.9,-10.42,-10.41,-10.73,-7.25,-9.29,-12.15,-15.81
198004,5.66,4.75,5.17,5.84,4.9,4.35,5.74,4.86,5.48,6.04,5.53,4.49,6.04,3.22,5.85,5.59,3.75,5.96
198005,6.61,5.24,7.02,7.05,5.06,6.22,5.72,7.2,5.33,8.02,6.31,4.22,7.06,5.65,4.96,6.79,7.89,6.53
198006,2.93,3.36,3.81,2.37,3.15,3,3.62,4.77,4.42,1.25,3.32,3.04,3.2,2.87,4.43,2.49,4.51,5.02
198007,7.45,6.06,8.37,8.98,4.58,5.82,6.94,10.81,8.27,9.25,5.59,3.94,7.5,4.33,8.39,5.31,11.22,10.44
198008,2.42,2.01,2.79,2.78,2.7,1.1,2.21,3.42,6.69,1.33,1.97,3.18,0.34,1.79,2.42,1.96,1.84,4.85
198009,2.31,1.8,5.59,1.24,2.36,2.46,2.49,6.63,3.74,0.25,3.64,1.54,0.1,4.58,1.02,4.2,5.33,7.77
198010,2.08,1.4,3.22,-0.01,1.91,1.27,3.56,2.27,3.25,-1.35,4.61,0.14,-0.06,2.41,2.71,4.52,2.32,2.22
198011,8,9.63,14.31,4.6,9.11,10.55,11.81,14.89,7.35,3.4,11.93,7.2,8.8,12.01,10.27,13.53,13.82,15.82
198012,-3.25,-2.37,-3.99,-0.82,-3.6,-2.1,-3.61,-3.88,-3.09,0.2,-5.91,-1.98,-0.54,-3.36,-3.12,-4.14,-5.6,-2.42
198101,-2.36,-2.68,-7.47,-0.96,-1.07,-3.77,-5.37,-7.88,-2.03,-0.5,-3.98,0.88,-2.44,-4.89,-3.95,-6.91,-6.21,-9.26
198102,2.86,2.53,0.23,3.2,3.48,2.62,0.71,0.09,1.69,3.84,2.46,4.13,3.62,1.77,0.98,0.42,0.39,-0.16
198103,6.5,3.02,5.54,9.06,3.15,3.89,3.15,6.1,5.95,10.37,3.43,2.98,4.78,3.12,1.67,4.79,6.7,5.6
198104,0.37,-1.11,-1.73,-0.29,1.05,-2.22,-2.26,-0.45,-1.28,0.11,1.19,0.96,-0.54,-3.72,-1.17,-3.43,0.34,-1.15
198105,0.22,1.07,1.71,1.71,0.94,0.44,0.12,3.32,1.13,1.94,-1.64,2.58,0.56,0.32,0.68,-0.51,2.49,4.07
198106,-0.46,0.02,-2.45,-1.88,-0.14,0.3,0.31,-4.18,-1.32,-2.1,1.35,-1.05,-0.38,0.93,0.57,0.03,-4.14,-4.23
198107,-3.22,-0.8,1.98,-2.79,-1.94,-1.2,1.29,1.68,-0.44,-3.84,-3.69,-1.04,-1.46,-0.86,0.1,2.41,2.97,0.17
198108,-6.1,-4.79,-7.14,-6.91,-4.74,-4.31,-6.1,-7.76,-7.24,-6.76,-5.21,-4.5,-3.91,-4.82,-5.89,-6.29,-6.38,-9.43
198109,-5.72,-3.5,-8.72,-5.48,-4.46,-3.48,-5.81,-9.23,-8.46,-4.12,-5.98,-3.69,-1.45,-6.12,-3.39,-8.05,-9.16,-9.31
198110,5.56,4.18,9.24,5.55,2.6,5.37,6.07,10.64,7.8,4.56,5.58,1.14,3.37,8.11,4.88,7.29,9.46,12.06
198111,4.33,4.6,3.99,4.44,4.4,4.58,4.69,3.53,1.96,5.58,4.2,4.5,4.74,4.37,4.74,4.64,3.71,3.32
198112,-1.49,-1.98,-4.41,-1.38,-0.76,-2.29,-3.72,-4.32,-0.81,-1.63,-1.6,-0.34,-1.73,-3.02,-2.9,-4.53,-4.06,-4.64
198201,-2.42,-0.64,-4.64,-2.57,-0.06,-1.53,-2,-5.51,-2.07,-2.79,-2.26,1.04,0.01,-3.58,-0.61,-3.41,-5.44,-5.59
198202,-2.56,-3.29,-8.04,-3.12,-2.74,-3.15,-5.37,-8.69,-4.46,-2.52,-1.96,-3.12,-2.85,-3.57,-3.67,-7.14,-8.24,-9.24
198203,-0.42,0.48,-2.72,-0.29,0.39,0.76,-0.99,-3.45,-1.47,0.24,-0.56,0.86,0.98,0.45,-0.33,-1.72,-2.45,-4.66
198204,6.01,3.41,5.64,6.43,5.03,2.67,4.24,6.02,5.35,6.88,5.56,4.77,1.72,4.02,3.48,5.11,5.98,6.07
198205,-3.31,-2.55,-2.88,-3.9,-1.87,-3.05,-2.61,-3.13,-3.9,-3.9,-2.69,-1.47,-2.97,-3.17,-2.68,-2.53,-2,-4.52
198206,-1.14,-0.5,-4.47,-0.94,-1.04,-0.47,-2.09,-4.65,-2.04,-0.47,-1.34,-0.89,-1.2,0.53,-0.2,-4.22,-4.73,-4.55
198207,-1.92,-1.46,-3.39,-1.86,-1.63,-0.62,-2.39,-4.54,-0.96,-2.38,-2,-1.35,-1.63,0.07,-3.14,-1.29,-4.3,-4.79
198208,12.28,11.51,12.32,12.61,11.5,11.37,11.94,12.56,11.73,13.13,11.9,11.21,12.3,10.74,11.97,11.91,13.05,12.02
198209,1.51,1.76,2.05,1.31,2.88,1.72,1.53,1.66,3.08,0.28,1.75,3.71,1.92,1.59,0.71,2.74,2.37,0.89
198210,14.12,10.07,13.83,15.26,11.61,9.3,10.98,15.6,16.9,14.29,12.78,10.75,10.15,8.72,11.19,10.69,13.1,18.38
198211,6.18,4.32,6.3,7.91,4.46,4.33,4.23,7.27,9.05,7.22,4.08,4.75,3.97,4.57,4.05,4.48,5.26,9.4
198212,1.16,2.01,-0.01,1.47,1.6,1.51,2.21,-0.68,2.9,0.58,0.78,2.23,-0.72,3.06,2.86,1.29,0.79,-2.19
198301,4.7,3.6,4.55,5.9,2.45,4.46,3.15,5.11,9.55,3.59,3.21,1.89,2.95,5.46,2.91,3.48,3.82,6.47
198302,3.48,3.03,3.55,3.27,3.71,2.89,3.34,3.38,3.01,3.45,3.75,3.69,5.13,1.42,2.95,3.89,3.62,3.14
198303,5.62,3.11,3.34,5.16,5.62,2.88,2.88,3.21,6.35,4.39,6.19,5.18,2.68,3.02,2.38,3.59,3.36,3.06
198304,8.32,7.53,6.53,8.86,6.89,7.91,6.86,6.81,9.91,8.16,7.64,6.31,6.4,8.93,7.49,5.98,4.76,8.92
198305,1.3,-0.79,3.3,2.3,-0.84,-0.72,0.29,4.28,2.92,1.88,0.03,-1.53,0.57,-1.57,-0.51,1.43,3.24,5.31
198306,3,3.45,4.77,3.89,1.62,2.64,5.5,4.89,5.89,2.54,1.84,1.45,2.76,2.55,6.2,4.54,5.18,4.61
198307,-1.34,-2.69,-4.96,-1.29,-1.69,-2.93,-3.4,-5.23,-2.41,-0.72,-1.37,-2.03,-3.58,-2.36,-2.67,-4.43,-3.67,-6.16
198308,1.78,1.02,-1.07,-0.78,2.51,1.38,0.31,-1.85,-1.59,-0.36,3.5,1.39,1.62,1.16,0.24,0.41,-1.27,-2.2
198309,1.55,2.29,1.07,2.38,1.08,1.72,2.81,0.97,1.33,2.92,1.01,1.15,2.32,1.19,3.87,1.26,1.87,0.42
198310,-1.59,-1.08,-4.77,-2.68,-0.88,-1.19,-1.92,-5.57,-3.22,-2.41,-0.87,-0.9,-1.12,-1.25,-1.01,-3.28,-3.42,-6.91
198311,3.44,2.18,3.11,4.5,3.46,3.31,0.56,3.38,6.02,3.74,2.76,4.25,4.06,2.64,-0.78,2.62,2.97,3.65
198312,-0.28,-0.8,-1.38,0.26,-0.99,-0.65,-0.91,-1.47,1.18,-0.21,-0.64,-1.39,1.47,-2.58,-0.7,-1.22,-1.78,-1.27
198401,0.17,0.01,-3.35,-1.54,-0.11,1.97,-2.39,-3.69,-0.69,-1.98,1.3,-1.76,0.08,3.78,-2.17,-2.71,-1.67,-4.96
198402,-2.99,-3.47,-5.31,-6.67,-2.36,-3.13,-3.53,-6.22,-6.4,-6.81,-0.62,-4.46,-4.25,-2.16,-3.46,-3.64,-5.5,-6.69
198403,2.21,1.01,1.02,2.98,1.85,0,1.79,0.88,3.52,2.7,1.74,1.98,2.68,-2.28,2.14,1.26,0.51,1.12
198404,0.95,1.04,-0.39,-2.13,2.06,1.24,0.07,-0.12,-3.15,-1.6,2.83,1.1,0.74,1.7,0.68,-0.87,-0.09,-0.14
198405,-5.9,-4.92,-4.66,-6.42,-5.86,-4.61,-4.44,-5,-6.73,-6.26,-5.6,-6.19,-4.93,-4.32,-4.7,-4.05,-5.52,-4.67
198406,1.32,3.37,3.24,1.93,1.79,4.56,2.49,3.02,2.97,1.4,0.93,2.79,2.81,6.1,1.75,3.61,2.37,3.45
198407,-4.4,-1.23,-1.65,-5.83,-3.03,-1.19,0.56,-3.16,-6.87,-5.25,-3.2,-2.85,-1.78,-0.74,0.34,0.75,-1.71,-4.54
198408,12.62,9.96,12.46,13.11,11.05,10.23,10.62,13.05,11.49,14.02,12.22,9.78,10.74,9.84,9.56,11.57,12.09,14
198409,0.87,0.61,-1.7,-0.37,0.55,1.04,0.43,-2.65,-1.35,0.15,1.89,-0.92,1.38,0.79,1.2,-0.25,-2.57,-2.73
198410,-1.13,1,-0.07,-0.88,-0.98,1.33,1.56,-0.99,-2.99,0.23,-1.34,-0.58,0.52,1.91,1.85,1.29,-0.85,-1.11
198411,-0.31,-0.38,-2.68,-1.27,0.21,-0.61,-1.02,-3.32,-2.3,-0.77,0.46,-0.06,-0.4,-0.75,-0.21,-1.75,-2.81,-3.8
198412,1.99,2.53,2.71,-0.16,2.59,2.54,3.23,2.57,0.76,-0.6,3.66,1.4,3.14,2.1,3.57,2.92,2.06,3.05
198501,7.62,7.11,11.39,8.91,6.13,7.46,8.66,12.8,10.9,7.94,6.64,5.56,6.61,8.08,7.84,9.41,12.17,13.41
198502,2.71,1.95,1.03,3.11,2.14,2.17,1.11,1.26,2.7,3.31,2.41,1.83,2.4,2.01,1.59,0.69,1.4,1.13
198503,1.64,0.37,-2.28,0.7,1.63,-0.02,-0.67,-2.49,-0.12,1.11,2.36,0.81,0.82,-0.63,0.78,-1.97,-2.14,-2.82
198504,-0.17,-0.1,-0.92,-1.63,0.38,0.54,-0.81,-1.26,-1.27,-1.8,0.96,-0.28,0.8,0.36,-1.22,-0.42,-0.27,-2.22
198505,5.19,5.89,6.16,3.99,4.96,5.98,6.69,6.48,2.44,4.75,6.1,3.67,5.33,6.45,7.77,5.7,7.45,5.53
198506,1.09,2.12,1.52,1.3,1.2,1.89,1.55,2.47,0.36,1.75,0.93,1.55,2.87,1.18,3.04,0.16,2.38,2.55
198507,-0.2,-0.63,0.65,-0.54,-0.47,-0.08,0.2,0.09,-0.8,-0.41,0.32,-1.32,0.07,-0.26,-1.17,1.42,1.03,-0.7
198508,0.38,-0.2,-1.65,-0.01,0.7,-0.26,-0.98,-1.87,-0.71,0.34,0.95,0.43,-0.56,0.08,-0.54,-1.35,-1.45,-2.23
198509,-2.8,-3.48,-5.03,-2.5,-2.35,-3.72,-4.28,-5.74,-4.41,-1.59,-3.23,-1.35,-3.58,-3.88,-4.54,-4.05,-5.2,-6.21
198510,3.34,5.19,4.81,2.6,4.68,5.59,5.05,4.33,2.03,2.86,4.44,4.96,5.16,6.06,4.6,5.45,3.33,5.18
198511,5.89,7.32,7.56,7.02,5.1,7.89,7.43,7.48,8.73,6.23,4.27,6.06,8.18,7.57,7.16,7.66,8.53,6.61
198512,3.5,4.51,5.24,4,3.34,4.79,5.73,3.96,3.53,4.22,2.75,4.03,5.75,3.74,4.31,6.95,4.06,3.87
198601,-1.09,1.58,1.7,-1.61,0.35,1.66,1.34,2.22,-3.25,-0.85,-0.33,1.14,0.7,2.73,1.72,1.02,2.83,1.7
198602,6.41,8.95,7.16,7.97,6.36,8.89,6.97,8.71,4.47,9.54,4.16,8.87,9.3,8.43,9.15,5.12,8.53,8.86
198603,5.7,5.99,4.6,5.63,5.38,5.9,5.64,4.64,3.18,6.69,5.79,4.94,5.53,6.31,6.89,4.54,4.2,5.01
198604,0.72,-2.28,-0.07,0.66,-0.77,-2.34,-0.61,-0.59,3.16,-0.39,0.8,-2.48,-1.87,-2.84,-2.03,0.66,-0.03,-1.06
198605,6.06,5.4,4.15,6.17,5.89,5.33,3.76,5.36,3.5,7.33,5.91,5.86,5.45,5.2,5.21,2.5,5.21,5.48
198606,1.03,2.89,-0.45,1.64,1.63,2.69,1.68,-1.17,-0.23,2.42,0.11,3.35,2.54,2.85,2.95,0.55,-1.75,-0.67
198607,-7.1,-3.91,-7.71,-10.1,-4.29,-4.11,-5.01,-8.32,-11.31,-9.4,-4.73,-3.87,-4.6,-3.67,-3.46,-6.4,-8.41,-8.2
198608,9.34,7.08,5.01,9.85,8.14,7.62,5.2,5.05,7.79,11.02,8.95,7.37,7.87,7.39,5.5,4.93,5.6,4.38
198609,-4.26,-9.11,-8.78,-3.63,-6.37,-9.19,-9.92,-8.22,-5.56,-2.56,-4.72,-8,-8.6,-9.71,-9.87,-9.97,-7.25,-9.4
198610,5.99,5.57,4.42,4.53,6.04,5.19,6.51,3.7,4.67,4.45,7.07,4.98,5.39,5.01,7.06,5.99,1.52,6.38
198611,1.77,2.21,1.1,0.73,2.19,2.7,1.21,1.09,1.92,0.06,2.53,1.83,3.15,2.29,1.32,1.11,1.75,0.33
198612,-3.16,-2.22,-3.23,-2.34,-3.11,-2.14,-2.15,-3.78,-3.49,-1.68,-3.74,-2.43,-1.97,-2.28,-2.24,-2.05,-4.08,-3.42
198701,11.25,13.17,12.99,13.49,11.24,13.23,13.32,12.78,15.01,12.64,9.62,12.94,12.72,13.69,13.2,13.43,10.78,15.15
198702,2.72,3.49,7.07,5.5,1.37,3.23,6.06,7.22,6.73,4.83,0.66,2.1,3.29,3.17,5.34,6.75,7.52,6.87
198703,5.65,1.53,1.12,5.86,4.33,1.35,0.75,1.25,6.97,5.25,5.49,3.15,1.04,1.63,0.65,0.85,2.2,0.16
198704,-0.57,-2.14,-1.39,-0.29,-1.02,-2.2,-2.1,-1.33,-2.47,0.95,-0.78,-1.27,-2.16,-2.24,-2.72,-1.51,0.35,-3.31
198705,1.88,0.52,0.25,2.24,1.25,0.72,0.21,0.06,1.16,2.84,1.6,0.88,0.72,0.73,-0.28,0.68,0.91,-0.99
198706,4.88,5.41,3.67,4.36,4.94,5.64,4.73,3.51,2.37,5.46,5.29,4.55,5.54,5.72,5.52,4,3.15,3.96
198707,5.49,3.56,4.69,6.11,5.01,2.6,4.85,4.25,5.4,6.43,4.71,5.32,3.34,1.92,4.24,5.52,5.44,2.5
198708,3.5,4.05,4.42,1.6,5.13,3.78,4.35,4.49,0.29,2.18,5.92,4.32,3.27,4.27,4.41,4.28,5.11,3.53
198709,-1.15,-2.03,-2.95,-1.6,0.24,-2.68,-2.83,-3.2,-1.87,-1.49,-0.61,1.12,-0.86,-4.4,-3.12,-2.5,-2.55,-4.21
198710,-22.22,-20.56,-24.91,-23.24,-19.54,-19.91,-23.53,-25.95,-27.56,-21.37,-21.01,-18.04,-18.49,-21.3,-24.01,-23.02,-24.31,-28.56
198711,-8.36,-6.8,-8.05,-8.27,-6.23,-7.6,-7.43,-8.44,-8.56,-8.16,-8.47,-4,-7.75,-7.45,-7.51,-7.36,-8.32,-8.64
198712,6.27,6.66,8.82,7.44,4.55,6.94,8.7,8.66,6.62,7.77,4.94,4.17,5.71,8.17,8.32,9.11,7.82,10.09
198801,6.01,4.22,4.16,6.6,4.88,4.06,4.84,3.48,6.91,6.47,5.32,4.45,5.76,2.39,4.36,5.33,3.46,3.51
198802,5.65,4.52,5.5,5.12,5.7,3.96,5.04,5.88,7.75,4.06,6.27,5.15,3.3,4.62,5.22,4.85,4.83,7.64
198803,-0.16,-2.91,-2.07,0.82,-1.71,-2.96,-2.59,-2.32,0.97,0.75,-1.32,-2.08,-2.15,-3.76,-3.51,-1.64,-3.49,-0.42
198804,2.01,0.85,0.42,2,1.48,1.12,0.84,-0.23,0.82,2.49,2.03,0.94,0.78,1.45,0.19,1.5,-0.22,-0.23
198805,0.03,0.87,-0.05,-0.02,0.59,1.06,0.17,-0.11,-1.54,0.6,0.1,1.08,1.57,0.55,0.29,0.05,0.85,-1.63
198806,2.25,5.71,6.44,1.25,4.05,6.49,5.31,6.92,3.13,0.5,3.44,4.64,6.3,6.68,4.98,5.65,6.13,8.21
198807,-0.54,-0.29,-1.71,-0.55,0.12,-0.23,-1.01,-2.43,-0.8,-0.37,-0.54,0.62,-0.08,-0.4,-1.27,-0.71,-1.5,-3.56
198808,-2.22,-2.31,-3.87,-1.81,-2.22,-2.29,-3.23,-3.91,-2.52,-1.33,-2.57,-1.96,-1.85,-2.79,-2.7,-3.83,-3.96,-3.83
198809,3.3,4.1,4.19,2.41,4.19,3.29,5.07,3.89,3.28,1.84,4.07,4.28,2.52,4.19,5.47,4.61,4.56,3.04
198810,3,1.79,1.52,1.13,3.13,1.85,2.63,-0.33,0.97,1.24,4.58,2.05,1.55,2.19,1.42,4.04,0.34,-1.19
198811,-0.81,-1.61,-2.49,-1.97,-0.74,-1.67,-1.7,-3.07,-3.35,-1.04,0.14,-1.42,-1.39,-1.98,-1.67,-1.74,-3.06,-3.08
198812,1.7,1.93,2.72,2.27,1.65,2.14,1.47,3.69,2.82,1.91,1.25,1.96,1.79,2.55,1.52,1.41,3.52,3.91
198901,7.19,6.16,7.21,6.95,6.37,6.29,7.1,6.75,6.75,7.09,7.38,5.58,6.4,6.16,6.48,7.85,6.4,7.21
198902,-0.22,-1.93,-2.34,0.15,-1.11,-2.09,-2.3,-2.08,-0.93,0.85,-0.51,-1.59,-1.98,-2.22,-1.97,-2.7,-2.84,-1.11
198903,3,2.28,1.69,2.65,3.64,1.37,1.78,2.13,2.21,2.92,3.27,3.94,2.57,0,2.36,1.09,2.47,1.7
198904,4.94,5.07,5.12,4.39,5.65,4.1,5.43,5.44,3.74,4.8,5.34,5.89,3.7,4.56,6.05,4.68,5.42,5.46
198905,4.25,4.28,3.93,4.57,4.52,3.43,4.38,4.35,4.74,4.47,3.99,4.9,3.73,3.08,5.21,3.35,4.67,3.95
198906,-0.28,-0.25,-1.38,-0.32,0.18,0.44,-1.2,-2.33,-0.54,-0.18,-0.25,0.49,-0.02,0.98,-2.13,-0.04,-1.54,-3.36
198907,8.03,7.62,8.39,8.6,7.32,8.51,7.48,8.24,9.05,8.35,7.48,7.08,8.65,8.39,6.42,8.75,9.67,7.18
198908,1.99,1.84,2.6,2.51,1.2,1.7,2.2,3.07,4.05,1.67,1.48,0.77,1.78,1.63,2.85,1.44,2.52,3.5
198909,0.89,-0.46,-0.33,1.36,-0.03,0.38,-0.92,-0.51,0.2,2,0.41,-0.69,-1.11,1.62,-1.81,0.13,0.49,-1.27
198910,-2.05,-3.44,-2.89,-3.31,-2.16,-2.82,-3.47,-2.88,-4.15,-2.86,-0.76,-4.27,-3.39,-2.36,-3.96,-2.89,-2.38,-3.28
198911,2.65,1.86,0.97,2.4,2.53,2.22,0.65,1.31,3.4,1.87,2.89,1.96,1.67,2.67,1.12,0.11,1.44,1.22
198912,3.64,1.63,0.85,3.9,2.99,1.4,2.45,-0.21,2.46,4.67,3.39,2.36,1.41,1.39,1.53,3.52,-0.97,0.39
199001,-7.02,-7.1,-7.43,-7.68,-6.33,-8.2,-6.9,-7.06,-7.31,-7.87,-6.36,-6.28,-7.56,-8.72,-5.64,-8.37,-8.04,-6.3
199002,1.79,1.45,1.67,2.27,1.23,0.83,1.64,2.25,2.22,2.3,1.32,1.08,0.66,0.96,2.83,0.21,1.98,2.44
199003,2.22,2.09,3.12,2.9,1.68,2.51,2.13,3.19,2.04,3.35,1.54,1.89,1.68,3.2,1.49,2.92,2.16,3.97
199004,-3.73,-2.47,-2.1,-3.66,-3.94,-1.9,-2.75,-1.65,-3.1,-3.95,-3.8,-4.15,-2.42,-1.47,-2.33,-3.27,-1.18,-2
199005,8.27,9.2,9.66,7.64,8.3,10.23,8.73,9.95,10.09,6.35,8.89,7.35,9.04,11.18,8.6,8.89,11.72,8.62
199006,-1.52,-0.31,0.01,-2.7,-0.66,0.57,-1.54,0.68,-1.59,-3.3,-0.37,-1.15,0.28,0.8,-1.34,-1.78,1.24,0.25
199007,1,-0.8,-2.9,-0.07,0.51,-1.37,-0.08,-4.03,-0.3,0.03,1.78,-0.97,-1.99,-0.51,0.12,-0.44,-3.12,-4.99
199008,-7.87,-9.03,-11.04,-8.97,-6.97,-9.71,-10.01,-10.85,-10.5,-8.28,-7.09,-6.84,-9.48,-10.01,-9.19,-11.41,-10.56,-11.17
199009,-3.68,-4.2,-8.49,-6.43,-1.8,-4.02,-6.69,-8.51,-7.55,-5.94,-1.75,-1.85,-3.22,-5.1,-5.71,-8.44,-7.7,-9.4
199010,-2.43,0.34,-2.74,-5.17,-0.53,0.44,-0.36,-3.02,-6.67,-4.52,-0.62,-0.42,0.45,0.43,0.6,-2.14,-2.92,-3.13
199011,4.78,6.18,9.55,6.31,4.76,5.37,7.44,10.63,4.69,7.01,3.82,5.87,5.93,4.62,7.52,7.28,10.31,11
199012,2.22,2.5,4.56,2.82,1.92,2.3,3.58,4.54,0.91,3.62,1.83,2.03,2.4,2.15,3.05,4.59,4.34,4.76
199101,1.84,4.34,8.57,3.59,1.71,5.77,4.34,9.43,6.53,2.38,0.7,2.9,5.66,5.91,3.07,6.71,8.45,10.5
199102,7.42,7.21,8.26,9.22,6.71,7.02,7.34,8.75,11.32,8.32,6.21,7.29,6.7,7.48,7.43,7.17,7.59,10
199103,2.62,2.81,3.79,3.02,2.12,1.65,4.07,4.37,1.79,3.56,2.34,1.88,-0.06,4.02,4.95,2.47,3.98,4.78
199104,1.24,-0.17,0.41,0.33,0.76,-0.22,0.93,-0.49,0.59,0.21,1.9,-0.52,-1.52,1.51,0.09,2.49,-0.66,-0.32
199105,1.7,3.89,5.62,2.56,1.62,3.79,5.52,5.13,2,2.81,1.1,2.22,3.72,3.88,4.86,6.7,4.62,5.67
199106,-3.92,-4.3,-5.06,-5.91,-2.83,-4.59,-4.39,-5.4,-7.28,-5.32,-2.51,-3.21,-5.52,-3.39,-4.44,-4.29,-4.43,-6.4
199107,4.17,4.06,5.51,3.58,4.44,3.94,4.39,6.16,2.48,3.95,4.6,4.28,3.22,4.58,4.15,4.55,5.04,7.83
199108,2.9,1.93,3.61,2.04,3.06,1.37,2.53,4.39,1.24,2.3,3.53,2.61,1.64,1.13,2.65,2.45,4.27,4.56
199109,-0.51,-0.85,-1.64,-2.24,0.28,-0.2,-1.76,-1.93,-0.97,-2.65,0.74,-0.18,0.55,-0.85,-2.59,-1.19,-2.24,-1.49
199110,1.84,1.72,1.48,1.11,2.65,1.13,1.51,1.75,4.92,-0.16,2.35,2.95,1.38,0.9,2.16,1.08,1.38,2.28
199111,-3.22,-4.96,-2.51,-4.96,-2.84,-5.51,-3.85,-2.02,-4.77,-5.03,-2.02,-3.63,-5.11,-5.87,-4.7,-3.26,-2.27,-1.66
199112,9.33,9.18,13.58,8.74,9.27,8.5,11.08,15.08,9.23,8.57,9.72,8.82,7.16,9.7,10.81,11.25,15.22,14.88
199201,2.42,-1.5,-0.42,8.44,-0.8,-1.91,-0.64,-0.7,11.99,7.22,-1.59,0,-1.98,-1.85,-1.66,0.03,-2.15,1.34
199202,2.86,1.42,0.81,5.13,1,1.74,0.76,1.01,3.99,5.54,1.2,0.81,2.44,1.13,1.16,0.5,1.12,0.85
199203,-1.9,-1.76,-2.71,-2.05,-1.85,-1.34,-1.21,-4.18,-2.83,-1.77,-1.78,-1.92,-1.72,-1,-2.48,-0.37,-2.79,-6.08
199204,1.6,3.65,-0.07,-0.2,3.57,4.72,1.71,-1.47,-3.14,0.84,2.97,4.18,5.3,4.21,1.16,2.07,-0.91,-2.28
199205,0.5,0.65,0.71,1.21,0.68,0.81,0.34,0.74,0.09,1.58,-0.03,1.39,0.95,0.68,-0.16,0.66,0.44,1.17
199206,-1.9,-1.16,-2.76,-1.68,-1.59,-0.61,-2.3,-3.11,-2.56,-1.39,-2.07,-1.12,0.18,-1.32,-2.36,-2.25,-2.63,-3.8
199207,3.39,3.99,4.39,3.51,3.56,4.25,4.34,4.17,3.82,3.34,3.29,3.7,5.46,2.96,3.67,4.74,4.37,3.96
199208,-3.7,-1.79,-2.04,-4.27,-1.94,-2.24,-1.15,-2.66,-4.91,-3.91,-3.25,-1.23,-1.49,-3.06,-1.3,-1.06,-3.06,-2.25
199209,1.4,0.86,1.89,2.63,0.49,0.81,1.42,2.23,0.38,3.88,0.44,0.52,1.34,0.23,1.5,1.37,2.03,2.43
199210,2.21,-0.57,2.78,1.67,0.44,-1.6,2.13,3.36,0.81,2.13,2.65,-0.75,-2.18,-0.94,2.6,1.86,2.35,4.38
199211,3.74,3.12,5.53,4.46,2.85,3.11,3.86,6.53,3.27,5.1,3.16,2.68,2.08,4.26,3.73,3.94,6.26,6.79
199212,2.04,1.48,1.93,3.37,2.15,0.85,1.93,1.75,2.42,3.86,0.97,2.81,1.86,-0.24,1.41,2.24,2.28,1.22
199301,3.32,0.96,0.34,4.69,2.78,0.78,-1.14,1.14,4.41,4.83,2.2,3.1,0.64,0.95,-1.43,-0.97,1.29,0.99
199302,2.09,2.36,-1.92,1.62,3.3,1.87,-0.02,-2.45,1.25,1.81,2.49,3.75,1.39,2.39,1.74,-1.03,-0.68,-4.21
199303,2.96,2.61,2.14,2.46,3.83,1.3,3.26,1.77,4.54,1.39,3.37,4.08,1.28,1.31,4.12,2.75,1.87,1.68
199304,-1.41,-2.06,-4.05,-1.18,-1.18,-2.63,-2.49,-4.88,-0.74,-1.41,-1.61,-0.95,-2.92,-2.3,-2.15,-2.69,-3.02,-6.8
199305,2.88,2.2,4.1,3.06,2.26,2.04,2.4,5.34,3.41,2.87,2.73,2.01,1.41,2.71,2.89,2.11,5.29,5.39
199306,0.63,1.13,-0.28,1.4,0.71,0.98,1.13,-0.98,0.77,1.74,-0.01,1.1,1.31,0.63,1.55,0.88,-1.29,-0.64
199307,0.64,0.62,-1.58,1.46,0.68,1.15,-1.28,-1.75,4.19,0.12,-0.08,1.5,1.93,0.32,-1.19,-1.35,-1.38,-2.07
199308,4.16,3.55,4.01,4.73,3.82,3.5,3.77,3.88,5.32,4.42,3.65,4.01,3.38,3.62,3.21,4.21,3.22,4.46
199309,0.76,-0.66,0.42,0.6,0.79,-1.09,-0.57,0.81,0.97,0.41,0.9,0.69,-0.91,-1.29,-1.14,-0.13,-0.12,1.62
199310,2.08,1.49,1.65,3.47,0.8,2.04,1.16,1.97,3.73,3.33,0.82,0.78,2.41,1.65,1.13,1.18,2.26,1.73
199311,-2.08,-1.92,-0.63,-1.79,-2.63,-1.53,-1.19,-0.49,-2.67,-1.33,-2.35,-2.94,-1.11,-1.99,-1.67,-0.82,-1.21,0.14
199312,1.63,1.97,1.87,1.65,1.27,1.93,2.91,1.23,1.04,1.96,1.62,0.89,2.69,1.1,3.08,2.78,1.96,0.62
199401,4.27,2.58,2.92,4.29,3.44,2.96,2.4,3.01,5.31,3.79,4.26,2.55,2.56,3.41,1.87,2.8,3.1,2.92
199402,-3.01,-2.93,-1.29,-2.68,-3.26,-3.51,-1.79,-0.82,-4.68,-1.71,-3.32,-3.19,-3.37,-3.66,-1.56,-1.97,-2.32,0.5
199403,-4.21,-3.98,-5,-4.43,-3.9,-4.33,-4.01,-5.4,-5.57,-3.89,-4,-3.79,-4.54,-4.1,-3.47,-4.41,-4.51,-6.15
199404,1.75,1.36,0.28,1.31,1.95,1.3,0.53,0.43,1.53,1.21,2.15,1.72,1.86,0.67,1.13,0.07,1.7,-0.67
199405,1.44,0.68,1.09,1.96,0.84,-0.13,1.96,0.62,0.8,2.48,0.98,0.69,-0.11,-0.15,2.21,1.76,0.46,0.76
199406,-2.8,-1.68,-3.66,-2.84,-1.36,-1.93,-3.29,-3.71,-4.6,-2.05,-2.77,0.2,-1.76,-2.13,-2.92,-3.57,-3.1,-4.25
199407,3.29,2.82,3.44,3.04,3.73,2.67,2.73,3.31,2.47,3.38,3.51,3.93,2.69,2.64,1.81,3.76,4.59,1.88
199408,4.19,3.68,5.44,5.97,3.35,3.02,4.21,6.05,5.41,6.31,2.6,4.06,2.96,3.09,4.51,3.88,3.85,8.61
199409,-1.7,-1.67,-2.66,-0.1,-2.39,-1.79,-2.46,-2.31,0.45,-0.43,-3.18,-1.66,-2.35,-1.15,-1.45,-3.58,-3.12,-1.41
199410,1.4,1.8,2.13,0.95,2.09,1.35,1.58,2.54,-0.55,1.86,1.83,2.33,0.5,2.29,2.05,1.04,3.2,1.81
199411,-4.33,-3.16,-3.54,-4.4,-3.85,-3.44,-3.02,-3.42,-3.27,-5.06,-4.27,-3.46,-4.7,-2.07,-2.26,-3.88,-3.67,-3.13
199412,1.36,1.48,1.13,1.75,0.89,1.69,1.43,1.22,1.61,1.84,0.99,0.81,1.98,1.38,1.9,0.89,1.82,0.55
199501,1.22,2.55,2.6,0.69,2.64,1.99,3.02,2.23,1.99,-0.09,1.72,3.49,1.69,2.31,2.51,3.6,2.58,1.83
199502,4.57,3.6,4.25,4.58,3.86,4.25,3.03,4.61,4.46,4.66,4.55,3.24,3.72,4.8,2.8,3.29,5.12,4.02
199503,3.87,2.05,2.55,3.89,2.94,1.77,2.11,2.87,2.05,5.02,3.85,2.11,2.27,1.26,2.51,1.66,1.99,3.9
199504,2.97,2.79,2.1,3.7,2.99,2.24,2.44,2.13,1.52,4.99,2.29,3.64,1.79,2.72,2.82,2.01,1.94,2.34
199505,3.34,3.5,3.71,2.47,3.75,3.04,4.1,3.75,3.81,1.71,4.17,3.37,2.53,3.55,4.55,3.59,3.88,3.61
199506,1.45,2,5.31,2.96,0.76,2.69,2.67,5.73,3.26,2.79,0.03,1.43,2.77,2.61,1.38,4.18,4.93,6.64
199507,3.67,3.16,5.64,3.4,2.43,4.2,4.29,5.87,4.53,2.24,4.07,1.16,3.87,4.56,3.34,5.14,4.27,7.62
199508,1.57,0.89,0.73,1.7,0.68,0.8,1.36,0.7,2.04,1.34,1.39,0.12,0.84,0.76,2,0.79,0.24,1.19
199509,3.63,4.12,3.68,3.72,4.42,3.98,3.2,3.91,4.73,2.66,3.5,5.15,3.31,4.7,3.21,3.19,4.29,3.52
199510,-1.54,-0.51,-1.46,-2.14,-0.19,0.1,-2.14,-1.34,-1.46,-2.86,-0.64,0.16,0.85,-0.7,-2.62,-1.7,-1.67,-1
199511,4.87,5.42,2.71,5.12,4.48,5.7,4.85,2.16,4.57,5.71,4.5,4.47,5.54,5.88,5.96,3.88,2.66,1.63
199512,2.99,2.46,-0.65,4.34,1.9,2.61,1.44,-1.39,5.49,3.16,1.05,2.55,3.06,2.13,2.04,0.89,-1.5,-1.26
199601,4.03,2.74,1.89,3.51,3.13,3,2.96,1.49,3.73,3.27,4.79,1.86,2.19,3.89,3.22,2.72,2.32,0.61
199602,1.25,1.05,3.08,0.66,1.56,0.82,2.76,2.65,0.23,1.11,2.11,1.12,0.69,0.96,1.47,3.98,1.54,3.85
199603,0.8,1.2,1.18,1.06,1.12,0.88,1.48,0.96,1.06,1.06,0.41,1.68,1.24,0.5,1.33,1.63,0.61,1.33
199604,1.92,0.91,4.21,3.07,0.77,0.6,1.7,5.23,3.94,2.15,0.24,1.19,0.81,0.37,1.24,2.12,4.43,6.09
199605,1.93,2.34,3.75,2.46,1.58,2.35,3.35,3.7,3.79,1.02,1.14,1.93,2.47,2.22,2.81,3.84,4.42,2.96
199606,0.03,0.2,-1.67,0.19,0.83,0.49,-1.27,-2.22,0.29,0.08,-0.2,1.62,0.78,0.16,-2.11,-0.52,-0.86,-3.66
199607,-4.5,-4.62,-6.96,-4.84,-4.34,-4.63,-5.15,-7.42,-5.87,-4,-3.96,-4.72,-4.39,-4.8,-4.54,-5.86,-4.44,-10.25
199608,1.68,2.78,4.52,2.38,1.1,3.25,3.71,4.42,1.06,3.44,0.59,1.63,4.28,2.47,2.81,4.75,3.89,4.94
199609,3.88,4.75,6.91,4.06,3.61,4.18,5.98,7.63,2.45,5.32,3.6,3.63,4.42,4,6.65,5.22,7.77,7.5
199610,2.67,2.65,-0.4,2.21,3.34,2.38,1.54,-0.67,2.09,2.3,3.41,3.28,3.16,1.8,2.66,0.24,1.11,-2.45
199611,6.32,6.81,7.3,6.58,5.94,7.06,6.38,8,4.99,7.79,5.92,5.97,5.82,8,7,5.64,9.07,6.9
199612,-0.04,-1.33,-1.95,-0.97,0.61,-0.71,-3.01,-1.62,1.07,-2.48,1.43,-0.22,-1.13,-0.41,-3.24,-2.74,-0.29,-3.01
199701,5.1,5.29,6.05,5.68,4.66,5.13,5.26,6.6,4.57,6.52,4.21,5.12,6.62,4.05,5.74,4.68,9.05,3.98
199702,0.91,1.24,-1.76,0.29,0.65,2.56,1.28,-3.46,1.83,-0.88,1.88,-0.61,2.63,2.5,0.26,2.51,-3.29,-3.64
199703,-3.93,-4.28,-5.17,-4.76,-2.05,-5.26,-4.17,-5.81,-5,-4.57,-2.65,-1.42,-5.8,-4.87,-4.61,-3.64,-4.4,-7.41
199704,3.15,5.84,4.58,4.2,2.17,5.33,6.62,5.02,2.34,5.59,1.6,2.77,6.42,4.53,9.22,3.56,9.1,0.23
199705,6.1,6.15,8.59,5.92,6.18,6.5,6.07,9.44,5.23,6.42,6.37,5.97,7.57,5.69,5.65,6.59,7.39,12.09
199706,4.34,4.81,3.5,4.42,4.29,4.96,4.89,2.9,4.62,4.28,4.21,4.38,4.3,5.47,4.84,4.96,2.33,3.61
199707,6.28,6.8,10.02,6.29,6.61,5.6,8.47,11.21,7.95,5.28,6.28,7.01,4.15,7.07,9.47,7.51,13.83,7.92
199708,-3.63,-4.49,-3.07,-2.85,-4.01,-4.92,-4.65,-2.21,0.41,-4.88,-4.29,-3.68,-5.42,-4.43,-4.35,-4.94,-1.86,-2.67
199709,5.66,5.52,6.21,5.94,5.77,5.22,6.47,5.66,5.98,5.91,5.42,6.17,5.38,5.08,5.5,7.42,4.72,6.93
199710,-3.28,-2.48,-4.59,-2.8,-3.58,-2.21,-3.05,-4.85,-1.84,-3.43,-3.68,-3.47,-2.02,-2.4,-2.03,-4.03,-6.17,-3.09
199711,4.27,3.87,2.66,4.03,4.05,4.01,4.89,1.19,4.05,4.02,4.48,3.54,5,3.04,3.9,5.85,2.16,-0.04
199712,3.24,2.57,-0.3,2.87,3.08,2.86,1.31,-0.76,3.25,2.61,3.55,2.52,1.88,3.82,2,0.65,-2.37,1.38
199801,-0.22,0.09,2.28,1.08,-1.18,-0.01,1.57,2.58,0.1,1.75,-1.32,-1.02,0.37,-0.38,1.47,1.66,4.12,0.6
199802,5.53,7.71,8.41,4.83,6.16,7.3,7.88,9.75,5.43,4.42,6.15,6.17,5.39,9.15,10.17,5.65,11.08,7.97
199803,3.95,5.88,4.95,5.7,3.94,5.53,6.7,4.17,5.26,6,2.45,5.71,6.02,5.07,6.79,6.61,3.2,5.5
199804,0.29,1.22,1.93,-1.42,1.11,0.19,2.42,2.62,-1.18,-1.58,1.79,0.32,-0.47,0.82,4.3,0.51,2.14,3.29
199805,-1.35,-1.6,-4.1,-0.84,-1.4,-1.41,-2.73,-4.68,-1.63,-0.32,-1.78,-0.95,-1.39,-1.43,-2.59,-2.88,-4.75,-4.57
199806,1.91,3.15,5.78,0.83,1.74,3.97,4.3,6.32,-2.02,2.72,2.83,0.48,3.53,4.38,3.96,4.67,8.22,3.66
199807,-2.05,-1.92,-2.17,-3.04,-0.86,-1.87,-3.41,-1.93,-2.21,-3.82,-1.08,-0.66,-2.44,-1.49,-4.36,-2.68,-0.57,-4
199808,-11.99,-15.39,-18.42,-14.09,-12.84,-14.91,-16.65,-19.24,-17.04,-11.31,-9.96,-15.65,-13.95,-15.53,-16.63,-16.66,-18.06,-21.09
199809,6.93,4.57,9.05,7.97,3.81,5.59,7.36,9.54,9.5,6.6,5.99,1.56,6.08,5.26,6.51,8,10.62,7.78
199810,6.96,8.79,5.94,5.96,9.15,8.2,8.13,4.81,7.42,4.64,7.9,10.57,7.88,8.43,7.82,8.36,4.35,5.58
199811,6.56,5.23,8.34,6.91,5.54,4.98,8.72,7.53,8.59,5.45,6.25,4.76,5.42,4.69,6.96,10.01,8.62,5.7
199812,4.07,6.48,8.48,5.42,5.47,5.24,7.67,8.83,8.69,2.47,2.85,8.41,4.1,6.03,7.52,7.77,10.29,6.31
199901,-0.69,1.82,9.74,1.22,1.06,0.16,4.64,11.48,4.19,-1.63,-2.51,4.73,-0.07,0.32,2.42,6.22,14.72,5.78
199902,-2.56,-1.52,-7.63,-1.75,-3.23,0.14,-5.04,-8.6,-1.55,-1.96,-3.35,-3.11,1.24,-0.61,-4.24,-5.59,-10.02,-5.88
199903,4.19,2.77,4.43,5.94,2.59,2.77,2.94,5.14,10.31,1.71,2.48,2.7,1.33,3.77,2.88,2.98,7.17,1.42
199904,6.42,3.88,3.23,6.17,4.01,4.11,4.79,3.37,1.59,10.97,6.68,1.46,3.87,4.28,7.48,2.94,-1.11,12.08
199905,-0.56,-1.26,-3.21,-2.57,0.16,-2.45,-0.93,-3.08,-4.05,-1.15,1.46,-1.13,-2.94,-2.12,2.61,-3.48,-2.14,-4.68
199906,2.54,4.63,8.43,2.22,2.83,5.1,6.7,9,2.52,1.94,2.86,2.8,4.9,5.24,5.98,7.24,9.77,7.62
199907,-2.28,-1.97,-5.11,-0.62,-3.05,-1.92,-2.72,-5.78,-1.82,0.15,-4.66,-1.61,-0.23,-3.59,-2.35,-3.23,-3.4,-8.14
199908,-2.59,-0.04,-1.06,-2.02,-2.51,0.85,-0.96,-0.81,-3.48,-1.13,-3.44,-1.71,0.96,0.74,-0.37,-1.76,2.26,-3.98
199909,-3.41,-2.64,-1.84,-2.91,-3.3,-4.57,0.09,-2.14,-2.22,-3.33,-4.15,-2.57,-6.38,-2.72,0.87,-0.99,-3.23,-0.95
199910,4.49,5.73,8.56,2.8,4.18,4.93,9.42,8.64,7.63,-0.11,7.05,1.77,1.65,8.14,10.2,8.35,5.24,12.33
199911,1.44,2.8,4.46,1.42,2.77,3.55,2.12,4.6,0.57,1.97,1.49,3.9,0.64,6.23,0.71,4.06,5.16,4.03
199912,2.31,6.28,11.25,5.13,3.22,3.4,9.05,12.83,8.67,2.63,-1.51,7.31,-0.62,6.93,10.64,6.91,17.41,8.11
200001,-1.37,-4.64,-5.31,-1.62,-1.73,-4.87,-4.09,-6.59,-2.47,-0.98,-1,-2.3,1.43,-10.03,-5.89,-1.55,-7.86,-5.18
200002,-1.25,-0.55,6.15,2.27,-0.76,-2.12,2.31,5.94,9.14,-2.73,-6.33,3.68,-1.18,-2.98,-1,6.74,6.62,5.2
200003,7.77,7.9,7.05,5.09,9.26,6.9,7.76,7.83,2.52,7.19,12,7.29,10.38,3.62,10.06,4.89,11.83,3.41
200004,-2.93,-0.62,-9.18,-2.64,-2.84,-0.08,0.34,-12.72,-6.33,0.46,-3.34,-2.47,-0.06,-0.1,-0.1,0.92,-15.16,-9.8
200005,-2.73,-1.12,-5.62,-0.74,-3.86,-0.44,-2.08,-6.57,-4.53,2.23,-5.57,-2.59,0.34,-1.22,-1.13,-3.28,-8.33,-4.57
200006,1.11,2.12,7.77,2.09,1.46,0.59,5.83,7.63,7.03,-1.56,-0.36,2.76,1.7,-0.62,4.1,8.09,10.85,4.18
200007,0.37,-0.99,-3.35,-1.32,2.13,-1.41,-2.58,-3.23,-1.8,-0.84,2.81,1.73,-1.07,-1.78,-1.79,-3.97,-2.05,-3.85
200008,7.43,5.17,9.63,7.16,6.17,4.42,6.97,9.84,7.12,7.19,7.81,5.18,6.3,2.36,6.1,8.53,11.6,8.9
200009,-0.45,-0.63,-8.82,-2.41,-1.29,-0.51,0.3,-10.44,0.1,-4.87,2.24,-3.47,-1.7,0.85,0.63,-0.27,-16.13,-7.33
200010,1.13,0.28,-4.94,-0.61,1.24,-0.15,-0.25,-5.47,-2.09,0.95,3.32,-0.12,-1.08,0.89,0.99,-2.43,-3.71,-6.34
200011,-3.11,-3.98,-16.21,-5.98,-1.41,-2.91,-6.56,-18.04,-8.58,-3.29,0.35,-2.61,-5.78,0.21,-5.91,-7.76,-15.73,-19.22
200012,6.8,4.4,-2.44,6.59,5.13,5.42,4.47,-4.59,5.63,7.51,7.04,3.8,6.95,3.86,3.44,6.41,-1.75,-6.1
200101,-0.87,1.25,7.22,1.14,2.35,1.37,-0.04,8.56,-0.1,2.3,-3.19,6.2,1.5,1.23,-1.32,2.35,4.96,10.59
200102,-1.91,-3.96,-16.78,-3.02,-2.51,-3.89,-6.28,-18.52,-3.54,-2.55,-0.58,-3.74,-4.91,-2.8,-4.16,-10.07,-17.04,-19.33
200103,-4.29,-4.89,-9.54,-3.91,-3.69,-3.99,-6.85,-10.43,-4.12,-3.72,-4.73,-3,-3.23,-4.78,-7.05,-6.46,-6.77,-12.47
200104,5.35,6.14,11.32,6.57,6.55,4.02,7.6,12.52,6.97,6.22,3.9,8.25,3.1,5,7.76,7.3,10.13,13.95
200105,3.13,1.86,-0.45,3.64,2.48,2.29,1.22,-1.06,3.43,3.82,2.52,2.45,2.48,2.09,0.99,1.66,-3.87,0.58
200106,-1.99,-2.44,-0.27,-1.35,-2.08,-2.1,-2.15,-0.37,0.29,-2.83,-2.77,-1.66,-0.69,-3.6,-3.32,0.08,-0.54,-0.28
200107,-1.9,0.22,-3.47,-2.53,-0.82,-0.09,1.26,-4.29,-0.65,-3.83,-0.33,-0.98,1.39,-0.91,2.48,0.11,-1.08,-6.85
200108,-2.35,-3.33,-9.5,-2.27,-3.13,-3.14,-5.06,-10.27,-3.43,-1.46,-2.54,-3.32,-3.19,-3.11,-3.77,-6.3,-7.85,-12.31
200109,-8.57,-6.3,-11.37,-7.75,-7.11,-7.17,-5.73,-12.51,-8.13,-7.48,-10.56,-6.01,-4.69,-8.57,-4.65,-6.79,-10.48,-14.31
200110,0.83,1.24,4.6,0.91,2.64,0.62,-0.53,6.15,0.6,1.12,0.65,3.25,0.47,0.71,0.18,-1.24,4,8.13
200111,8.33,6.22,9.26,8,4.97,7.51,6.37,9.99,8.07,7.95,9.17,3.73,4.79,9.14,6.43,6.3,10.02,9.97
200112,2.52,2.13,1.06,1.96,2.8,3.05,1.15,0.68,4.07,0.57,3.89,2.46,4.06,2.46,-0.31,2.65,3.27,-1.61
200201,0.24,-1.08,-1.46,-0.16,-1.39,-0.01,-0.83,-1.94,2.98,-2.28,1.22,-2.21,1.23,-0.74,-2.16,0.49,-0.57,-3.21
200202,-0.53,0.53,-4.97,-0.83,0.69,0.66,-1.2,-5.67,-1.93,-0.05,0.19,0.85,1.24,0.32,-0.2,-2.17,-3.19,-8.04
200203,5.98,3.16,5.09,5.47,4.89,3.26,3.48,5.04,5.88,5.18,7.2,4.16,2.34,3.81,1.66,5.28,4.22,5.88
200204,-1.59,-3.2,-8.07,-2.17,-4.8,-1.48,-4.88,-8.53,-1.71,-2.49,-0.22,-6.29,2.4,-3.79,-3.39,-6.31,-7.54,-9.51
200205,-0.19,-0.59,-2.27,-0.29,0.6,-1.27,-0.34,-2.87,-1.08,0.26,0.04,0.8,-0.86,-1.53,-0.66,-0.02,-1.71,-4.03
200206,-5.15,-7.02,-7.67,-5.84,-4.46,-8.7,-5.94,-8.09,-6.29,-5.53,-3.58,-4.77,-7.2,-9.66,-5.74,-6.14,-6.12,-10.13
200207,-8.95,-7.64,-7.71,-8.68,-8.11,-7.73,-6.92,-9.02,-8.3,-9,-9.2,-6.34,-9.53,-6.23,-8.37,-6.19,-6.83,-11.28
200208,-1.19,1.7,0.66,-1.25,0.27,0.36,1.07,1.43,1.92,-3.87,-1.13,2.47,-1.94,2.22,3.62,-0.21,2.02,0.8
200209,-12.14,-9.59,-9.93,-12.95,-10.47,-10.41,-10.28,-8.8,-12.39,-13.44,-11.37,-9.1,-9.49,-11.12,-8.47,-11.21,-8.53,-9.09
200210,9.28,7.08,8.21,9.4,8.51,6.89,8.82,6.9,11.43,7.6,9.16,7.56,10.77,3.83,7.1,9.73,6.62,7.21
200211,10.51,5.63,4.02,12.75,6.66,5.6,5.25,3.64,11.97,13.48,8.44,4.02,6.04,5.23,6.78,4.46,1.92,5.56
200212,-7.6,-4.56,-5.72,-11.14,-4.15,-3.96,-5.86,-5.6,-9.82,-12.36,-4.21,-4.06,-4.78,-3.26,-5.88,-5.85,-3.99,-7.32
200301,-2.05,-2.7,-3.13,-2.21,-1.7,-3.22,-3.28,-2.72,-3.09,-1.38,-1.91,-1.38,-3.58,-2.92,-2.69,-3.6,-2.35,-3.12
200302,-2.06,-2.33,-1.43,-0.19,-3.15,-2.57,-1.27,-1.91,-1.37,0.91,-3.72,-2.26,-3.3,-1.96,-1.97,-0.89,-1.15,-2.76
200303,-0.09,0.76,2.09,-0.92,1.06,-1.06,2.59,1.96,-0.04,-1.72,0.67,1.66,0.28,-2.17,3.25,2.25,3.86,-0.22
200304,9.23,7.49,8.62,10.47,7.07,7.47,8.92,8.35,9.46,11.29,8.17,5.42,7.16,7.74,8.93,8.91,6.56,10.49
200305,9.21,5.81,5.1,11.9,6.25,8.61,2.74,6.67,14.16,10.11,6.89,5.26,5.31,11.41,1.65,3.33,4.96,8.64
200306,0.89,1.63,1.57,-0.07,0.65,1.95,2.7,0.71,0.38,-0.44,1.76,-1.09,1.38,2.41,2.94,2.57,-0.03,1.53
200307,3.44,2.22,2.18,3.61,2.2,2.64,2.39,1.51,3.7,3.53,3.06,1.76,2.05,2.87,1.75,2.93,0.65,2.76
200308,4.75,2.57,1.35,5.56,4.41,2.41,1.09,1.69,6.73,4.5,3.04,5.12,2.76,2.28,1.23,0.98,1.15,2.45
200309,-1.91,-1.29,-0.65,-2.16,-3.16,-1.29,0.06,-0.92,-3.79,-0.64,-1.37,-4.07,-1.16,-1.34,0.55,-0.34,-0.26,-1.85
200310,8.09,5.91,5.73,7.99,8.57,5.42,4.63,7.03,7.32,8.59,8.31,8.71,6.69,4.92,5.03,4.29,7.11,6.91
200311,2.97,1.42,0.93,3.56,1.13,1.34,1.04,1.53,3.78,3.37,1.71,0.83,3.59,0.43,1.97,0.24,1.69,1.3
200312,5.15,4.2,4.27,4.97,5.1,3.75,5.23,2.97,4.25,5.62,5.54,4.87,2.16,4.4,4.61,5.77,2.53,3.6
200401,4.13,1.29,2.49,4.91,0.82,1.04,2.58,2.4,5.62,4.29,2.43,-0.03,2.25,0.55,2.59,2.58,2.03,2.95
200402,0.8,1.68,1.69,0.6,0.08,2.9,0.93,2.32,-0.64,1.72,1.24,-0.55,2.13,3.22,0.88,0.98,2.4,2.21
200403,-1.63,-1.07,-1.31,-1.97,-1.69,-0.82,-2.02,0.19,-2.1,-1.87,-0.87,-2.14,-0.89,-0.8,-0.86,-3.01,-0.07,0.55
200404,-3.4,-1.89,-0.98,-4.41,-1.37,-1.48,-1.34,-1.87,-5.89,-3.02,-1.29,-1.42,-1.38,-1.52,-2.95,0.06,-0.93,-3.24
200405,1.71,0.83,1.71,2.55,0.84,0.33,1.75,1.49,2.51,2.59,0.01,1.3,-0.38,0.61,1.48,1.97,1.03,2.16
200406,2.15,1.73,2.03,1.7,2.18,1.28,2.77,1.27,1.85,1.56,3.09,1.69,2.32,0.87,2.6,2.9,1.19,1.4
200407,-5.54,-3.35,-3.89,-6.95,-3.92,-3.31,-2.51,-5.12,-8.48,-5.67,-3.31,-4.59,-3.14,-3.56,-2.87,-2.18,-3.14,-7.1
200408,-1.13,0.2,0.67,-2.2,0.35,-0.34,0.94,0.54,-2.65,-1.84,0.51,0.18,-0.53,-0.04,1.06,0.83,0.8,0.28
200409,0.71,1.7,2.05,0.4,2.48,1.57,0.85,3,-1.33,1.8,1.16,3.97,0.78,2.76,0.94,0.77,2.73,3.29
200410,2.28,1.71,1.01,3,2.68,0.97,1.78,0.45,2.63,3.28,1.22,4.36,0.8,1.2,1.78,1.77,0.86,0.03
200411,4.67,4.52,5.03,4.75,4.78,5.08,3.98,5.41,6.11,3.7,4.54,5.05,3.82,6.91,3.42,4.5,5.2,5.63
200412,3.52,3.68,3.52,4.47,3.19,3.86,3.1,3.81,4.35,4.56,2.1,4.42,3.86,3.86,3.09,3.11,4.23,3.38
200501,-4.11,-1.87,-2.72,-5.31,-2.48,-1.83,-1.17,-4.1,-6.36,-4.46,-2.27,-2.72,-2.69,-0.63,-1.57,-0.8,-2.02,-6.34
200502,1.77,2.22,2.21,2.11,1.63,3.36,1.93,1.41,2.89,1.49,1.25,2.05,3.24,3.54,0.48,3.28,1.42,1.39
200503,-1.05,-1.32,-2.52,-1.41,-0.84,-1.5,-2.33,-1.8,-2.6,-0.47,-0.51,-1.21,-2.06,-0.73,-1.07,-3.47,-2.29,-1.24
200504,-2.8,-2.49,-2.02,-3.52,-2.26,-3.12,-1.67,-2.04,-3.13,-3.81,-1.76,-2.83,-2.92,-3.39,-1.33,-1.99,-2.73,-1.27
200505,4.41,3.25,4.28,5.23,3.87,3.61,2.61,5.19,4.47,5.81,3.24,4.58,3.79,3.36,2.14,3.06,4.01,6.49
200506,0.77,0.47,0.92,1.45,0.98,0.3,0,1.55,1.69,1.27,-0.23,2.35,-0.33,1.17,-0.06,0.06,2.5,0.53
200507,3.36,4.42,4.28,3.67,3.76,3.32,4.51,5.11,4.47,3.18,2.94,4.67,3.14,3.46,6.2,3.25,5.84,4.34
200508,-0.86,-0.96,-0.96,-1.15,-1.1,-1.46,0.23,-1.8,0.62,-2.24,-0.47,-1.76,-0.48,-2.21,0.39,0.1,-1.99,-1.59
200509,0.58,0.36,1.5,0.72,-0.03,-0.2,1.32,1.94,2.12,-0.16,0.38,-0.48,-0.69,0.18,1.79,0.95,2.31,1.55
200510,-2.87,-2.01,-0.83,-2.78,-1.78,-1.1,-2.39,-0.82,-3.73,-2.16,-3,-0.44,-2.34,-0.17,-4.37,-0.84,-2.01,0.43
200511,3.74,2.92,5.19,2.9,4.89,1.97,4.55,4.91,3,2.83,4.86,4.92,1.18,2.55,3.25,5.53,4.28,5.57
200512,-0.04,-0.03,0.12,0.26,-0.53,0.72,-0.45,0.33,1.04,-0.22,-0.43,-0.64,1.85,-0.08,-0.87,-0.14,0.18,0.5
200601,3.57,3.26,3.36,4.82,1.78,2.57,3.52,4.33,5.57,4.36,1.94,1.6,3.95,1.56,5.41,2.15,5.83,2.81
200602,1.02,0.35,-0.73,1.27,0.46,1.25,-0.71,-0.93,0.64,1.65,0.69,0.21,1.54,1.04,-1.02,-0.48,-0.81,-1.06
200603,1.76,1.48,2.25,2.53,1.47,0.7,2.28,2.21,2.43,2.59,0.73,2.3,0.36,0.95,2.27,2.29,2.18,2.25
200604,1.04,1.11,1.09,0.87,0.77,1.07,1.26,1.21,1.65,0.4,1.27,0.22,0.82,1.26,1.69,0.92,1.15,1.28
200605,-2.68,-1.64,-4.72,-2.9,-2.03,-1.21,-2.93,-5.75,-2.08,-3.37,-2.39,-1.64,-1.99,-0.63,-2.33,-3.38,-6.02,-5.47
200606,0.26,-0.02,0.2,0.47,0.1,-0.17,0,0.4,1.02,0.14,-0.02,0.24,0.48,-0.65,0.08,-0.06,-0.14,0.97
200607,-0.75,0.63,-1.43,-0.44,-0.19,1.17,-1.9,-0.96,-1.4,0.91,-1.27,1.1,1.84,0.17,-1.57,-2.1,-0.14,-1.94
200608,4.11,2.35,1.03,4.96,2.54,2.93,0.77,1.08,4.49,5.59,2.68,2.37,2.61,3.42,0.46,0.97,1.52,0.53
200609,2.99,1.71,2.44,3.1,2.63,1.26,2.64,2.14,3.59,2.45,2.79,2.44,1.19,1.36,2.3,2.86,2,2.32
200610,3.65,3.61,3.53,3.28,3.58,4.16,2.56,4.35,3.11,3.51,4.29,2.74,4.68,3.37,2.89,2.34,3.21,5.75
200611,1.48,1.93,3.02,2.03,0.67,1.99,2.4,3.7,1.5,2.75,0.53,0.83,2.75,0.86,3.04,1.98,3.18,4.34
200612,2.27,1.72,-0.47,1.97,2.47,1.91,0.32,-0.82,2.81,0.82,2.8,2.08,1.76,2.14,0.71,0.06,0.6,-2.5
200701,1.53,1.74,2.19,1.18,2.7,0.85,1.89,2.74,0.95,1.52,2.11,3.41,0.23,1.8,2.68,1.36,2.69,2.81
200702,-2.41,-1.51,-0.95,-1.94,-2.46,-1.5,-1.18,-0.91,-2.14,-1.65,-3.17,-1.61,-1.86,-0.95,-1.42,-1.02,-1.31,-0.41
200703,0.56,0.91,2.06,0.8,0.44,1.25,0.86,2.44,0.56,1.16,0.14,0.78,2.2,-0.16,-0.01,1.45,2.18,2.77
200704,5.06,4,3.15,5.22,4.1,4.24,3.53,3.12,5.03,5.49,4.79,3.3,4.6,3.69,4.06,3.19,2.48,3.9
200705,3.02,3.4,4.43,3.48,3.09,2.89,3.53,5.3,3.45,3.51,2.24,4.09,3.32,2.23,4.23,3.06,4.78,5.93
200706,-1.37,-2.09,-1.17,-1.19,-2.32,-1.72,-1.32,-1.41,-0.41,-2.32,-1.69,-3.05,-1.86,-1.5,-2.12,-0.78,-2.01,-0.71
200707,-3.84,-2.96,-3.38,-3.57,-3.4,-2.95,-4.24,-2.71,-4.2,-3.28,-4.34,-2.52,-1.96,-4.46,-3.46,-4.92,-3.5,-1.84
200708,1.53,1.17,1.59,0.58,1.66,1.6,0.88,2.06,-0.4,1.03,3.25,0.19,1.83,1.23,1.31,0.49,2.66,1.4
200709,1.71,3.81,4.46,2.27,2.93,3.48,3.33,4.92,2.22,2.29,0.7,5,3.84,2.89,3.27,3.37,3.56,6.41
200710,2.65,1.85,2.07,3.56,1.16,1.38,2.1,2.51,0.13,5.12,0.98,1.31,1.16,1.74,3.35,0.99,0.37,4.82
200711,-4.95,-3.66,-5.13,-4.34,-4.71,-3.04,-4.51,-5.59,-5.1,-4.03,-6.07,-3.49,-3.13,-2.89,-5.07,-4,-5.38,-5.81
200712,-1.18,-0.93,0.15,-1.14,-1.44,0.2,-1.12,0.14,-1.97,-0.79,-1.27,-1.6,0.7,-0.59,-2.52,0.15,-2.22,2.57
200801,-5.84,-5.12,-6.95,-4.67,-6.54,-6.4,-3.7,-7.8,-5.7,-4.25,-8.06,-5.21,-6.59,-6.09,-2.36,-4.88,-4.7,-10.85
200802,-4.1,-1.95,-3.51,-3.54,-3.71,-0.7,-4.5,-2.89,-1.58,-4.32,-5.2,-2.43,0.4,-2.51,-3.96,-4.98,-1.63,-4.2
200803,-1.27,-0.1,-0.84,-0.77,-0.39,-0.61,-1.05,-0.48,-2.34,-0.13,-2.26,1.15,-0.7,-0.45,-0.33,-1.72,-2.02,1.17
200804,2.71,4.19,6.45,2.2,2.05,5.35,6.19,6.26,3.37,1.72,3.75,0.68,6.69,3.11,5.43,6.91,5.35,7.2
200805,3.08,1.25,2.13,3.01,1.57,2.38,-0.16,3.11,3.67,2.75,3.21,0.21,1.11,4.6,-0.05,-0.26,1.85,4.39
200806,-8.27,-8.35,-8.44,-7.93,-8.88,-6.96,-9.42,-8.56,-8.93,-7.51,-8.96,-8.81,-5.74,-9.03,-10.8,-8.15,-8.87,-8.24
200807,-0.52,-1.13,-0.08,-2.28,1.04,-0.56,0.45,-3.06,-4.71,1.44,1.1,0.93,1.34,-1.7,-2.52,3.91,-0.92,-5.15
200808,3,1.65,0.66,3.36,2.24,1.89,1.34,0.22,3.97,2.49,2.67,1.46,2.42,1.56,1.46,1.21,0.98,-0.55
200809,-8.79,-8.63,-9.69,-10.01,-8.46,-7.34,-7.47,-13.39,-8.8,-11.74,-7.73,-9.8,-9.15,-6.21,-9.64,-5.09,-11.4,-15.45
200810,-16.11,-16.24,-18.32,-19.67,-13.93,-16.87,-16.81,-18.7,-19.7,-19.64,-13.06,-15.56,-18.42,-15.94,-15.77,-17.88,-17.62,-19.88
200811,-6.34,-5.7,-10.88,-10.94,-3.98,-7.78,-7.68,-9.42,-10.9,-11.01,-2.74,-6.36,-8.94,-7.16,-3.13,-12.52,-10.1,-8.66
200812,1.73,1.8,1.72,0.66,2.52,2.52,0.65,2.72,-1.66,4.19,2.49,2.58,4.49,1.49,0.74,0.55,2.98,2.44
200901,-9.01,-8.16,-7.46,-7.57,-8.98,-9.63,-8.6,-4.96,-5.54,-10.49,-10.03,-6.87,-8.44,-10.27,-7.04,-10.45,-6.1,-3.7
200902,-9.58,-11.48,-8.11,-8.86,-11.08,-10.64,-11.24,-6.22,-8.39,-9.59,-10.11,-12.97,-10.81,-10.54,-11.82,-10.52,-5.43,-7.06
200903,7.61,7.74,11.27,9.75,6.56,7.93,9.65,10.57,9.88,9.54,6.03,7.62,7.8,8,7.59,12.13,8.8,12.29
200904,10.1,8.3,11.94,13.74,7.69,9.53,9.51,11.51,12.33,15.91,7.3,8.46,14.71,6.77,6.94,12.49,11.88,11.16
200905,4.82,3.86,6.83,4.88,3.74,4.24,5.23,7.24,4.85,4.94,4.77,1.74,4.4,4.14,4.23,6.34,6.63,7.81
200906,1.51,-0.14,0.44,2.86,1.24,-0.63,-0.29,0.67,5.02,-0.34,0.4,2.91,-0.13,-0.92,-0.7,0.16,0.61,0.73
200907,8.86,7.58,7.2,10.77,7.17,8.21,7.65,6.69,11.73,10.03,7.23,7.09,8.77,7.85,7.06,8.66,5.59,7.56
200908,4.52,2.99,3.01,6.64,3.2,2.36,2.88,3.27,5.1,7.84,2.66,3.85,2.91,2,3.25,2.26,3.28,3.27
200909,3.87,3.56,4.99,5.38,2.32,5.79,2.63,5.16,7.27,3.94,2.5,2.1,7.96,4.36,1.5,4.52,5.78,4.69
200910,-2.79,-2.49,-2.1,-4.26,-1.4,-3.15,-2.5,-1.88,-5.03,-3.65,-1.42,-1.38,-5.21,-1.67,-2.36,-2.71,-0.88,-2.66
200911,4.95,6.25,5.05,4.47,5.42,6.37,5.76,5.29,4.03,4.81,5.38,5.47,6.92,6,6.62,4.36,5.2,5.36
200912,2.02,2.21,4.18,3.75,1.44,2.87,2.07,4.29,4.84,2.92,0.46,2.66,2.7,2.99,1,3.87,4,4.52
201001,-4.43,-1.87,-4.75,-5.16,-1.98,-2.51,-2.84,-5.14,-6.09,-4.44,-3.74,0.14,-1.73,-3.05,-2.36,-3.62,-4.3,-5.8
201002,4.01,3.04,3.46,4.6,2.57,3.81,3.42,3.26,4.81,4.44,3.47,1.53,4.18,3.55,3.03,4.05,2.65,3.74
201003,7.27,5.58,6.4,8,5.54,6.47,5.45,6.59,7.03,8.76,6.59,4.29,8.02,5.37,5.21,5.85,4.87,7.94
201004,2.95,1.39,2.1,3.84,1.44,1.72,2.18,1.66,1.25,5.81,2.12,0.62,2.21,1.36,1.44,3.35,0.94,2.21
201005,-7.52,-7.23,-8.78,-7.49,-7.12,-7.63,-7.46,-9.04,-7.23,-7.68,-7.56,-6.58,-8.6,-6.92,-7.11,-8.02,-9.93,-8.37
201006,-7.2,-3.79,-6.71,-8.26,-3.87,-4.5,-5.2,-6.96,-9.24,-7.55,-6.18,-1.05,-6.45,-3.1,-4.68,-6.01,-7.4,-6.62
201007,7.34,7.66,6.17,8.22,7.89,7.34,7.45,5.57,6.67,9.24,6.62,9.12,7.71,7.03,7.14,7.69,6.35,4.83
201008,-6.26,-5.25,-3.76,-6.81,-7.6,-4.38,-4.21,-3.42,-6.9,-6.76,-5.8,-9.3,-5.39,-3.54,-3.69,-4.62,-3.73,-3.11
201009,9.39,9.07,9.99,11.63,8.59,8.76,8.76,10.67,11.85,11.48,7.56,9.59,9.6,8.08,9.35,8.27,10.01,11.3
201010,3.7,4.12,3.61,4.6,3.64,4.24,4.17,3.25,4.19,4.86,2.94,4.32,4.98,3.62,3.69,4.55,2.6,3.85
201011,1.43,1.3,-0.22,3.18,0.81,1.25,0.48,-0.29,2.2,3.79,-0.07,1.65,0.3,2.03,1.12,-0.04,-0.26,-0.32
201012,8.93,7.01,5.68,9.73,9.4,6.22,6.28,5.31,10.69,9.13,8.22,10.51,6.16,6.28,5.88,6.62,4.8,5.78
201101,1.99,2.78,1.43,2.05,2.88,3.25,1.1,1.49,1.22,2.57,1.94,3.75,2.96,3.48,0.88,1.29,2.29,0.76
201102,3.86,3.53,3.45,5.1,2.92,3.43,3.57,3.6,7.53,3.6,2.75,3.09,1.9,4.67,4.17,3.09,3.33,3.84
201103,0.5,0.78,0.24,0.63,-0.17,1.31,0.36,0.35,0.39,0.79,0.38,-0.66,1.48,1.17,0.82,-0.02,-0.11,0.76
201104,2.71,3.13,2.91,2.03,2.1,3.58,3.66,2.72,1.83,2.16,3.34,0.96,3.9,3.32,3.99,3.39,3.42,2.09
201105,-2.12,-1.48,-0.72,-3.05,-2.15,-1.07,-1.13,-0.57,-2.74,-3.24,-1.28,-2.96,-0.72,-1.35,-1.17,-1.1,-0.25,-0.87
201106,-2.98,-1.44,-1.48,-3.5,-2.32,-1.25,-0.77,-1.93,-3.26,-3.66,-2.51,-2.14,-0.78,-1.64,-1.29,-0.33,-1.44,-2.39
201107,-4.1,-2.88,-0.8,-4.35,-3.4,-2.47,-2.56,-0.25,-5.01,-4,-3.72,-3.14,-2.39,-2.56,-3.57,-1.98,-2.85,1.52
201108,-5.75,-5.92,-6.19,-6.67,-6.05,-5.04,-6.01,-6.29,-9.2,-5.33,-4.33,-7.43,-4.99,-5.12,-6.04,-5.99,-6.89,-5.9
201109,-6.49,-8.11,-7.58,-6.94,-8.16,-7.49,-8.63,-6.64,-11.34,-4.73,-5.81,-10.11,-6.51,-8.8,-6.87,-9.63,-6.91,-6.46
201110,9.9,11.84,11.76,10.2,11.71,11.51,11.84,11.29,11.94,9.38,9.45,13.68,10.61,12.74,10.2,12.79,14.27,9.39
201111,0.3,0.01,-0.76,0,-0.01,-0.01,0.26,-1.03,-0.96,0.46,0.75,-0.65,0.15,-0.22,0.97,-0.14,-0.28,-1.54
201112,2.61,1.1,-0.58,3.07,1.46,0.93,0.49,-0.77,1.58,3.77,1.94,1.06,1.1,0.7,1.6,-0.15,-2.11,0.14
201201,3.36,4.98,5.97,3.55,3.96,5.32,5.64,5.81,6.64,2.12,3.07,4.73,5.31,5.33,4.46,6.33,6.31,5.47
201202,3.92,3.79,5.21,4.21,5.1,3.24,3.57,5.43,4.17,4.23,3.47,6.47,2.95,3.63,1.53,4.74,4.57,6.01
201203,3.34,3.21,2.88,3.79,3.55,3.18,1.79,3.39,4.63,3.39,2.66,4.27,4.2,1.82,1.77,1.79,2.75,3.81
201204,-0.04,-1.28,-0.79,-0.59,-0.77,-1.36,-0.55,-0.74,0.19,-0.97,0.77,-2.03,-1.13,-1.68,0.04,-0.89,-0.58,-0.85
201205,-3.91,-5.99,-7.48,-4.5,-5.01,-6.29,-6.87,-7.09,-6.08,-3.7,-3.05,-6.63,-5.67,-7.14,-4.27,-8.36,-8.21,-6.36
201206,4.44,3.79,3.7,4.82,4.3,3.55,3.15,3.95,4.65,4.9,3.88,4.67,4.29,2.5,3.19,3.13,3.49,4.24
201207,0.68,0.84,0.74,-0.08,0.72,1.03,1.06,0.72,-0.44,0.05,2.06,-0.27,1.02,1.05,1.28,0.77,0.7,0.74
201208,2.62,1.51,4.03,4.31,1.01,1.46,1.83,4.66,5.62,3.85,-0.4,2.07,0.91,2.06,1.2,2.65,3.69,5.97
201209,3.94,2.88,1.77,4.68,3.3,2.48,2.1,2.09,3.16,5.22,2.56,3.84,2.47,2.49,2.94,1.04,2.37,1.72
201210,-0.53,-0.81,-3.85,0.04,-1.47,-0.72,-1.39,-4.46,-0.07,0.08,-1.61,-1.38,-1.09,-0.33,-0.54,-2.49,-3.06,-6.3
201211,1.22,0.36,1.01,1.08,1.09,0.26,0.33,1.25,0.53,1.27,1.49,0.79,0.54,-0.03,0.22,0.46,1.17,1.36
201212,1.98,1.03,0.77,2.83,0.8,1.25,1.34,0.04,3.27,2.68,0.35,1.13,2.29,0.14,0.53,2.41,1.76,-2.3
201301,6.77,5.87,4.32,7.29,6.71,5.55,5.97,3.17,7.9,7.08,5.74,7.4,5.85,5.23,5.32,6.83,6.13,-1.01
201302,1.59,1.6,0.68,1.4,1.41,2.21,1,0.46,0.29,1.78,1.95,1.02,2.58,1.81,0.88,1.15,0.81,-0.07
201303,4.88,4.46,2.81,4.87,4.73,4.74,3.88,2.26,3.91,5.19,4.91,4.6,5.47,3.94,3.82,3.96,2.17,2.4
201304,1.51,1.53,1.56,1.13,1.52,2.27,0.89,1.64,1.28,1.08,2.26,0.99,2.52,1.99,0.49,1.39,2.23,0.73
201305,2.74,2.27,3.76,3.92,1.03,2.59,2.99,3.69,5.58,3.37,0.41,1.47,2.84,2.31,2.27,3.9,3.86,3.42
201306,-1.53,-0.69,-1.92,-1.67,-2.05,-0.03,-0.55,-2.58,-1.92,-1.59,-1.23,-2.64,0.07,-0.14,-0.52,-0.59,-1.83,-3.72
201307,5.34,5.4,6.23,5.7,5.33,5.64,4.1,7.89,6.92,5.11,4.99,5.76,6.28,5.07,4.53,3.77,5.67,10.55
201308,-3.17,-3.91,-0.86,-2.84,-3.5,-4.3,-2.17,-0.66,-1.77,-3.37,-3.5,-3.5,-4.69,-3.95,-3.46,-1.16,-2.41,1.34
201309,3.18,3.42,4.58,3.47,3.27,3.22,3.75,5.01,4.12,3.14,2.9,3.72,3.28,3.17,3.55,3.9,5.03,5
201310,4.74,3.83,4.2,5.42,3.67,3.98,3.92,4.48,4.72,5.78,4.06,3.2,3.59,4.32,4.14,3.76,5.91,2.89
201311,2.89,3.04,3.31,2.34,3.41,3.51,2.93,2.95,2.13,2.44,3.45,3.37,4.59,2.57,1.68,3.9,3.28,2.56
201312,2.83,2.39,2.92,2.39,2.73,2.17,2.79,3.2,2.46,2.36,3.27,2.06,3.04,1.4,3.21,2.47,2.97,3.46
201401,-4.59,-3.33,-2.52,-4.93,-3.99,-2.93,-3.61,-1.98,-3.67,-5.57,-4.26,-3.66,-1.61,-4.14,-3.91,-3.38,-2.12,-1.83
201402,4.57,4.31,5.07,4.32,4.79,3.74,4.68,5.54,4.81,4.06,4.82,4.75,2.94,4.49,5.16,4.31,4.84,6.35
201403,0.86,2.06,-1.43,1.17,0.81,2.34,1.5,-2.82,1.18,1.16,0.55,1.12,2.13,2.54,2.35,0.86,-3.1,-2.51
201404,0.77,0.27,-0.83,0.35,0.91,-0.14,-0.07,-0.83,-0.57,0.83,1.19,0.57,-1.77,1.37,0.9,-0.82,-2.06,0.54
201405,1.04,1.61,3.21,1.92,0.75,1.73,2.2,3.52,3.39,1.15,0.2,1.43,1.86,1.62,1.53,2.72,2.9,4.19
201406,1.61,1.95,3.75,1.97,1.42,1.49,2.91,4.47,3.94,0.91,1.27,1.6,2.46,0.62,3.3,2.61,4.61,4.33
201407,-2.62,-2.13,-1.33,-2.7,-2.41,-2.27,-1.51,-1.34,-2.87,-2.6,-2.49,-2.34,-2.95,-1.6,-1.71,-1.31,-0.04,-4.25
201408,4.06,3.87,4.92,3.91,4.02,4.02,4.23,4.97,3.83,3.96,4.29,3.8,3.73,4.31,3.65,4.86,4.9,5.14
201409,-1.98,-1.9,-1.97,-1.75,-1.96,-2.01,-1.57,-2.47,-2.46,-1.37,-2.35,-1.64,-2.18,-1.85,-1.89,-1.23,-1.91,-3.77
201410,2.97,2.27,2.46,3.18,2.93,1.84,2.31,2.6,3.69,2.91,2.64,3.16,2.25,1.44,2.36,2.27,2.82,2.08
201411,3.13,2.02,2.87,2.96,2.07,2.4,2.6,2.76,3.65,2.59,3.42,0.95,2.72,2.08,2.19,3.03,3.67,0.59
201412,0.77,0.43,-1.41,0.65,0.82,0.44,0.11,-2.4,0.63,0.65,0.97,0.69,0.17,0.7,0.19,0.03,-3.35,-0.04
201501,-4.1,-3.51,-1.72,-5.03,-2.89,-3.3,-4.14,-0.06,-2.66,-6.29,-2.62,-3.12,-3.17,-3.42,-4.21,-4.07,0.68,-1.86
201502,6.01,5.31,7.54,6.81,5.27,4.99,6.03,8.25,7.11,6.65,4.76,5.7,5.01,4.97,5.58,6.5,7.32,10.56
201503,-1.24,-1.28,-0.98,-1.56,-1.17,-1.54,-0.99,-0.7,-1.22,-1.75,-0.73,-1.53,-1.8,-1.29,-0.6,-1.41,-1.03,0.1
201504,0.44,0.53,0.91,1.11,0.33,-0.23,1.33,0.72,0.03,1.71,-0.62,1.13,0.09,-0.53,1.46,1.19,0.79,0.57
201505,1.47,1.18,1.45,1.87,1.61,0.81,0.78,2.03,2.44,1.56,0.82,2.27,0.72,0.89,1,0.55,1.65,2.96
201506,-2,-1.57,-1.11,-1.76,-1.24,-2.01,-1.73,-0.77,-2.49,-1.36,-2.39,-0.29,-2.21,-1.81,-1.82,-1.64,-1.21,0.3
201507,0.77,1.55,2.45,0.42,1.2,1.48,2.11,2.58,0.59,0.28,1.2,1.2,1.18,1.79,2.02,2.23,4.33,0
201508,-5.86,-6.1,-6.15,-6.21,-5.57,-6.55,-5.31,-6.95,-4.8,-7.29,-5.45,-5.71,-7.14,-5.96,-5.63,-4.9,-5.79,-8.74
201509,-3.13,-2.47,-3.82,-4.07,-2.34,-1.84,-3.11,-4.54,-3.59,-4.45,-2.02,-2.69,-2.43,-1.26,-3.43,-2.72,-3.33,-6.48
201510,9.1,6.37,8.89,8.61,8.08,6.9,6.74,9.23,9.06,8.24,9.68,6.37,7.54,6.28,5.4,8.37,10.53,7.08
201511,0.4,0.24,1.55,0.14,0.83,-0.42,1.07,1.64,-0.32,0.51,0.69,0.98,-0.83,-0.02,0.78,1.42,1.27,2.27
201512,-2.01,-1.85,-3.03,-2.13,-1.77,-1.36,-3.7,-2.03,-1.97,-2.26,-1.87,-1.67,-0.94,-1.76,-2.97,-4.54,-1.38,-3.14
,,,,,,,,,,,,,,,,,,
,,,,,,,,,,,,,,,,,,
,,,,,,,,,,,,,,,,,,
,,,,,,,,,,,,,,,,,,
,,,,,,,,,,,,,,,,,,
,,,,,,,,,,,,,,,,,,
,,,,,,,,,,,,,,,,,,
,,,,,,,,,,,,,,,,,,
,,,,,,,,,,,,,,,,,,
,,,,,,,,,,,,,,,,,,
,,,,,,,,,,,,,,,,,,
,,,,,,,,,,,,,,,,,,
,,,,,,,,,,,,,,,,,,
,,,,,,,,,,,,,,,,,,
,,,,,,,,,,,,,,,,,,
,,,,,,,,,,,,,,,,,,
,,,,,,,,,,,,,,,,,,
,,,,,,,,,,,,,,,,,,
,,,,,,,,,,,,,,,,,,
,,,,,,,,,,,,,,,,,,
,,,,,,,,,,,,,,,,,,
,,,,,,,,,,,,,,,,,,
,,,,,,,,,,,,,,,,,,
,,,,,,,,,,,,,,,,,,
,,,,,,,,,,,,,,,,,,
,,,,,,,,,,,,,,,,,,
,,,,,,,,,,,,,,,,,,
,,,,,,,,,,,,,,,,,,
,,,,,,,,,,,,,,,,,,
,,,,,,,,,,,,,,,,,,
,,,,,,,,,,,,,,,,,,
,,,,,,,,,,,,,,,,,,
,,,,,,,,,,,,,,,,,,
,,,,,,,,,,,,,,,,,,
,,,,,,,,,,,,,,,,,,
,,,,,,,,,,,,,,,,,,
,,,,,,,,,,,,,,,,,,
,,,,,,,,,,,,,,,,,,
,,,,,,,,,,,,,,,,,,
,,,,,,,,,,,,,,,,,,
,,,,,,,,,,,,,,,,,,
,,,,,,,,,,,,,,,,,,
,,,,,,,,,,,,,,,,,,
,,,,,,,,,,,,,,,,,,
,,,,,,,,,,,,,,,,,,
,,,,,,,,,,,,,,,,,,
,,,,,,,,,,,,,,,,,,
,,,,,,,,,,,,,,,,,,
,,,,,,,,,,,,,,,,,,
,,,,,,,,,,,,,,,,,,
,,,,,,,,,,,,,,,,,,
,,,,,,,,,,,,,,,,,,
,,,,,,,,,,,,,,,,,,
,,,,,,,,,,,,,,,,,,
,,,,,,,,,,,,,,,,,,
,,,,,,,,,,,,,,,,,,
,,,,,,,,,,,,,,,,,,
,,,,,,,,,,,,,,,,,,
,,,,,,,,,,,,,,,,,,
,,,,,,,,,,,,,,,,,,
,,,,,,,,,,,,,,,,,,
,,,,,,,,,,,,,,,,,,
,,,,,,,,,,,,,,,,,,
,,,,,,,,,,,,,,,,,,
,,,,,,,,,,,,,,,,,,
,,,,,,,,,,,,,,,,,,
,,,,,,,,,,,,,,,,,,
,,,,,,,,,,,,,,,,,,
,,,,,,,,,,,,,,,,,,
,,,,,,,,,,,,,,,,,,
,,,,,,,,,,,,,,,,,,
,,,,,,,,,,,,,,,,,,
,,,,,,,,,,,,,,,,,,
,,,,,,,,,,,,,,,,,,
,,,,,,,,,,,,,,,,,,
,,,,,,,,,,,,,,,,,,
,,,,,,,,,,,,,,,,,,
,,,,,,,,,,,,,,,,,,
,,,,,,,,,,,,,,,,,,
,,,,,,,,,,,,,,,,,,
,,,,,,,,,,,,,,,,,,
,,,,,,,,,,,,,,,,,,
,,,,,,,,,,,,,,,,,,
,,,,,,,,,,,,,,,,,,
,,,,,,,,,,,,,,,,,,
,,,,,,,,,,,,,,,,,,
,,,,,,,,,,,,,,,,,,
,,,,,,,,,,,,,,,,,,
,,,,,,,,,,,,,,,,,,
,,,,,,,,,,,,,,,,,,
,,,,,,,,,,,,,,,,,,
,,,,,,,,,,,,,,,,,,
,,,,,,,,,,,,,,,,,,
,,,,,,,,,,,,,,,,,,
,,,,,,,,,,,,,,,,,,
,,,,,,,,,,,,,,,,,,
,,,,,,,,,,,,,,,,,,
,,,,,,,,,,,,,,,,,,
,,,,,,,,,,,,,,,,,,
,,,,,,,,,,,,,,,,,,
,,,,,,,,,,,,,,,,,,
,,,,,,,,,,,,,,,,,,
,,,,,,,,,,,,,,,,,,
,,,,,,,,,,,,,,,,,,
,,,,,,,,,,,,,,,,,,
,,,,,,,,,,,,,,,,,,
,,,,,,,,,,,,,,,,,,
,,,,,,,,,,,,,,,,,,
,,,,,,,,,,,,,,,,,,
,,,,,,,,,,,,,,,,,,
,,,,,,,,,,,,,,,,,,
,,,,,,,,,,,,,,,,,,
,,,,,,,,,,,,,,,,,,
,,,,,,,,,,,,,,,,,,
,,,,,,,,,,,,,,,,,,
,,,,,,,,,,,,,,,,,,
,,,,,,,,,,,,,,,,,,
,,,,,,,,,,,,,,,,,,
,,,,,,,,,,,,,,,,,,
,,,,,,,,,,,,,,,,,,
,,,,,,,,,,,,,,,,,,
,,,,,,,,,,,,,,,,,,
,,,,,,,,,,,,,,,,,,
,,,,,,,,,,,,,,,,,,
,,,,,,,,,,,,,,,,,,
,,,,,,,,,,,,,,,,,,
,,,,,,,,,,,,,,,,,,
,,,,,,,,,,,,,,,,,,
,,,,,,,,,,,,,,,,,,
,,,,,,,,,,,,,,,,,,
,,,,,,,,,,,,,,,,,,
,,,,,,,,,,,,,,,,,,
,,,,,,,,,,,,,,,,,,
,,,,,,,,,,,,,,,,,,
,,,,,,,,,,,,,,,,,,
,,,,,,,,,,,,,,,,,,
,,,,,,,,,,,,,,,,,,
,,,,,,,,,,,,,,,,,,
,,,,,,,,,,,,,,,,,,
,,,,,,,,,,,,,,,,,,
,,,,,,,,,,,,,,,,,,
,,,,,,,,,,,,,,,,,,
,,,,,,,,,,,,,,,,,,
,,,,,,,,,,,,,,,,,,
,,,,,,,,,,,,,,,,,,
,,,,,,,,,,,,,,,,,,
,,,,,,,,,,,,,,,,,,
,,,,,,,,,,,,,,,,,,
,,,,,,,,,,,,,,,,,,
,,,,,,,,,,,,,,,,,,
,,,,,,,,,,,,,,,,,,
,,,,,,,,,,,,,,,,,,
,,,,,,,,,,,,,,,,,,
,,,,,,,,,,,,,,,,,,
,,,,,,,,,,,,,,,,,,
,,,,,,,,,,,,,,,,,,
,,,,,,,,,,,,,,,,,,
,,,,,,,,,,,,,,,,,,
,,,,,,,,,,,,,,,,,,
,,,,,,,,,,,,,,,,,,
,,,,,,,,,,,,,,,,,,
,,,,,,,,,,,,,,,,,,
,,,,,,,,,,,,,,,,,,
,,,,,,,,,,,,,,,,,,
,,,,,,,,,,,,,,,,,,
,,,,,,,,,,,,,,,,,,
,,,,,,,,,,,,,,,,,,
,,,,,,,,,,,,,,,,,,
,,,,,,,,,,,,,,,,,,
,,,,,,,,,,,,,,,,,,
,,,,,,,,,,,,,,,,,,
,,,,,,,,,,,,,,,,,,
,,,,,,,,,,,,,,,,,,
,,,,,,,,,,,,,,,,,,
,,,,,,,,,,,,,,,,,,
,,,,,,,,,,,,,,,,,,
,,,,,,,,,,,,,,,,,,
,,,,,,,,,,,,,,,,,,
,,,,,,,,,,,,,,,,,,
,,,,,,,,,,,,,,,,,,
,,,,,,,,,,,,,,,,,,
,,,,,,,,,,,,,,,,,,
,,,,,,,,,,,,,,,,,,
,,,,,,,,,,,,,,,,,,
,,,,,,,,,,,,,,,,,,
,,,,,,,,,,,,,,,,,,
,,,,,,,,,,,,,,,,,,
,,,,,,,,,,,,,,,,,,
,,,,,,,,,,,,,,,,,,
,,,,,,,,,,,,,,,,,,
,,,,,,,,,,,,,,,,,,
,,,,,,,,,,,,,,,,,,
,,,,,,,,,,,,,,,,,,
,,,,,,,,,,,,,,,,,,
,,,,,,,,,,,,,,,,,,
,,,,,,,,,,,,,,,,,,
,,,,,,,,,,,,,,,,,,
,,,,,,,,,,,,,,,,,,
,,,,,,,,,,,,,,,,,,
,,,,,,,,,,,,,,,,,,
,,,,,,,,,,,,,,,,,,
,,,,,,,,,,,,,,,,,,
,,,,,,,,,,,,,,,,,,
,,,,,,,,,,,,,,,,,,
,,,,,,,,,,,,,,,,,,
,,,,,,,,,,,,,,,,,,
,,,,,,,,,,,,,,,,,,
,,,,,,,,,,,,,,,,,,
,,,,,,,,,,,,,,,,,,
,,,,,,,,,,,,,,,,,,
,,,,,,,,,,,,,,,,,,
,,,,,,,,,,,,,,,,,,
,,,,,,,,,,,,,,,,,,
,,,,,,,,,,,,,,,,,,
,,,,,,,,,,,,,,,,,,
,,,,,,,,,,,,,,,,,,
,,,,,,,,,,,,,,,,,,
,,,,,,,,,,,,,,,,,,
,,,,,,,,,,,,,,,,,,
,,,,,,,,,,,,,,,,,,
,,,,,,,,,,,,,,,,,,
,,,,,,,,,,,,,,,,,,
,,,,,,,,,,,,,,,,,,
,,,,,,,,,,,,,,,,,,
,,,,,,,,,,,,,,,,,,
,,,,,,,,,,,,,,,,,,
,,,,,,,,,,,,,,,,,,
,,,,,,,,,,,,,,,,,,
,,,,,,,,,,,,,,,,,,
,,,,,,,,,,,,,,,,,,
,,,,,,,,,,,,,,,,,,
,,,,,,,,,,,,,,,,,,
,,,,,,,,,,,,,,,,,,
,,,,,,,,,,,,,,,,,,
,,,,,,,,,,,,,,,,,,
,,,,,,,,,,,,,,,,,,
,,,,,,,,,,,,,,,,,,
,,,,,,,,,,,,,,,,,,
,,,,,,,,,,,,,,,,,,
,,,,,,,,,,,,,,,,,,
,,,,,,,,,,,,,,,,,,
,,,,,,,,,,,,,,,,,,
,,,,,,,,,,,,,,,,,,
,,,,,,,,,,,,,,,,,,
,,,,,,,,,,,,,,,,,,
,,,,,,,,,,,,,,,,,,
,,,,,,,,,,,,,,,,,,
,,,,,,,,,,,,,,,,,,
,,,,,,,,,,,,,,,,,,
,,,,,,,,,,,,,,,,,,
,,,,,,,,,,,,,,,,,,
,,,,,,,,,,,,,,,,,,
,,,,,,,,,,,,,,,,,,
,,,,,,,,,,,,,,,,,,
,,,,,,,,,,,,,,,,,,
,,,,,,,,,,,,,,,,,,
,,,,,,,,,,,,,,,,,,
,,,,,,,,,,,,,,,,,,
,,,,,,,,,,,,,,,,,,
,,,,,,,,,,,,,,,,,,
,,,,,,,,,,,,,,,,,,
,,,,,,,,,,,,,,,,,,
,,,,,,,,,,,,,,,,,,
,,,,,,,,,,,,,,,,,,
,,,,,,,,,,,,,,,,,,
,,,,,,,,,,,,,,,,,,
,,,,,,,,,,,,,,,,,,
,,,,,,,,,,,,,,,,,,
,,,,,,,,,,,,,,,,,,
,,,,,,,,,,,,,,,,,,
,,,,,,,,,,,,,,,,,,
,,,,,,,,,,,,,,,,,,
,,,,,,,,,,,,,,,,,,
,,,,,,,,,,,,,,,,,,
,,,,,,,,,,,,,,,,,,
,,,,,,,,,,,,,,,,,,
,,,,,,,,,,,,,,,,,,
,,,,,,,,,,,,,,,,,,
,,,,,,,,,,,,,,,,,,
,,,,,,,,,,,,,,,,,,
,,,,,,,,,,,,,,,,,,
,,,,,,,,,,,,,,,,,,
,,,,,,,,,,,,,,,,,,
,,,,,,,,,,,,,,,,,,
,,,,,,,,,,,,,,,,,,
,,,,,,,,,,,,,,,,,,
,,,,,,,,,,,,,,,,,,
,,,,,,,,,,,,,,,,,,
,,,,,,,,,,,,,,,,,,
,,,,,,,,,,,,,,,,,,
,,,,,,,,,,,,,,,,,,
,,,,,,,,,,,,,,,,,,
,,,,,,,,,,,,,,,,,,
,,,,,,,,,,,,,,,,,,
,,,,,,,,,,,,,,,,,,
,,,,,,,,,,,,,,,,,,
,,,,,,,,,,,,,,,,,,
,,,,,,,,,,,,,,,,,,
,,,,,,,,,,,,,,,,,,
,,,,,,,,,,,,,,,,,,
,,,,,,,,,,,,,,,,,,
,,,,,,,,,,,,,,,,,,
,,,,,,,,,,,,,,,,,,
,,,,,,,,,,,,,,,,,,
,,,,,,,,,,,,,,,,,,
,,,,,,,,,,,,,,,,,,
,,,,,,,,,,,,,,,,,,
,,,,,,,,,,,,,,,,,,
,,,,,,,,,,,,,,,,,,
,,,,,,,,,,,,,,,,,,
,,,,,,,,,,,,,,,,,,
,,,,,,,,,,,,,,,,,,
,,,,,,,,,,,,,,,,,,
,,,,,,,,,,,,,,,,,,
,,,,,,,,,,,,,,,,,,
,,,,,,,,,,,,,,,,,,
,,,,,,,,,,,,,,,,,,
,,,,,,,,,,,,,,,,,,
,,,,,,,,,,,,,,,,,,
,,,,,,,,,,,,,,,,,,
,,,,,,,,,,,,,,,,,,
,,,,,,,,,,,,,,,,,,
,,,,,,,,,,,,,,,,,,
,,,,,,,,,,,,,,,,,,
,,,,,,,,,,,,,,,,,,
,,,,,,,,,,,,,,,,,,
,,,,,,,,,,,,,,,,,,
,,,,,,,,,,,,,,,,,,
,,,,,,,,,,,,,,,,,,
,,,,,,,,,,,,,,,,,,
,,,,,,,,,,,,,,,,,,
,,,,,,,,,,,,,,,,,,
,,,,,,,,,,,,,,,,,,
,,,,,,,,,,,,,,,,,,
,,,,,,,,,,,,,,,,,,
,,,,,,,,,,,,,,,,,,
,,,,,,,,,,,,,,,,,,
,,,,,,,,,,,,,,,,,,
,,,,,,,,,,,,,,,,,,
,,,,,,,,,,,,,,,,,,
,,,,,,,,,,,,,,,,,,
,,,,,,,,,,,,,,,,,,
,,,,,,,,,,,,,,,,,,
,,,,,,,,,,,,,,,,,,
,,,,,,,,,,,,,,,,,,
,,,,,,,,,,,,,,,,,,
,,,,,,,,,,,,,,,,,,
,,,,,,,,,,,,,,,,,,
,,,,,,,,,,,,,,,,,,
,,,,,,,,,,,,,,,,,,
,,,,,,,,,,,,,,,,,,
,,,,,,,,,,,,,,,,,,
,,,,,,,,,,,,,,,,,,
,,,,,,,,,,,,,,,,,,
,,,,,,,,,,,,,,,,,,
,,,,,,,,,,,,,,,,,,
,,,,,,,,,,,,,,,,,,
,,,,,,,,,,,,,,,,,,
,,,,,,,,,,,,,,,,,,
,,,,,,,,,,,,,,,,,,
,,,,,,,,,,,,,,,,,,
,,,,,,,,,,,,,,,,,,
,,,,,,,,,,,,,,,,,,
,,,,,,,,,,,,,,,,,,
,,,,,,,,,,,,,,,,,,
,,,,,,,,,,,,,,,,,,
,,,,,,,,,,,,,,,,,,
,,,,,,,,,,,,,,,,,,
,,,,,,,,,,,,,,,,,,
,,,,,,,,,,,,,,,,,,
,,,,,,,,,,,,,,,,,,
,,,,,,,,,,,,,,,,,,
,,,,,,,,,,,,,,,,,,
,,,,,,,,,,,,,,,,,,
,,,,,,,,,,,,,,,,,,
,,,,,,,,,,,,,,,,,,
,,,,,,,,,,,,,,,,,,
,,,,,,,,,,,,,,,,,,
,,,,,,,,,,,,,,,,,,
,,,,,,,,,,,,,,,,,,
,,,,,,,,,,,,,,,,,,
,,,,,,,,,,,,,,,,,,
,,,,,,,,,,,,,,,,,,
,,,,,,,,,,,,,,,,,,
,,,,,,,,,,,,,,,,,,
,,,,,,,,,,,,,,,,,,
,,,,,,,,,,,,,,,,,,
,,,,,,,,,,,,,,,,,,
,,,,,,,,,,,,,,,,,,
,,,,,,,,,,,,,,,,,,
,,,,,,,,,,,,,,,,,,
,,,,,,,,,,,,,,,,,,
,,,,,,,,,,,,,,,,,,
,,,,,,,,,,,,,,,,,,
,,,,,,,,,,,,,,,,,,
,,,,,,,,,,,,,,,,,,
,,,,,,,,,,,,,,,,,,
,,,,,,,,,,,,,,,,,,
,,,,,,,,,,,,,,,,,,
,,,,,,,,,,,,,,,,,,
,,,,,,,,,,,,,,,,,,
,,,,,,,,,,,,,,,,,,
,,,,,,,,,,,,,,,,,,
,,,,,,,,,,,,,,,,,,
,,,,,,,,,,,,,,,,,,
,,,,,,,,,,,,,,,,,,
,,,,,,,,,,,,,,,,,,
,,,,,,,,,,,,,,,,,,
,,,,,,,,,,,,,,,,,,
,,,,,,,,,,,,,,,,,,
,,,,,,,,,,,,,,,,,,
,,,,,,,,,,,,,,,,,,
,,,,,,,,,,,,,,,,,,
,,,,,,,,,,,,,,,,,,
,,,,,,,,,,,,,,,,,,
,,,,,,,,,,,,,,,,,,
,,,,,,,,,,,,,,,,,,
,,,,,,,,,,,,,,,,,,
,,,,,,,,,,,,,,,,,,
,,,,,,,,,,,,,,,,,,
,,,,,,,,,,,,,,,,,,
,,,,,,,,,,,,,,,,,,
,,,,,,,,,,,,,,,,,,
,,,,,,,,,,,,,,,,,,
,,,,,,,,,,,,,,,,,,
,,,,,,,,,,,,,,,,,,
,,,,,,,,,,,,,,,,,,
,,,,,,,,,,,,,,,,,,
,,,,,,,,,,,,,,,,,,
,,,,,,,,,,,,,,,,,,
,,,,,,,,,,,,,,,,,,
,,,,,,,,,,,,,,,,,,
,,,,,,,,,,,,,,,,,,
,,,,,,,,,,,,,,,,,,
,,,,,,,,,,,,,,,,,,
,,,,,,,,,,,,,,,,,,
,,,,,,,,,,,,,,,,,,
,,,,,,,,,,,,,,,,,,
,,,,,,,,,,,,,,,,,,
,,,,,,,,,,,,,,,,,,
,,,,,,,,,,,,,,,,,,
,,,,,,,,,,,,,,,,,,
,,,,,,,,,,,,,,,,,,
,,,,,,,,,,,,,,,,,,
,,,,,,,,,,,,,,,,,,
,,,,,,,,,,,,,,,,,,
,,,,,,,,,,,,,,,,,,
,,,,,,,,,,,,,,,,,,
,,,,,,,,,,,,,,,,,,
,,,,,,,,,,,,,,,,,,
,,,,,,,,,,,,,,,,,,
,,,,,,,,,,,,,,,,,,
,,,,,,,,,,,,,,,,,,
,,,,,,,,,,,,,,,,,,
,,,,,,,,,,,,,,,,,,
,,,,,,,,,,,,,,,,,,
,,,,,,,,,,,,,,,,,,
,,,,,,,,,,,,,,,,,,
,,,,,,,,,,,,,,,,,,
,,,,,,,,,,,,,,,,,,
,,,,,,,,,,,,,,,,,,
,,,,,,,,,,,,,,,,,,
,,,,,,,,,,,,,,,,,,
,,,,,,,,,,,,,,,,,,
,,,,,,,,,,,,,,,,,,
,,,,,,,,,,,,,,,,,,
,,,,,,,,,,,,,,,,,,
,,,,,,,,,,,,,,,,,,
,,,,,,,,,,,,,,,,,,
,,,,,,,,,,,,,,,,,,
,,,,,,,,,,,,,,,,,,
,,,,,,,,,,,,,,,,,,
,,,,,,,,,,,,,,,,,,
,,,,,,,,,,,,,,,,,,
,,,,,,,,,,,,,,,,,,
,,,,,,,,,,,,,,,,,,
,,,,,,,,,,,,,,,,,,
,,,,,,,,,,,,,,,,,,
,,,,,,,,,,,,,,,,,,
,,,,,,,,,,,,,,,,,,
,,,,,,,,,,,,,,,,,,
,,,,,,,,,,,,,,,,,,
,,,,,,,,,,,,,,,,,,
,,,,,,,,,,,,,,,,,,
,,,,,,,,,,,,,,,,,,
,,,,,,,,,,,,,,,,,,
,,,,,,,,,,,,,,,,,,
,,,,,,,,,,,,,,,,,,
,,,,,,,,,,,,,,,,,,
,,,,,,,,,,,,,,,,,,
,,,,,,,,,,,,,,,,,,
,,,,,,,,,,,,,,,,,,
,,,,,,,,,,,,,,,,,,
,,,,,,,,,,,,,,,,,,
,,,,,,,,,,,,,,,,,,
,,,,,,,,,,,,,,,,,,
,,,,,,,,,,,,,,,,,,
,,,,,,,,,,,,,,,,,,
,,,,,,,,,,,,,,,,,,
,,,,,,,,,,,,,,,,,,
,,,,,,,,,,,,,,,,,,
,,,,,,,,,,,,,,,,,,
,,,,,,,,,,,,,,,,,,
,,,,,,,,,,,,,,,,,,
,,,,,,,,,,,,,,,,,,
,,,,,,,,,,,,,,,,,,
,,,,,,,,,,,,,,,,,,
,,,,,,,,,,,,,,,,,,
,,,,,,,,,,,,,,,,,,
,,,,,,,,,,,,,,,,,,
,,,,,,,,,,,,,,,,,,
,,,,,,,,,,,,,,,,,,
,,,,,,,,,,,,,,,,,,
,,,,,,,,,,,,,,,,,,
,,,,,,,,,,,,,,,,,,
,,,,,,,,,,,,,,,,,,
,,,,,,,,,,,,,,,,,,
,,,,,,,,,,,,,,,,,,
,,,,,,,,,,,,,,,,,,
,,,,,,,,,,,,,,,,,,
,,,,,,,,,,,,,,,,,,
,,,,,,,,,,,,,,,,,,
,,,,,,,,,,,,,,,,,,
,,,,,,,,,,,,,,,,,,
,,,,,,,,,,,,,,,,,,
,,,,,,,,,,,,,,,,,,
,,,,,,,,,,,,,,,,,,
,,,,,,,,,,,,,,,,,,
,,,,,,,,,,,,,,,,,,
,,,,,,,,,,,,,,,,,,
,,,,,,,,,,,,,,,,,,
,,,,,,,,,,,,,,,,,,
,,,,,,,,,,,,,,,,,,
,,,,,,,,,,,,,,,,,,
,,,,,,,,,,,,,,,,,,
,,,,,,,,,,,,,,,,,,
,,,,,,,,,,,,,,,,,,
,,,,,,,,,,,,,,,,,,
,,,,,,,,,,,,,,,,,,
,,,,,,,,,,,,,,,,,,
,,,,,,,,,,,,,,,,,,
,,,,,,,,,,,,,,,,,,
,,,,,,,,,,,,,,,,,,
,,,,,,,,,,,,,,,,,,
,,,,,,,,,,,,,,,,,,
,,,,,,,,,,,,,,,,,,
,,,,,,,,,,,,,,,,,,
,,,,,,,,,,,,,,,,,,
,,,,,,,,,,,,,,,,,,
,,,,,,,,,,,,,,,,,,
,,,,,,,,,,,,,,,,,,
,,,,,,,,,,,,,,,,,,
,,,,,,,,,,,,,,,,,,
,,,,,,,,,,,,,,,,,,
,,,,,,,,,,,,,,,,,,
,,,,,,,,,,,,,,,,,,
,,,,,,,,,,,,,,,,,,
,,,,,,,,,,,,,,,,,,
,,,,,,,,,,,,,,,,,,
,,,,,,,,,,,,,,,,,,
,,,,,,,,,,,,,,,,,,
,,,,,,,,,,,,,,,,,,
,,,,,,,,,,,,,,,,,,
,,,,,,,,,,,,,,,,,,
,,,,,,,,,,,,,,,,,,
,,,,,,,,,,,,,,,,,,
,,,,,,,,,,,,,,,,,,
,,,,,,,,,,,,,,,,,,
,,,,,,,,,,,,,,,,,,
,,,,,,,,,,,,,,,,,,
,,,,,,,,,,,,,,,,,,
,,,,,,,,,,,,,,,,,,
,,,,,,,,,,,,,,,,,,
,,,,,,,,,,,,,,,,,,
,,,,,,,,,,,,,,,,,,
,,,,,,,,,,,,,,,,,,
,,,,,,,,,,,,,,,,,,
,,,,,,,,,,,,,,,,,,
,,,,,,,,,,,,,,,,,,
,,,,,,,,,,,,,,,,,,
,,,,,,,,,,,,,,,,,,
,,,,,,,,,,,,,,,,,,
,,,,,,,,,,,,,,,,,,
,,,,,,,,,,,,,,,,,,
,,,,,,,,,,,,,,,,,,
,,,,,,,,,,,,,,,,,,
,,,,,,,,,,,,,,,,,,
,,,,,,,,,,,,,,,,,,
,,,,,,,,,,,,,,,,,,
,,,,,,,,,,,,,,,,,,
,,,,,,,,,,,,,,,,,,
,,,,,,,,,,,,,,,,,,
,,,,,,,,,,,,,,,,,,
,,,,,,,,,,,,,,,,,,
,,,,,,,,,,,,,,,,,,
,,,,,,,,,,,,,,,,,,
,,,,,,,,,,,,,,,,,,
,,,,,,,,,,,,,,,,,,
,,,,,,,,,,,,,,,,,,
,,,,,,,,,,,,,,,,,,
,,,,,,,,,,,,,,,,,,
,,,,,,,,,,,,,,,,,,
,,,,,,,,,,,,,,,,,,
,,,,,,,,,,,,,,,,,,
,,,,,,,,,,,,,,,,,,
,,,,,,,,,,,,,,,,,,
,,,,,,,,,,,,,,,,,,
,,,,,,,,,,,,,,,,,,
,,,,,,,,,,,,,,,,,,
,,,,,,,,,,,,,,,,,,
,,,,,,,,,,,,,,,,,,
,,,,,,,,,,,,,,,,,,
,,,,,,,,,,,,,,,,,,
,,,,,,,,,,,,,,,,,,
,,,,,,,,,,,,,,,,,,
,,,,,,,,,,,,,,,,,,
,,,,,,,,,,,,,,,,,,
,,,,,,,,,,,,,,,,,,
,,,,,,,,,,,,,,,,,,
,,,,,,,,,,,,,,,,,,
,,,,,,,,,,,,,,,,,,
,,,,,,,,,,,,,,,,,,
,,,,,,,,,,,,,,,,,,
,,,,,,,,,,,,,,,,,,
,,,,,,,,,,,,,,,,,,
,,,,,,,,,,,,,,,,,,
,,,,,,,,,,,,,,,,,,
,,,,,,,,,,,,,,,,,,
,,,,,,,,,,,,,,,,,,
,,,,,,,,,,,,,,,,,,
,,,,,,,,,,,,,,,,,,
,,,,,,,,,,,,,,,,,,
,,,,,,,,,,,,,,,,,,
,,,,,,,,,,,,,,,,,,
,,,,,,,,,,,,,,,,,,
,,,,,,,,,,,,,,,,,,
,,,,,,,,,,,,,,,,,,
,,,,,,,,,,,,,,,,,,
,,,,,,,,,,,,,,,,,,
,,,,,,,,,,,,,,,,,,
,,,,,,,,,,,,,,,,,,
,,,,,,,,,,,,,,,,,,
,,,,,,,,,,,,,,,,,,
,,,,,,,,,,,,,,,,,,
,,,,,,,,,,,,,,,,,,
,,,,,,,,,,,,,,,,,,
,,,,,,,,,,,,,,,,,,
,,,,,,,,,,,,,,,,,,
,,,,,,,,,,,,,,,,,,
,,,,,,,,,,,,,,,,,,
,,,,,,,,,,,,,,,,,,
,,,,,,,,,,,,,,,,,,
,,,,,,,,,,,,,,,,,,
,,,,,,,,,,,,,,,,,,
,,,,,,,,,,,,,,,,,,
,,,,,,,,,,,,,,,,,,
,,,,,,,,,,,,,,,,,,
,,,,,,,,,,,,,,,,,,
,,,,,,,,,,,,,,,,,,
,,,,,,,,,,,,,,,,,,
,,,,,,,,,,,,,,,,,,
,,,,,,,,,,,,,,,,,,
,,,,,,,,,,,,,,,,,,
,,,,,,,,,,,,,,,,,,
,,,,,,,,,,,,,,,,,,
,,,,,,,,,,,,,,,,,,
,,,,,,,,,,,,,,,,,,
,,,,,,,,,,,,,,,,,,
,,,,,,,,,,,,,,,,,,
,,,,,,,,,,,,,,,,,,
,,,,,,,,,,,,,,,,,,
,,,,,,,,,,,,,,,,,,
,,,,,,,,,,,,,,,,,,
,,,,,,,,,,,,,,,,,,
,,,,,,,,,,,,,,,,,,
,,,,,,,,,,,,,,,,,,
,,,,,,,,,,,,,,,,,,
,,,,,,,,,,,,,,,,,,
,,,,,,,,,,,,,,,,,,
,,,,,,,,,,,,,,,,,,
,,,,,,,,,,,,,,,,,,
,,,,,,,,,,,,,,,,,,
,,,,,,,,,,,,,,,,,,
,,,,,,,,,,,,,,,,,,
,,,,,,,,,,,,,,,,,,
,,,,,,,,,,,,,,,,,,
,,,,,,,,,,,,,,,,,,
,,,,,,,,,,,,,,,,,,
,,,,,,,,,,,,,,,,,,
,,,,,,,,,,,,,,,,,,
,,,,,,,,,,,,,,,,,,
,,,,,,,,,,,,,,,,,,
,,,,,,,,,,,,,,,,,,
,,,,,,,,,,,,,,,,,,
,,,,,,,,,,,,,,,,,,
,,,,,,,,,,,,,,,,,,
,,,,,,,,,,,,,,,,,,
,,,,,,,,,,,,,,,,,,
,,,,,,,,,,,,,,,,,,
,,,,,,,,,,,,,,,,,,
,,,,,,,,,,,,,,,,,,
,,,,,,,,,,,,,,,,,,
,,,,,,,,,,,,,,,,,,
,,,,,,,,,,,,,,,,,,
,,,,,,,,,,,,,,,,,,
,,,,,,,,,,,,,,,,,,
,,,,,,,,,,,,,,,,,,
,,,,,,,,,,,,,,,,,,
,,,,,,,,,,,,,,,,,,
,,,,,,,,,,,,,,,,,,
,,,,,,,,,,,,,,,,,,
,,,,,,,,,,,,,,,,,,
,,,,,,,,,,,,,,,,,,
,,,,,,,,,,,,,,,,,,
,,,,,,,,,,,,,,,,,,
,,,,,,,,,,,,,,,,,,
,,,,,,,,,,,,,,,,,,
,,,,,,,,,,,,,,,,,,
,,,,,,,,,,,,,,,,,,
,,,,,,,,,,,,,,,,,,
,,,,,,,,,,,,,,,,,,
,,,,,,,,,,,,,,,,,,
,,,,,,,,,,,,,,,,,,
,,,,,,,,,,,,,,,,,,
,,,,,,,,,,,,,,,,,,
,,,,,,,,,,,,,,,,,,
,,,,,,,,,,,,,,,,,,
,,,,,,,,,,,,,,,,,,
,,,,,,,,,,,,,,,,,,
,,,,,,,,,,,,,,,,,,
,,,,,,,,,,,,,,,,,,
,,,,,,,,,,,,,,,,,,
,,,,,,,,,,,,,,,,,,
,,,,,,,,,,,,,,,,,,
,,,,,,,,,,,,,,,,,,
,,,,,,,,,,,,,,,,,,
,,,,,,,,,,,,,,,,,,
,,,,,,,,,,,,,,,,,,
,,,,,,,,,,,,,,,,,,
,,,,,,,,,,,,,,,,,,
,,,,,,,,,,,,,,,,,,
,,,,,,,,,,,,,,,,,,
,,,,,,,,,,,,,,,,,,
,,,,,,,,,,,,,,,,,,
,,,,,,,,,,,,,,,,,,
,,,,,,,,,,,,,,,,,,
,,,,,,,,,,,,,,,,,,
,,,,,,,,,,,,,,,,,,
,,,,,,,,,,,,,,,,,,
,,,,,,,,,,,,,,,,,,
,,,,,,,,,,,,,,,,,,
,,,,,,,,,,,,,,,,,,
,,,,,,,,,,,,,,,,,,
,,,,,,,,,,,,,,,,,,
,,,,,,,,,,,,,,,,,,
,,,,,,,,,,,,,,,,,,
,,,,,,,,,,,,,,,,,,
,,,,,,,,,,,,,,,,,,
,,,,,,,,,,,,,,,,,,
,,,,,,,,,,,,,,,,,,
,,,,,,,,,,,,,,,,,,
,,,,,,,,,,,,,,,,,,
,,,,,,,,,,,,,,,,,,
,,,,,,,,,,,,,,,,,,
,,,,,,,,,,,,,,,,,,
,,,,,,,,,,,,,,,,,,
,,,,,,,,,,,,,,,,,,
,,,,,,,,,,,,,,,,,,
,,,,,,,,,,,,,,,,,,
,,,,,,,,,,,,,,,,,,
,,,,,,,,,,,,,,,,,,
,,,,,,,,,,,,,,,,,,
,,,,,,,,,,,,,,,,,,
,,,,,,,,,,,,,,,,,,
,,,,,,,,,,,,,,,,,,
,,,,,,,,,,,,,,,,,,
,,,,,,,,,,,,,,,,,,
,,,,,,,,,,,,,,,,,,
,,,,,,,,,,,,,,,,,,
,,,,,,,,,,,,,,,,,,
,,,,,,,,,,,,,,,,,,
,,,,,,,,,,,,,,,,,,
,,,,,,,,,,,,,,,,,,
,,,,,,,,,,,,,,,,,,
,,,,,,,,,,,,,,,,,,
,,,,,,,,,,,,,,,,,,
,,,,,,,,,,,,,,,,,,
,,,,,,,,,,,,,,,,,,
,,,,,,,,,,,,,,,,,,
,,,,,,,,,,,,,,,,,,
,,,,,,,,,,,,,,,,,,
,,,,,,,,,,,,,,,,,,
,,,,,,,,,,,,,,,,,,
,,,,,,,,,,,,,,,,,,
,,,,,,,,,,,,,,,,,,
,,,,,,,,,,,,,,,,,,
,,,,,,,,,,,,,,,,,,
,,,,,,,,,,,,,,,,,,
,,,,,,,,,,,,,,,,,,
,,,,,,,,,,,,,,,,,,
,,,,,,,,,,,,,,,,,,
,,,,,,,,,,,,,,,,,,
