This file was created by CMPT_BEME_RETS using the 201712 CRSP database.,,,,,,,,,,,,,,,,,,,
It contains value- and equal-weighted returns for portfolios formed on BE/ME.,,,,,,,,,,,,,,,,,,,
,,,,,,,,,,,,,,,,,,,
The portfolios are constructed at the end of June.  BE/ME is book equity at,,,,,,,,,,,,,,,,,,,
the last fiscal year end of the prior calendar year divided by ME at the end,,,,,,,,,,,,,,,,,,,
of December of the prior year.  ,,,,,,,,,,,,,,,,,,,
,,,,,,,,,,,,,,,,,,,
The annual returns are from January to December.,,,,,,,,,,,,,,,,,,,
,,,,,,,,,,,,,,,,,,,
Missing data are indicated by -99.99 or -999.,,,,,,,,,,,,,,,,,,,
,,,,,,,,,,,,,,,,,,,
The break points use Compustat firms plus the firms hand-collected from the,,,,,,,,,,,,,,,,,,,
Moodys Industrial, Utilities, Transportation, and Financial Manuals.,,,,,,,,,,,,,,,,
,,,,,,,,,,,,,,,,,,,
The  portfolios  use Compustat firms plus the firms hand-collected from the,,,,,,,,,,,,,,,,,,,
Moodys Industrial, Utilities, Transportation, and Financial Manuals.,,,,,,,,,,,,,,,,
,,,,,,,,,,,,,,,,,,,
The break points include utilities and include financials.,,,,,,,,,,,,,,,,,,,
,,,,,,,,,,,,,,,,,,,
The  portfolios  include utilities and include financials.,,,,,,,,,,,,,,,,,,,
,,,,,,,,,,,,,,,,,,,
,,,,,,,,,,,,,,,,,,,
  Value Weight Returns -- Monthly,,,,,,,,,,,,,,,,,,,
,<= 0,Lo 30,Med 40,Hi 30,Lo 20,Qnt 2,Qnt 3,Qnt 4,Hi 20,Lo 10,2-Dec,3-Dec,4-Dec,5-Dec,6-Dec,7-Dec,8-Dec,9-Dec,Hi 10
196307,2.93,-0.05,0.36,-1.5,0,0.18,0.15,-0.88,-1.33,-0.69,0.88,-0.17,0.71,0.53,-0.42,-0.11,-1.74,-0.48,-3.33
196308,6.13,5.38,4.67,7.06,5.73,4.29,5.01,7.19,6.14,5.95,5.45,4.6,3.82,4.77,5.38,6.16,8.36,5.54,7.62
196309,-4.46,-1.1,-1.63,-1.83,-1.57,-0.91,-1.16,-0.79,-2.79,-1.05,-2.23,-0.03,-2.25,-1.36,-0.86,-1.05,-0.49,-2.78,-2.82
196310,6.05,3.8,1.28,2.25,4.77,1.65,0.75,2.65,1.06,3.56,6.33,1.64,1.65,0.27,1.49,1.55,3.89,1.24,0.62
196311,-4.37,-0.31,-1.44,0.43,-1.3,0.66,-1.21,-1.37,1.09,0.01,-2.93,1.96,-1.36,-1.88,-0.19,-2.22,-0.44,1.2,0.83
196312,-3.14,2.02,2.83,1.59,2.32,2.11,1.91,2.24,2.19,2.5,2.08,1.35,3.35,2.7,0.75,3.6,0.78,1.63,3.53
196401,7.78,2.64,2.69,2.91,2.75,2.94,1.81,2.49,2.58,3.32,2.02,2.39,3.82,2.1,1.37,1.71,3.37,2.46,2.85
196402,1.47,1.42,1.72,4.42,1.86,0.67,1.71,4.17,4.23,2.21,1.38,0.45,1.01,1.88,1.45,3.7,4.69,3.47,6.01
196403,7.31,0.91,3.11,3.43,1.18,1.01,4.14,4.58,1.77,1.2,1.15,0.32,2.08,4.22,4.02,3.56,5.68,1.57,2.25
196404,7.08,0.38,1.01,-1.01,-0.04,1.28,0.88,-1.09,0.64,-1.62,2.07,1.35,1.18,0.66,1.21,0.88,-3.17,0.94,-0.05
196405,2.19,1.52,1.12,3.81,1.95,0.53,1.21,3.5,3.33,2.15,1.7,0.55,0.49,1.5,0.76,2.62,4.47,2.96,4.18
196406,-6.83,1.67,1.32,2.28,0.98,2.71,0.74,1.65,2.29,0.63,1.44,3.23,1.91,0.6,0.96,1.09,2.27,1.89,3.22
196407,-7.17,1.9,2.35,2.31,2.47,1.04,3.38,2.1,1.73,2.18,3.23,0.45,1.77,2.19,4.57,1.34,2.93,1.41,2.21
196408,-8.62,-1.23,-0.83,-1.28,-1.29,-1.36,0.12,-0.72,-1.97,-1.33,-1.18,-1.08,-1.71,0.98,-0.71,-0.86,-0.56,-1.06,-3.32
196409,6.32,2.37,3.51,5.12,3.09,1.46,4.28,4.2,5.62,3.39,2.33,0.5,2.66,4.51,4.05,3.82,4.61,5.39,5.96
196410,-3.93,0.31,1.75,1.52,0.42,1.13,0.75,1.07,3.23,-0.42,2.63,-0.01,2.51,0.62,0.87,2.32,-0.29,2.77,3.94
196411,-4.67,0.49,0.86,-2.88,1.01,-0.07,0.87,-0.91,-3.19,0.55,2.19,-0.93,0.96,1.22,0.52,0.55,-2.54,-3.04,-3.43
196412,-12.01,1.11,-0.33,-1.93,0.81,1.14,-0.99,-1.32,-1.25,1.4,-0.66,1.91,0.23,0.37,-2.35,-0.15,-2.66,-0.44,-2.49
196501,18,4.02,3.05,5.04,4.88,1.79,3.82,4.35,5.39,5.84,2.46,1.68,1.92,3.15,4.51,4.09,4.66,4.67,6.51
196502,13.7,0.65,0.31,1.14,0.37,0.42,1.4,0.83,0.97,0.49,0.05,1.42,-0.77,1.61,1.18,0.4,1.32,-0.16,2.71
196503,-2.44,-1.1,-1.45,0.63,-1.21,-1.44,-1.14,-0.02,0.93,-1.06,-1.62,-0.8,-2.21,-1.35,-0.92,-0.29,0.31,0.49,1.59
196504,15.16,3.8,2.63,3.4,4.38,2.08,2.98,2.85,4.56,5.31,1.93,2.2,1.94,2.16,3.8,3.48,2.12,6.05,2.35
196505,2,-0.26,-0.01,-2.04,-0.72,0.75,-0.53,-0.51,-2.68,-0.81,-0.46,1.02,0.42,-0.98,-0.08,0.19,-1.32,-2.7,-2.64
196506,-2.27,-4.71,-5.23,-5.62,-4.71,-4.25,-6.17,-5.44,-7.16,-5.2,-3.37,-4.69,-3.7,-6.8,-5.54,-6.73,-3.9,-6.98,-7.44
196507,6.22,1.37,1.71,4.12,1.62,0.52,2.3,3.56,5.04,1.97,0.78,0.45,0.56,1.96,2.66,4.44,2.17,4.23,6.56
196508,27.43,3.03,2.94,3.15,3.45,1.86,4.16,2.38,3.44,3.63,3.01,1.52,2.09,4.34,3.99,2.3,2.51,3.03,4.18
196509,3.44,3.79,2.33,3.64,3.91,2.6,2.29,3.74,3.5,3.85,4.04,3.37,2.05,2.86,1.7,3.6,3.97,3.18,4.07
196510,1.99,2.92,2.15,5.7,3.24,0.96,3.36,4.73,6.22,3.7,2.15,1.69,0.43,2.64,4.12,4.83,4.56,5.93,6.72
196511,67.32,0.09,0.18,0.97,0.04,-0.9,2.03,0.99,1.26,0.1,-0.1,0.28,-1.76,2.15,1.9,1.4,0.35,-0.12,3.73
196512,-11.18,0.93,1.07,4.22,1.12,0.2,1.69,3.02,4.19,0.98,1.44,0.22,0.19,0.43,2.99,2.24,4.28,4.11,4.32
196601,-4.58,-0.08,1.5,4.96,-0.12,-0.01,2.55,4.15,5.02,-0.04,-0.31,0.09,-0.09,0.83,4.27,3.72,4.83,2.85,8.77
196602,-2.55,-1.46,-0.53,0.47,-0.97,-1.82,-0.6,-0.13,0.97,-0.76,-1.48,-3.33,-0.69,-0.89,-0.31,0.21,-0.66,-0.04,2.59
196603,12.84,-1.51,-2.68,-3.46,-1.35,-3.1,-1.59,-2.48,-3.77,-0.97,-2.29,-2.12,-3.82,-2.52,-0.7,-2.29,-2.77,-2.07,-6.43
196604,1.91,2.51,2.04,2.67,2.35,2.12,1.92,4.07,2.42,2.28,2.52,3.13,1.37,1.85,1.98,4.61,3.23,2.04,3.03
196605,-12.78,-4.37,-5.44,-7.99,-4.42,-4.38,-5.6,-7.83,-8.08,-4.3,-4.73,-4.18,-4.53,-6.47,-4.78,-7.86,-7.79,-6.65,-10.38
196606,1.62,-1.93,-0.06,-0.12,-1.83,-1.27,-0.2,1.23,-0.38,-1.48,-2.71,-2.33,-0.47,-0.27,-0.12,1.71,0.46,-0.34,-0.43
196607,-4.87,-1.63,-0.67,-1.09,-1.62,-1.51,-0.82,0.09,-1.56,-2.17,-0.78,-1.68,-1.28,-0.1,-1.42,0.45,-0.44,-0.56,-2.4
196608,-7.56,-7.78,-6.82,-8.02,-7.57,-8.66,-6.22,-7.02,-8.82,-7.11,-8.27,-8.69,-8.61,-7.57,-5.07,-7.08,-6.94,-8.25,-9.31
196609,2.86,-1.02,0.1,-0.67,-1.31,0.48,0.2,-0.43,-1.35,-2.72,0.89,0.28,0.77,-0.23,0.55,-0.87,0.24,-1.3,-1.4
196610,-4.12,3.01,6.74,4.2,2.41,4.92,7.9,5.24,3.78,2.54,2.22,5.61,3.96,7.25,8.45,5.57,4.75,4.54,3.13
196611,7.43,3.84,-0.66,0.01,4.29,2.13,-1.66,-0.17,0.18,7.71,-0.86,1.95,2.38,-1.57,-1.73,-0.15,-0.2,-0.27,0.57
196612,-11.79,-0.24,1.48,0.12,-0.32,0.75,1.44,0.77,0.36,-1.23,1.19,0.08,1.7,0.47,2.24,1.41,-0.19,0.82,-0.04
196701,27.89,8.26,7.03,13.41,8.36,7.91,6.33,9.75,14.72,7.86,9.15,7.84,8,4.87,7.51,8.47,11.7,13.71,15.6
196702,10.33,2.12,-0.12,-0.13,2.42,0.72,-0.45,0,0.08,3.75,0.31,0.82,0.59,-0.89,-0.1,0.28,-0.4,-0.6,0.66
196703,10.1,4.34,3.97,5.15,4.49,3.58,3.68,5.2,5.4,4.56,4.38,3.65,3.47,3.41,3.89,5.47,4.82,6.26,4.67
196704,6.04,5.97,1.96,3.17,6.79,3.03,0.92,3.76,2.4,7.44,5.7,2.38,3.93,0.91,0.93,3.44,4.22,2.11,2.65
196705,-1.14,-4.87,-3.34,-2.45,-5.16,-3.22,-3.56,-2.82,-2.62,-5.47,-4.64,-3.54,-2.77,-2.86,-4.09,-3.23,-2.22,-3.74,-1.66
196706,26.21,1.73,2.58,5.21,1.94,1.59,2.31,4.39,4.66,3.13,-0.05,0.78,2.7,1.56,2.9,3.33,5.95,4.72,4.61
196707,11.94,5,3.79,8.06,4.58,5.59,2.93,6.84,8.26,4.59,4.57,6.11,4.68,1.2,6.33,6.43,7.59,9.96,6.79
196708,-5.44,-0.74,-0.77,0.99,-0.7,-0.92,-1.19,0.72,1.74,-1.04,-0.12,-0.87,-1.01,-1.3,-0.99,1.57,-0.79,2.28,1.26
196709,-0.07,3.92,2.91,2.06,3.95,3.1,3.29,3.36,1.26,5.16,1.93,3.85,1.77,3.85,2.24,2.99,4.03,2.16,0.47
196710,-3.38,-1.46,-3.63,-4.97,-0.77,-4.02,-2.94,-4.16,-5.28,1.4,-4.53,-3.31,-5.3,-1.95,-4.89,-4.11,-4.24,-3.7,-6.68
196711,-1.76,1.1,0.38,-0.38,1.54,0.4,0.21,-0.4,-0.31,1.66,1.32,-0.11,1.32,0.49,-0.36,-0.32,-0.54,-1.23,0.54
196712,16.76,2.48,3.61,5.24,2.34,3.38,2.96,5.78,4.87,1.7,3.52,2.89,4.26,2.72,3.46,5.59,6.11,5.44,4.36
196801,6.32,-5.98,-1.04,-0.08,-6.31,-4.66,0.15,-0.65,-0.72,-8.61,-2.16,-5.05,-3.95,0.04,0.39,-1.81,1.45,-0.99,-0.48
196802,-8.25,-3.49,-2.37,-3.84,-3.53,-2.67,-2.44,-4,-3.44,-3.65,-3.33,-3.39,-1.39,-2.14,-3.05,-3.56,-4.78,-3.86,-3.04
196803,-6.47,1.72,-0.75,0.12,2.7,-1.17,-0.53,-0.86,0.77,3.68,1.04,-0.97,-1.53,-0.13,-1.34,-0.56,-1.4,1.4,0.18
196804,15.05,10.51,6.18,12.39,11.33,8.01,4.71,11.26,12.42,12.2,9.84,8.12,7.8,3.7,6.8,10.65,12.31,12.46,12.39
196805,6.13,2.78,0.91,6.16,2.95,2.29,0.41,2.77,6.33,3.98,1.11,2.27,2.33,-0.38,1.99,1.03,5.77,5.72,6.9
196806,2.3,-0.02,3.37,0.21,-0.17,1.18,3.89,2.58,-0.95,-1.19,1.7,0.42,2.55,3.43,4.8,2.32,3.01,-0.67,-1.22
196807,-7.54,-4.62,-0.09,0.4,-5.41,-1.77,0.58,0.37,0.26,-5.7,-4.89,-1.93,-1.58,-2.42,2.57,0.14,0.51,2.28,-1.65
196808,-0.89,1.39,1.57,2.74,1.34,1.19,2.02,1.83,3.63,1.3,1.42,1.53,0.77,1.52,2.34,1.44,2.07,4.76,2.55
196809,8.41,3.67,4.51,5.01,2.97,5.64,3.01,4.85,7.31,1.82,5,5.94,5.25,3.56,2.67,7.45,3.31,7,7.59
196810,-5.42,-0.59,1.7,2.95,-1.48,1.81,2.03,3.11,1.42,-3.1,1.28,2.25,1.25,2.4,1.8,1.44,4.14,0.49,2.26
196811,5.24,5.74,5.8,5.64,6.55,4.3,6.21,5.46,5.49,7.51,5,3.25,5.66,5.48,6.67,4.98,5.76,8.4,2.9
196812,-0.9,-4.38,-3.09,-3.09,-4.68,-3.94,-3.03,-2.82,-2.27,-4.57,-4.86,-3.41,-4.61,-2.19,-3.56,-1.33,-3.7,-2.71,-1.87
196901,-1.5,-1.83,0.04,0.31,-2.18,-0.47,0.44,-0.38,0.94,-2.86,-1.05,-0.71,-0.18,0.11,0.65,-0.71,-0.17,-0.59,2.36
196902,-11.01,-4.52,-5.6,-5.39,-4.6,-4.53,-5.26,-5.34,-7.01,-4.4,-4.92,-4.27,-4.87,-6.07,-4.73,-7.36,-4.13,-6.89,-7.13
196903,-2.78,3.83,2.49,2.89,4.13,2.12,3.29,1.95,4.26,4.08,4.22,2.87,1.16,2.69,3.67,2.08,1.88,7.05,1.71
196904,-1.82,3.04,0.51,2.66,3.45,1.21,0.78,2.3,1.21,3.59,3.22,1.72,0.53,1.23,0.49,-0.22,3.78,2.67,-0.2
196905,1.39,-0.17,0.69,0.79,-0.43,0.28,0.99,1.35,-0.23,-0.23,-0.76,0.69,-0.25,1.18,0.87,1.05,1.53,0.26,-0.73
196906,-17.6,-4.15,-8.19,-7.42,-3.14,-7.61,-7.89,-7.4,-9.05,-1.65,-5.64,-7.45,-7.84,-6.67,-8.67,-9.42,-6.26,-9.76,-8.3
196907,-11.29,-5.43,-7.72,-6.14,-5.25,-6.89,-6.7,-7.67,-6.16,-4.47,-7.42,-5.91,-8.83,-6.42,-7.08,-8.71,-6.1,-5.98,-6.58
196908,6.19,6.76,4.47,2.73,7.41,5.13,4.19,4.12,2.3,7.3,7.72,5.02,5.37,3.16,5.59,4.46,3.62,2.5,1.84
196909,-0.25,-0.56,-3.43,-4.55,-0.32,-2.07,-2.43,-4.92,-4.26,-0.34,-0.26,-1.22,-3.81,-1.13,-4.14,-4.78,-5.13,-4.35,-4.05
196910,11.54,6.65,4.85,4.15,6.87,5.93,5.64,3.42,4.33,6.98,6.57,6.05,5.67,5.56,5.76,3.19,3.77,4.41,4.14
196911,-10.63,-2.45,-3.95,-3.84,-1.97,-3.98,-3.86,-4.64,-2.9,-1.44,-3.47,-3.79,-4.39,-3.43,-4.45,-3.87,-5.77,-1.69,-5.78
196912,-8.02,-0.3,-2.12,-4.56,0.23,-2.22,-2.06,-2.25,-5.26,1.32,-2.97,-1.8,-3.11,-1.9,-2.27,-1.71,-3.07,-5.37,-4.98
197001,-9.8,-7.9,-8.23,-5.35,-8.33,-7.19,-7.76,-8.48,-4.14,-8.75,-7.06,-6.62,-8.4,-6.71,-9.21,-8.89,-7.85,-4.6,-3.01
197002,2.93,3.52,7.48,7.87,3.57,4.72,7.99,7.11,7.83,3.1,4.96,3.38,7.68,8.32,7.52,6.54,7.96,7.77,7.96
197003,1.66,-2.2,1.26,1.02,-2.96,-0.41,2.12,0.67,1.51,-3.1,-2.56,-0.01,-1.28,3.45,0.22,1.14,-0.03,1.69,1.09
197004,-16.35,-11.43,-9.9,-7.86,-12.37,-10.1,-9.69,-7.81,-8.53,-11.77,-14.12,-8.81,-12.86,-9.43,-10.08,-8.75,-6.39,-8.65,-8.23
197005,-12.99,-8.24,-4.65,-4.58,-8.74,-6.97,-6.28,-1.97,-4.97,-8.27,-10.16,-6.89,-7.15,-6.91,-5.34,-0.76,-3.76,-4.22,-6.82
197006,-9.81,-5.68,-3.54,-6.67,-6.24,-4.46,-4.04,-2.66,-8.16,-7.08,-3.62,-4.2,-5.04,-4.33,-3.63,-2.08,-3.54,-8.03,-8.49
197007,8.57,5.29,9.56,7.71,4.76,8.25,8.7,10.15,7.26,2.48,9.23,8.02,8.39,8.54,8.89,11.26,8.12,9.85,5.03
197008,6.67,4.23,5.4,5.97,4.26,6.02,4.55,5.08,6.39,4.65,3.56,4.07,7.19,4.95,4.08,4.8,5.59,6.77,6.03
197009,9.62,7.97,0.99,4.6,8.21,2.94,2.07,1.23,6.28,8.76,7.19,6.73,0.72,1.22,3.11,0.23,3.08,5.43,7.06
197010,0.63,-1.11,-1.96,-3.02,-0.86,-2.09,-4.05,-0.62,-4.55,-0.44,-1.64,-2.37,-1.91,-3.99,-4.12,-0.08,-1.61,-4.23,-4.84
197011,0.84,4.79,5.42,5.77,4.79,5.46,4.94,6.01,4.52,4.36,5.6,4.84,5.84,5.05,4.8,5.53,6.9,4.59,4.46
197012,6.14,5.51,6.9,6.36,5,6.97,8.15,5.88,7.76,4.59,5.79,8.17,6.25,7.73,8.67,6.3,5.11,6.58,8.84
197101,11.19,5.09,4.47,6.29,4.62,5.62,4.86,4.25,8.28,4.26,5.29,7.5,4.46,5.29,4.35,4.12,4.5,9.02,7.61
197102,3.97,2.53,0.57,2.03,2.67,1.2,0.94,0.93,1.52,2.48,3,1.87,0.78,1.63,0.11,0.06,2.52,1.13,1.87
197103,7.42,6.15,3.24,2.42,6.23,4.12,4.86,1.84,3.12,6.85,5.12,5.71,3.1,5.11,4.55,1.88,1.77,3.25,3
197104,7.88,3.91,2.73,4.86,3.6,4.94,1.34,2.77,6.73,3.05,4.62,5.48,4.58,1.98,0.54,2.58,3.1,5.4,7.94
197105,-6.47,-2.82,-4.35,-4.64,-2.59,-4.13,-4.28,-4.76,-4.07,-2.97,-1.89,-3.99,-4.23,-4.16,-4.44,-4.52,-5.18,-3.98,-4.16
197106,3.84,1.1,-0.23,-0.45,1.15,-0.44,0.01,0.57,-1.79,1.45,0.6,0.89,-1.32,-0.35,0.47,0.43,0.83,-2.93,-0.71
197107,-5.97,-4.32,-3.58,-5.13,-4.17,-4.16,-3.6,-3.85,-5.98,-4.94,-3.04,-5.12,-3.2,-2.75,-4.52,-3.84,-3.87,-5.26,-6.71
197108,1.72,5.5,1.39,8.09,5.53,4.69,-0.34,2.77,10.74,4.74,6.67,5.36,4.04,-0.24,-0.45,2.18,4.25,9.15,12.39
197109,-1.18,0.41,-1.18,-2.43,0.53,-0.86,-1.09,-1.25,-2.89,0.98,-0.12,-0.2,-1.52,-0.21,-2.05,-1.07,-1.71,-1.65,-4.14
197110,-11.96,-3.97,-3.55,-4.93,-3.71,-4.96,-3.42,-3.44,-5.24,-3.08,-4.6,-5.45,-4.46,-3.47,-3.37,-3.04,-4.45,-4.23,-6.28
197111,-4.98,0.72,-0.57,-1.95,0.86,-0.1,-0.73,-0.84,-2.41,1.15,0.43,-0.1,-0.1,-1.04,-0.38,-0.67,-1.25,-1.79,-3.06
197112,8.48,9.21,8.68,10.22,9.06,9.76,9.17,7.8,11,9.82,7.95,10.1,9.42,8.47,9.94,7.32,9.02,10.69,11.34
197201,8.45,2.96,0.92,6.53,3.08,1.7,0.41,2.15,8.48,4.26,1.31,2.32,1.08,0.75,0.04,1.61,3.53,7.59,9.41
197202,8.1,4.49,1.19,1.49,4.75,2.49,1.35,0.83,1.15,5.13,4.16,3.04,1.94,0.97,1.77,0.35,2.04,0.51,1.81
197203,-3.23,2.17,-1.21,0.45,2.43,0.76,-2.15,-1.08,1,2.09,2.94,0.7,0.83,-1.61,-2.75,-1.35,-0.43,1.36,0.63
197204,1.42,0.7,0.22,0.94,0.73,0.81,-0.19,0.49,0.65,0.96,0.38,0.49,1.14,-0.27,-0.1,0.11,1.42,1.19,0.09
197205,2.48,2.8,0.65,-1.7,3.23,-0.94,1.83,0.34,-1.86,4.2,1.72,0.24,-2.13,1.13,2.61,1.08,-1.45,-1.32,-2.42
197206,-2.22,-1.13,-2.76,-5.49,-1.01,-2.81,-2.7,-2.84,-5.86,-0.02,-2.57,-1.86,-3.79,-3.02,-2.35,-2,-4.91,-5.86,-5.85
197207,-7.17,0.32,-1.35,-1.24,0.87,-2.01,-0.89,-1.14,-2.07,1.73,-1.48,-2.03,-1.99,-1.54,-0.39,-1.73,-0.77,-2.04,-2.1
197208,13.42,1.33,6.53,6.63,0.57,5.17,5.9,7.74,5.55,0,2.17,4.71,5.91,5.46,6.23,8.56,7.23,6.07,4.97
197209,-7.22,-0.58,-1.25,-0.27,-0.1,-2.18,-1.57,0.86,-3.71,0.48,-1.7,-2.64,-1.43,-1.85,-1.36,-0.36,1.62,-3.5,-3.95
197210,-2.02,0.38,2,1.27,0.58,0.47,1.81,2.11,-0.04,0.51,0.8,-0.53,2.06,0.29,2.95,2.35,1.96,0.67,-0.83
197211,5.03,2.98,6.44,9.26,2.04,6.56,6.74,7.7,11,1.14,4.58,7.16,5.63,7.24,6.37,6.59,8.38,9.59,12.57
197212,-3.38,2.51,-0.79,-0.8,3.28,-0.46,-0.83,-0.39,-2.89,3.62,2.35,-0.78,0.05,-2.05,0.06,-1.51,0.29,-2.69,-3.11
197301,-9.63,-2.8,-2.48,-1.71,-2.25,-4.88,-2.71,-0.34,-4.18,-1.11,-5.41,-5.23,-4.33,-5.91,-0.4,-0.14,-0.46,-3.94,-4.44
197302,-3.59,-3.26,-5.2,-4.99,-3.02,-4.53,-5.25,-5.5,-3.95,-2.32,-5.05,-4.38,-4.76,-5.5,-5.08,-5.51,-5.5,-4.17,-3.71
197303,-9.72,-1.41,0.19,0.93,-1.24,-1.82,0.56,0.95,0.67,-1.25,-1.23,-2.18,-1.25,-1.57,2.01,0.78,1.05,-0.82,2.31
197304,-2.02,-6.27,-2.83,-1.84,-6.52,-4.64,-2.66,-1.33,-3.85,-6.4,-6.88,-5.09,-3.94,-4.53,-1.43,-2.15,-0.85,-3.17,-4.58
197305,-11.42,-1.19,-2.56,-3.79,-0.65,-3.03,-1.9,-3.33,-6.13,0.09,-2.88,-3.68,-2.05,-2.28,-1.66,-4.42,-2.68,-5.77,-6.51
197306,6.42,-1.03,-0.59,-1.07,-0.83,-1.2,-0.41,-0.82,-2.52,-0.27,-2.59,-1.98,-0.02,-2.14,0.68,-1.53,-0.4,-2.32,-2.74
197307,2.98,6.98,2.88,5.88,7.02,7.1,1.72,2.77,6.9,5.78,10.72,6.82,7.53,2.16,1.1,1.6,4.78,7.04,6.69
197308,-4.39,-3.37,-3.13,-1.58,-3.47,-2.63,-3.63,-2.74,-0.7,-3.7,-2.83,-2.86,-2.27,-3.34,-4.06,-2.86,-2.55,-0.94,-0.36
197309,28.96,2.71,9.14,8.9,1.47,8.95,9.2,8.71,9.04,-0.71,7.65,8.54,9.56,8.71,9.91,8.68,8.75,8.59,9.66
197310,-11.69,-0.33,-0.16,0.08,-0.1,-0.48,0.48,-2.13,1.99,0.02,-0.42,-1.32,0.79,0.86,-0.06,-2.18,-2.06,0.28,4.35
197311,-16.22,-13.12,-10.76,-11.99,-12.44,-14.68,-12.08,-8.47,-12.47,-11.77,-14.19,-16.19,-12.45,-11.16,-13.41,-6.71,-11.43,-13.92,-10.54
197312,11.86,-1.36,4.75,4.39,-1.85,0.94,6.27,3.88,6.46,-2.47,-0.16,0.95,0.91,5.6,7.26,4.93,2.01,5.02,8.3
197401,-1.28,-0.68,-0.15,6.25,-1.51,2,-0.79,3.03,5.31,-1.59,-1.3,3.13,0.41,-1.76,0.62,0.64,7.38,5.02,5.66
197402,-0.22,-1.03,1.22,2.08,-1.43,1.32,-0.28,2.34,3.3,-1.69,-0.73,0.76,2.13,-0.34,-0.19,3.35,0.63,3.72,2.79
197403,-4.19,-1.72,-3.27,-2.19,-1.62,-3.02,-2.59,-3,-2.59,-1.62,-1.64,-2.14,-4.26,-2.71,-2.42,-3.74,-1.7,-2.45,-2.77
197404,-8.54,-3.72,-5.9,-4.14,-3.59,-5.14,-5.13,-6.06,-3.9,-3.03,-5.05,-4.32,-6.32,-5.08,-5.2,-7.01,-4.44,-5.92,-1.37
197405,-14.36,-1.91,-5.37,-6.28,-1.27,-5.31,-5.78,-4.29,-7.5,-0.41,-3.57,-4.73,-6.17,-5.18,-6.64,-3.99,-4.8,-7.14,-7.93
197406,-10.99,-2.12,-1.81,-2.23,-1.71,-2.91,-2.07,-2.63,-0.58,-1.74,-1.61,-3.98,-1.32,-2.35,-1.66,-1.71,-4.17,-1.58,0.64
197407,0.51,-9.33,-4.39,-2.85,-10.64,-4.35,-3.42,-3.26,-2.88,-11.95,-6.9,-2.74,-6.29,-4.34,-1.04,-3.66,-2.81,-3.55,-1.66
197408,-8.75,-10.05,-5.92,-7.21,-10.12,-8.11,-5.43,-7.38,-7.19,-9.72,-11.21,-9.74,-6.06,-4.5,-7.77,-7.52,-7.24,-7.67,-6.32
197409,-4.89,-13.6,-6.18,-7.21,-14.43,-9.24,-5.23,-5.68,-7.32,-16.49,-8.76,-9.79,-8.58,-5.32,-5.01,-4.39,-7.08,-6.73,-8.36
197410,4.11,21.12,10.84,7.91,22.04,13.34,12.19,9.66,6.55,23.03,19.55,17.08,8.89,12.96,10.18,9.85,9.45,5.21,8.96
197411,-3.09,-4.07,-3.56,-4.44,-4.43,-2.98,-3.64,-3.36,-5.1,-4.89,-3.22,-2.45,-3.65,-4.76,-0.68,-3.02,-3.74,-4.14,-6.7
197412,-4.17,-3.41,-0.64,-4.18,-3.95,-0.76,-0.33,-2.7,-4.97,-4.48,-2.61,-0.95,-0.52,0.62,-2.77,-2.13,-3.35,-2.98,-8.35
197501,26,11.05,17.96,23.99,10.27,16.23,16.65,22.42,25.24,10.39,9.94,14.48,18.51,15.97,18.44,22.19,22.7,22.28,30.59
197502,6.15,8.14,2.83,2.58,9.28,2.81,3.34,2.93,1.46,11.29,4.23,3.3,2.2,3.76,2.25,2.19,3.77,0.17,3.63
197503,-0.79,3.08,2.15,7.53,3.15,3.17,0.74,6.25,6.73,3.41,2.46,2.75,3.71,-0.17,3.13,4.38,8.35,7.78,5.02
197504,6.38,5.72,2.24,5.69,5.74,4.53,1.66,4.82,4.06,4.85,8.16,5.6,3.18,1.52,2.02,2.47,7.35,3.59,4.85
197505,9.58,5.85,5.97,2.74,5.38,8.14,5,3.08,3.89,4.64,7.34,7.99,8.35,5.04,4.89,4.51,1.61,3.41,4.68
197506,11.56,4.43,6.49,7.23,3.88,7.13,5.56,7.87,6.6,3.01,6.13,6.88,7.45,5.25,6.35,7.87,7.87,7.55,5.06
197507,-1.87,-7.33,-3.73,-3.69,-7.89,-4.35,-4.15,-4.47,-3.84,-8.77,-5.99,-5.42,-2.35,-3.94,-4.66,-5.01,-3.5,-3.65,-4.1
197508,-11.01,-2.33,-2.05,-4.01,-2.36,-2.35,-2.5,-0.93,-5.04,-2.98,-1.06,-2.22,-2.57,-2.42,-2.7,0.1,-2.77,-3.56,-7.15
197509,-4.88,-3.93,-2.8,-3.65,-4.53,-1.81,-2.91,-3.88,-4.47,-4.6,-4.39,-1.9,-1.63,-3.17,-2.28,-4.55,-2.67,-4.23,-4.84
197510,-0.66,6.32,5.46,4.6,6.81,5.43,4.67,5.53,3.52,7.53,5.32,4.74,6.68,4.25,5.65,5.35,5.85,5.06,1.22
197511,-6.82,2.97,3.4,4.22,3.22,2.54,3.28,4.07,4.13,3.53,2.56,2.13,3.27,2.75,4.54,3.93,4.33,3.92,4.45
197512,7.03,-1.81,0.29,0.2,-2.56,0.65,0.24,0.01,0.56,-2.83,-2,0.76,0.46,0.34,-0.01,0.14,-0.21,0.55,0.58
197601,24.72,10.95,15.08,20.87,11.36,10.82,15.23,18.59,22.77,11.3,11.51,9.6,12.98,14.83,16.15,18.54,18.67,20.41,26.38
197602,4.89,-1.02,2.61,7.82,-1.71,2.12,1.82,3.57,10.37,-3.07,1.15,1.27,3.6,1.17,3.31,2.88,4.79,7.8,14.04
197603,8.12,2.76,2.8,2.03,2.73,3.07,2.51,2.01,2.69,3.11,1.97,2.87,3.41,2.72,2.06,2.46,1.22,2.19,3.35
197604,5.71,-1.57,0.07,-1.4,-2.15,-0.06,0.65,-0.45,-1.59,-2.49,-1.45,0.32,-0.69,1.16,-0.51,-0.04,-1.16,-1.95,-1.11
197605,-1.57,-0.62,-1.65,-1.85,-1.18,0.02,-1.01,-2.51,-1.74,-1.55,-0.44,1.17,-1.92,-0.84,-1.41,-2.8,-1.98,-1.63,-1.89
197606,9.71,4.44,4.96,5.03,4.42,4.16,5.81,5.59,4.19,5.21,2.82,4.51,3.54,5.35,6.85,5.31,6.09,4.3,4.05
197607,9.4,-1.2,0.28,0.53,-1.61,0.16,0.32,0.16,1.47,-1.46,-1.96,0.28,-0.06,0.82,-0.53,0.63,-0.39,1.28,1.72
197608,-5.65,-0.45,0.89,-1.03,-0.59,0.16,1.46,-0.94,-0.85,-0.16,-1.61,0.06,0.35,2.45,-0.24,-0.71,-1.21,0.16,-2.15
197609,-1.87,2.25,3.05,2.65,1.75,3.78,3.09,3.32,0.92,1.56,2.21,4.03,3.34,2.77,3.65,2.42,4.38,1.43,0.25
197610,-0.01,-2.48,-1.21,-2.91,-2.53,-2.14,-0.85,-2.3,-2.99,-2.94,-1.53,-2.31,-1.83,-0.36,-1.7,-1.84,-2.82,-2.09,-4.21
197611,-1.15,-0.54,2.53,2.69,-0.81,1.16,2.32,2.46,4,-1.67,1.24,0.36,2.6,2.72,1.61,3.34,1.42,4.2,3.73
197612,13.13,5.01,6.95,9.23,4.38,7.52,6.26,8.68,9.1,3.62,6.11,7.17,8.12,5.75,7.19,8.1,9.36,8.49,9.95
197701,2.39,-5.98,-1.16,1.04,-7.02,-2.57,-0.87,-0.05,2.15,-7.92,-5.01,-2.52,-2.66,-1.22,-0.26,-0.07,-0.03,1.79,2.67
197702,0.19,-1.82,-1.48,-1.17,-1.52,-2.72,-1.04,-1.35,-1.41,-1.59,-1.36,-2.81,-2.56,-0.65,-1.73,-1.7,-0.92,-0.95,-2.06
197703,1.22,-1.55,-0.47,0.38,-1.52,-1.05,-0.77,-0.15,1.36,-1.51,-1.53,-1.64,-0.06,-1.1,-0.19,0.22,-0.58,2.08,0.33
197704,5.73,-1,1.91,3.65,-1.84,1.95,1.58,3.3,3.45,-2.95,0.56,1.77,2.25,1.93,0.98,2.83,3.85,4.22,2.34
197705,-3.78,-1.73,-0.06,-0.73,-2.08,-0.74,0.55,-0.93,-0.93,-2.29,-1.66,-0.61,-0.96,1.2,-0.6,-1.28,-0.52,-1.15,-0.6
197706,8.82,5.76,4.03,5.66,6.17,4.52,3.69,5.06,5.7,6.95,4.55,4.46,4.63,2.71,5.46,4.57,5.62,5.21,6.4
197707,2.08,-1.38,-0.93,-2,-1.1,-2.43,-0.77,-0.21,-2.27,-0.87,-1.47,-2.5,-2.37,-0.75,-0.78,0.7,-1.7,-2.12,-2.52
197708,-0.83,0.37,-3.2,-2.52,0.96,-2.74,-2.41,-3.65,-2.81,1.73,-0.31,-1.99,-3.41,-2.29,-2.49,-4.51,-2.21,-2.39,-3.48
197709,0.54,-0.55,1.11,-0.25,-0.48,-0.33,1.79,0.49,-0.09,-1.1,0.58,-0.84,0.13,0.75,2.49,1.04,-0.41,0.19,-0.55
197710,-0.9,-4.29,-3.62,-2.64,-4.34,-3.68,-4.3,-2.42,-3.1,-4.06,-4.8,-4.06,-3.34,-4.17,-4.39,-2.57,-2.16,-2.54,-4.04
197711,5.51,4.3,4.19,5.9,4.21,4.49,4.16,4.25,7.15,3.87,4.78,4.68,4.33,5.61,3.19,4.04,4.6,6.16,8.82
197712,0.12,0.41,0.94,1.29,0.33,1.12,1.15,0.49,1.1,1.03,-0.84,0.77,1.42,0.58,1.54,-0.11,1.49,1.27,0.84
197801,5.12,-6.3,-5.36,-2.59,-6.13,-6.71,-5,-4.26,-1.61,-5.79,-6.71,-7.04,-6.42,-5.48,-4.68,-4.65,-3.64,-2.45,-0.24
197802,-1.39,-2.25,0.61,-0.41,-2.52,-0.85,1.68,-0.08,-0.5,-3.14,-1.46,-1.1,-0.64,0.8,2.27,0.07,-0.32,-0.61,-0.32
197803,8.34,2.49,3.95,5.02,1.97,4.45,3.89,3.75,6.09,1.06,3.51,4.69,4.24,4.46,3.51,3.68,3.87,5.76,6.61
197804,5.85,11,5.75,6.93,11.37,8.3,5.37,5.42,6.97,12.08,10.21,9.46,7.29,7.6,3.9,4.51,6.89,7.02,6.89
197805,8.56,2.32,1.69,3.39,2.21,2.53,1.29,1.89,4.51,2.54,1.66,2.8,2.28,1.6,1.08,1.73,2.15,3.7,5.77
197806,1.01,-1.36,-1.23,-0.86,-1.12,-2.24,-1.16,-0.73,-0.11,-0.48,-2.21,-2.34,-2.15,-1.39,-1.01,-0.1,-1.72,0.5,-1.04
197807,3.64,6.91,4.21,5.88,7.26,5.07,4.17,4.79,6.22,7.47,6.93,5.68,4.46,5.42,3.15,3.99,5.52,4.91,8.49
197808,13.21,4.01,4.82,3.67,3.91,4.68,4.78,3.86,4.24,4.1,3.58,4.37,5,4.84,4.72,4.74,3.06,3.99,4.66
197809,-1.93,-2.49,0.83,-0.2,-3.12,-0.27,1.31,0.18,-0.19,-3.46,-2.56,-0.32,-0.23,1.32,1.31,0.61,-0.22,0.12,-0.7
197810,-31.07,-11.29,-10.14,-13.38,-11.05,-11.89,-9.08,-11.22,-15.83,-10.14,-12.52,-12.1,-11.68,-10.28,-8.08,-11.74,-10.73,-14.16,-18.65
197811,4.58,3.49,3.44,3.35,3.44,3.24,3.75,3.29,3.34,3.64,3.1,3.68,2.8,4.14,3.43,3.23,3.35,3.46,3.14
197812,-4.3,2.89,0.84,0.15,3.22,1.43,0.61,0.59,0.42,4.93,0.34,1.77,1.07,1.2,0.12,1.36,-0.13,0.76,-0.18
197901,15.93,3.74,5.37,7.4,3.3,5.56,4.83,6.52,8.39,2.47,4.77,5.28,5.85,4.94,4.74,6.68,6.37,6.92,11.05
197902,-5.9,-3.69,-2.35,-2.64,-4.02,-2.57,-2.39,-2.15,-2.85,-3.91,-4.19,-2.55,-2.59,-3.3,-1.63,-1.86,-2.41,-2.52,-3.43
197903,13.95,6.29,5.97,7.78,6.03,7.03,5.41,6.9,8.5,5.54,6.87,7.22,6.83,7.26,3.89,6.77,7.02,7.43,10.4
197904,2.88,0.34,0.86,1.32,0.44,0.9,0.25,1.55,1.24,0.27,0.74,-0.01,1.82,0.91,-0.32,1.71,1.41,1.54,0.73
197905,-6.24,-1.92,-1.21,-0.81,-2.06,-1.12,-1.31,-0.89,-1.22,-1.97,-2.21,-1.42,-0.83,-1.58,-1.07,-1.44,-0.38,-1.26,-1.15
197906,2.55,3.37,5.58,5.77,2.96,5.35,5.15,6.54,5.1,2.01,4.57,4.77,5.91,6.36,4.11,6.61,6.48,4.14,6.76
197907,-3.77,0.77,1.98,3.01,0.28,2.17,2.04,1.83,3.53,-0.76,1.95,2.1,2.27,2.17,1.92,1.4,2.3,3.1,4.17
197908,4.38,7.03,5.61,5.78,6.96,7.21,4.92,5.53,6.54,6.65,7.43,7.24,7.17,5.62,4.28,6.25,4.76,6.61,6.42
197909,2.52,-0.65,0.78,-0.82,-1.18,0.58,0.99,-0.26,-0.65,-1.58,-0.57,0.75,0.35,1.3,0.71,0.5,-1.07,-0.63,-0.69
197910,-15.59,-6.99,-6.63,-8.94,-6.88,-6.47,-6.59,-8.3,-9.42,-6.85,-6.92,-7.28,-5.37,-6.69,-6.51,-8.34,-8.26,-7.9,-11.68
197911,14.46,7.04,5.84,4.66,6.81,7.23,5.08,6.79,3.78,7.18,6.26,7.63,6.69,4.17,5.94,7.6,5.91,4.82,2.17
197912,19.94,3.55,1.52,2.61,3.1,3.98,0.8,1.6,3.94,2.41,4.18,4.71,2.98,0.64,0.94,2.34,0.79,2.85,5.67
198001,4.91,5.27,6.51,8.04,4.63,7.33,6.08,6.15,9.48,3.13,6.94,6.91,7.9,8,4.29,6.3,5.99,7.24,12.92
198002,0.86,-2.77,1.58,-0.24,-3.57,0.23,2.21,-0.75,0.11,-3.35,-3.89,-0.75,1.56,2.9,1.55,-0.72,-0.77,0.47,-0.42
198003,-30.74,-10.27,-11.32,-13.95,-9.2,-12.41,-11.02,-11.83,-15.37,-9.15,-9.28,-12.89,-11.77,-12.43,-9.64,-11.86,-11.79,-13.61,-17.98
198004,7.32,4.01,5.74,6.06,3.81,4.28,5.83,8.07,4.52,3.51,4.25,4.55,3.93,4.41,7.17,7.87,8.3,6.18,1.96
198005,3.98,5.95,5.71,6.77,5.76,5.84,6.05,5.41,7.64,5.75,5.77,6.44,5.04,6.72,5.44,5.27,5.57,8.25,6.65
198006,11.43,3.38,3.59,2.76,3.19,4.36,2.64,4.4,2.28,2.89,3.63,3.85,5.05,3.66,1.68,5.25,3.44,1.99,2.75
198007,4.66,9.77,5.69,3.54,11.59,6.72,4.76,3.81,5.78,12.19,10.73,6.31,7.32,3.94,5.9,5.97,1.8,3.47,8.33
198008,1.76,2.89,1.81,2.07,3.62,1.9,1.93,1.85,1.05,4.34,2.59,1.44,2.56,0.99,3.21,0.77,2.89,0.55,1.59
198009,13.7,4.29,3.22,-0.7,4.01,5.34,3.11,-0.58,0.34,3.99,4.04,4.86,6.04,4.53,1.25,0.43,-1.54,0.91,-0.25
198010,0.14,2.3,2.77,-0.18,1.72,3.81,3.86,-1.14,0.81,3.24,-0.52,3.48,4.28,4.36,3.19,-1.3,-0.98,0.38,1.27
198011,8.94,11.76,12.36,4.54,11.56,13.52,14.97,4.41,2.7,12.19,10.58,12.15,15.45,17.57,11.39,2.75,6.02,3.64,1.68
198012,-7.18,-2.56,-4.38,-0.88,-1.54,-5.26,-4.7,-1.07,-0.65,-1.24,-2,-4.57,-6.2,-5.16,-4.04,-1.07,-1.07,-0.34,-1
198101,-6.73,-5.73,-4.7,1.76,-5.87,-6.29,-4.94,0.37,2.35,-7.04,-4.02,-5.46,-7.44,-6.39,-2.85,-0.56,1.28,2.25,2.45
198102,-0.85,2.39,1.43,1.53,2.37,2.03,0.55,2.54,1.38,1.5,3.7,2.44,1.45,1.35,-0.56,3.47,1.65,0.56,2.32
198103,13.47,4.25,4.13,5.61,4.84,4.14,2.17,5.26,7.8,4.78,4.93,3.06,5.69,1.52,3.11,6.77,3.81,5.56,10.28
198104,8.32,-1.61,-1.46,1.54,-1.28,-2.85,-1.57,1.98,0.33,-0.58,-2.33,-2.29,-3.65,-3.33,0.9,1.39,2.58,0.57,0.08
198105,17.76,1.36,-0.05,2.93,2.47,-0.95,-0.58,2.84,2.22,3.43,1.01,-0.94,-0.96,-1.23,0.29,2.13,3.53,2.09,2.37
198106,-8.4,-3.55,1.91,0.23,-4.92,0.64,2.43,0.28,0.2,-6.22,-2.91,-0.6,2.4,1.7,3.39,0.3,0.26,0.81,-0.44
198107,-1.13,0.83,-0.79,-1.16,0.92,1.66,-2.16,-2.25,-0.72,0.6,1.22,0.64,3.01,-2.4,-1.77,-2.53,-1.92,0.01,-2.29
198108,-10.78,-7.22,-5.53,-2.85,-7.03,-6.7,-5.4,-5.29,-1.91,-9.08,-5.09,-7.64,-5.46,-5.9,-4.6,-5.96,-4.51,-0.73,-4.48
198109,-9.75,-6.84,-6.05,-1.97,-7.6,-6.25,-6.12,-2.98,-1.76,-8.56,-6.73,-5.07,-7.71,-6.74,-5.16,-3.52,-2.35,-0.35,-4.95
198110,16.78,8.43,4.29,4.63,8.78,7.43,3.93,2.99,4.61,11.4,6.44,7.63,7.15,3.24,4.98,1.53,4.66,5.02,3.64
198111,15.5,3.68,5.06,4.22,3.03,5.33,4.72,4.78,4.24,0.51,5.36,5.21,5.5,4.65,4.83,5.32,4.19,3.74,5.44
198112,-6.15,-3.02,-2.5,-2.33,-2.85,-3.06,-3.01,-1.98,-1.99,-3.68,-2.11,-3.4,-2.6,-3.03,-2.98,-1.12,-2.94,-1.74,-2.58
198201,-2.18,-2.23,-3.62,0.21,-2.14,-3.74,-3.05,-1.57,0.6,-3.62,-0.83,-2.44,-5.53,-3.42,-2.49,-2.5,-0.51,1.34,-1.16
198202,0.73,-7.41,-3.32,-1.74,-7.4,-6.76,-2.75,-1.2,-2.2,-9.18,-5.88,-7.42,-5.83,-2.82,-2.64,-1.49,-0.88,-3.05,-0.13
198203,-2.92,-1.98,-0.52,1.85,-3.28,0.17,-1.01,1.63,1.78,-3.72,-2.92,1.08,-1.07,-1.69,0.01,1.31,1.99,1.83,1.65
198204,10.86,5.83,3.77,2.84,6.54,4.33,3.4,3.79,2.34,6.23,6.8,4.24,4.45,3.23,3.67,3.83,3.76,1.49,4.35
198205,1.36,-3.48,-2.28,-2.19,-4.05,-2.13,-2.28,-2.89,-1.6,-4.86,-3.38,-2.17,-2.07,-1.84,-2.93,-2.56,-3.24,-1.26,-2.37
198206,16.77,-2.63,-1.22,-1.62,-3.3,-1.3,-0.75,-1.61,-1.83,-4.28,-2.5,-1.14,-1.52,-0.64,-0.91,-1.95,-1.23,-2.41,-0.55
198207,-1.08,-0.87,-3.76,-1.61,-0.39,-3.24,-3.63,-2.18,-1.82,-1.91,1.15,-1.98,-4.88,-3.42,-3.84,-3.03,-1.46,-1.73,-2.02
198208,7.76,10.62,12.65,12.68,10.83,11.57,12.12,13.07,11.73,11.27,10.39,10.12,13.53,11.19,13.08,12.74,13.35,11.95,11.24
198209,6.83,2.03,2.35,0.65,2.07,2.38,2.73,0.76,1.11,1.57,2.56,1.94,2.96,3.16,2.3,1.27,0.32,1.23,0.85
198210,17.99,13.2,11.45,9.94,13.14,12.02,11.17,11.6,9.11,15.25,11.05,13.35,10.3,9.92,12.44,12.87,10.52,7.36,12.85
198211,8.4,7.49,3.08,4.63,7.81,5.17,3.02,3.8,4.98,9,6.6,6.72,3.14,3.12,2.92,3.13,4.38,3.71,7.53
198212,20.15,1.16,1.16,1.51,1.77,0.27,1.18,0.4,4.04,-0.3,3.93,-0.36,1.11,1.73,0.64,1.15,-0.23,3.88,4.35
198301,5.35,3.79,3.58,5.76,3.91,3.59,3.88,5.42,3.29,4.96,2.86,3.47,3.75,2.66,5.1,2.99,7.51,2.89,4.07
198302,-1.14,3.75,2.93,2.84,3.29,3.95,3.82,1.94,4,3.45,3.12,4.93,2.66,3.18,4.46,1.8,2.05,3.29,5.35
198303,5.49,2.51,4.75,3.44,2.64,3.17,4.57,4.16,3.69,2.06,3.25,2.17,4.52,5.45,3.7,5.23,3.28,3.04,4.88
198304,27.62,6.04,8.88,7.19,6.49,6.31,8.46,8.55,7.13,5.62,7.38,4.9,8.18,8.1,8.82,10.1,7.24,5.63,9.85
198305,5.13,1.06,0.86,0.64,1.68,0.43,1.32,-0.44,2.15,3.07,0.28,-0.53,1.65,-0.32,2.94,-0.48,-0.41,2.52,1.52
198306,15.77,5.34,3.77,1.02,5.82,5.34,3.14,1.26,1.69,5.75,5.9,4.06,6.93,4.61,1.74,2.1,0.54,0.24,4.2
198307,-7.33,-5.3,-2.33,-0.77,-5.11,-4.98,-2.61,-0.32,-1.38,-5.2,-4.96,-5.89,-3.61,-2.73,-2.45,-0.84,0.17,-1.98,0.04
198308,-3.35,-1.88,0.41,4.53,-1.9,-1.4,-0.34,3.21,5.07,-2.68,-0.58,-1.83,-0.76,-0.76,0.18,2.68,3.7,4.63,6.12
198309,5.18,2.19,1.61,1.26,2.48,2.02,2.27,0.3,1.31,2.31,2.77,1.26,3.12,2.49,2.01,-0.67,1.19,1.8,0.18
198310,-2.59,-4.42,-1.41,-0.56,-4.63,-3.15,-1.05,-0.65,-0.96,-6.05,-2.27,-3.75,-2.29,0.49,-2.95,-1.44,0.06,-1.05,-0.75
198311,-2.39,3.09,2.7,2.23,2.74,3.23,3.35,2.5,1.81,1.91,4.07,4.19,1.87,2.5,4.44,2.09,2.88,1.9,1.59
198312,-1.45,-1.04,-1.05,-0.56,-1.31,-0.24,-2,-0.94,0.4,-1.17,-1.54,-0.2,-0.29,-1.76,-2.29,0.21,-1.98,0.53,0.1
198401,6.65,-5.16,0.46,3.41,-6.01,-1.58,0.25,1.18,4.96,-6.87,-4.65,-2.55,-0.16,-1.95,3.05,1.32,1.06,5.26,4.25
198402,-9.1,-5.07,-4.32,-1.74,-4.7,-6.11,-4.6,-2.69,-1.04,-5.37,-3.69,-6.15,-6.04,-4.5,-4.71,-2.57,-2.8,-2.67,2.71
198403,-3.78,1.37,1.56,0.66,1.26,2.29,0.66,1.73,0.19,0.77,2,1.71,3.11,0.72,0.6,2.1,1.38,-0.5,1.7
198404,-1.37,0.22,0.16,1.56,0.51,-0.26,0.81,0.61,1.14,0.4,0.67,-0.66,0.32,1.15,0.4,-1.1,2.19,1.66,0.03
198405,-8.16,-4.97,-4.6,-5.71,-5.16,-3.81,-5.88,-4.27,-6.13,-5.36,-4.87,-4.37,-3.02,-6.27,-5.4,-3.39,-5.07,-6.24,-5.91
198406,7.91,4.43,1.64,2.45,4.06,5.06,1.93,-0.24,3.98,3.77,4.49,5.54,4.4,2.31,1.47,-0.84,0.32,5.82,-1.07
198407,-7.91,-1.86,-2.05,-2.42,-1.61,-2.71,-0.84,-3.42,-1.98,-1.18,-2.26,-2.71,-2.72,-1.66,-0.28,-3.99,-3.04,-2.43,-1.23
198408,10.64,11.67,11.11,11.23,11.9,11.08,10.67,11.2,11.59,12.76,10.6,10.91,11.26,10.72,10.64,11.91,10.73,12.25,10.49
198409,-1.6,-2.46,-0.12,3.12,-2.86,-1.15,0.13,1.83,3.42,-3.44,-1.98,-1.11,-1.19,-0.56,0.58,0.52,2.7,3.15,3.87
198410,-4.73,0.2,0.67,-0.44,-0.16,1.49,1.13,-0.57,-0.68,-0.72,0.67,1.42,1.56,0.2,1.71,-1.31,-0.09,-1.86,1.32
198411,-4.95,-2.66,-1.17,0.92,-3.22,-0.97,-1.3,-0.26,1.48,-4.19,-1.82,-0.81,-1.13,-1.73,-1.04,-0.93,0.15,1.17,1.97
198412,4.2,2.55,2.56,2.23,2.7,2.34,2.46,2.87,1.72,2.52,2.96,2.08,2.61,1.57,3,2.72,2.95,1.01,2.87
198501,16.21,10.99,8.39,5.92,11.19,9.59,8.18,7.42,5.31,12.8,8.91,10.36,8.8,8.51,7.98,8.45,6.79,5.2,5.48
198502,1.08,1.6,1.84,2.19,1.18,2.08,1.84,2.44,2.11,0.9,1.58,3.01,1.11,1.82,1.85,2.65,2.31,2.88,0.89
198503,0.33,-1.65,-0.7,2.13,-2.3,-0.23,-0.66,1.07,2.2,-3.5,-0.55,0.46,-0.98,0.72,-1.49,-0.48,2.04,2,2.52
198504,-2.04,-1.89,-0.64,1.9,-1.71,-2.31,-0.89,1.38,2.37,-2.21,-1.01,-2.43,-2.19,0.09,-1.49,1.6,1.25,2.54,2.1
198505,7.05,5.66,6.69,5.02,5.6,6.64,7.31,5.12,4.66,5.01,6.44,5.85,7.49,8.78,6.38,4.49,5.51,4.9,4.27
198506,1.79,1.51,1.96,1.6,1.06,2.46,1.85,1.21,2.32,0.5,1.84,2.96,1.94,1.48,2.09,2.24,0.53,2.01,2.81
198507,-0.06,0.59,-0.48,-1.2,0.69,0.49,-0.35,-1.27,-1.33,0.9,0.44,0.25,0.78,-0.32,-0.38,-1.5,-0.93,-2.33,0.62
198508,-1.79,-1.6,-0.05,0.75,-1.86,-0.22,-0.09,0.22,0.59,-1.84,-1.89,-0.79,0.46,0.17,-0.35,-0.36,1.08,0.85,0.09
198509,-6.65,-4.38,-2.93,-4.34,-4.58,-3.36,-2.78,-3.83,-4.11,-4.39,-4.83,-3.73,-2.91,-2.46,-3.12,-3.15,-4.83,-4.04,-4.25
198510,4.22,3.88,5.14,5.27,3.84,4.39,4.58,5.48,5.63,3.64,4.09,4,4.85,4.56,4.6,6.12,4.52,6.1,4.75
198511,0.21,8.88,6.65,4.91,9.38,7.71,7.55,4.52,5.01,9.12,9.7,7.25,8.28,7.75,7.34,4.41,4.7,5.56,3.96
198512,4.14,5.65,3.71,4.29,6.05,4.07,4.25,3.41,4.38,6.01,6.1,4.34,3.73,5.52,2.99,2.94,4.12,5.09,3
198601,3.92,1,0.56,1.66,0.8,1.41,1.6,-0.33,1.96,0.18,1.56,1.67,1.08,0.03,3.21,-1.23,1.02,1.57,2.72
198602,5.31,7.91,8.1,6.86,7.53,9.5,8.02,6.81,7.03,6.35,8.97,9.19,9.9,7.02,9.03,7.02,6.5,6.62,7.84
198603,6.39,5.93,5.76,4.44,5.63,6.7,5.66,4.8,4.71,5.24,6.1,6.92,6.44,5.29,6.03,5.43,3.86,5.52,3.14
198604,4.52,0.79,-1.35,-2.93,0.92,-0.17,-1.54,-2.14,-2.81,2.32,-0.73,0.34,-0.84,-0.3,-2.76,-1.42,-3.21,-2.32,-3.77
198605,10.11,5.15,5.49,4.91,5.27,5.28,4.34,5.9,5.1,4.94,5.66,4.74,5.97,4.35,4.33,6.8,4.51,6.12,3.05
198606,-2.02,1.57,1.13,2.52,1.81,1.32,1.07,1.21,2.7,1.61,2.04,0.78,2.02,1.16,0.98,0.63,2.14,4.25,-0.51
198607,-12.2,-7.66,-5.66,-2.94,-7.86,-6.82,-6.02,-3.29,-3.46,-8.62,-7.24,-7.04,-6.51,-5.98,-6.08,-4.4,-2,-1.89,-5.97
198608,5.26,4.44,7.87,8.98,4.22,5.87,6,9.58,9.94,2.72,5.41,5.14,6.84,4.97,7.39,11.61,7.27,9.24,11.1
198609,-8.65,-9.83,-7.08,-6.97,-9.82,-9.16,-6.99,-7.28,-6.18,-10.82,-9.04,-9.84,-8.28,-7.81,-5.92,-6.33,-8.42,-8.56,-2.28
198610,4.1,5.44,5.04,5.16,5.08,6.11,5.32,4.59,5.26,7.25,3.42,6.57,5.52,6.32,4.01,4.28,4.98,6,4.12
198611,-0.6,1.79,1.81,1.41,1.98,1.49,1.86,1.61,1.38,1.01,2.76,1.21,1.86,2.5,1.01,1.72,1.46,1.8,0.74
198612,-4.69,-2.54,-2.96,-2.82,-2.35,-2.5,-3.89,-2.71,-2.78,-2.86,-1.95,-3.15,-1.63,-3.99,-3.76,-2.56,-2.9,-3.71,-1.31
198701,17.96,13.74,12.96,10.82,13.38,14.95,10.87,12.12,11.61,13.39,13.37,14.89,15.02,11.05,10.64,14.41,9.31,12.4,10.41
198702,6.1,7.72,3.85,0.46,8.34,6.54,4.09,0.88,0.24,8.81,7.98,5.78,7.54,2.2,6.64,0.86,0.91,0.33,0.08
198703,2.42,1.62,2.33,2.68,1.45,2.21,0.9,2.81,3.68,1.03,1.78,2.15,2.28,1.32,0.36,4.41,0.73,1.69,6.8
198704,-1.83,-1.94,-1.2,-1.7,-1.85,-1.64,-2.52,-1.13,-0.95,-3.55,-0.52,-2.22,-0.89,-2.97,-1.93,0.39,-3.19,-0.35,-1.84
198705,2,1.26,-0.15,0.7,1.63,-0.3,-0.13,0.53,0.63,1.08,2.04,0.07,-0.77,0.3,-0.69,0.3,0.86,-0.01,1.59
198706,-0.18,4.29,5.16,4.6,4.19,4.49,5.46,4.87,4.81,4.3,4.1,4.62,4.31,6.55,4.04,5.37,4.17,4.4,5.44
198707,9.95,5.16,3.46,3.95,5.13,3.48,5.4,2.97,3.9,4.93,5.35,5.27,1.82,7.23,3.46,2.32,4.07,2.83,5.59
198708,-0.42,4.47,4.28,2.78,4.49,4.74,3.53,4.29,2.33,3.69,5.35,4.4,5.08,3.99,3.03,4.6,3.77,3.31,0.83
198709,-0.38,-2,-2.18,-2.4,-2.29,-3.24,-0.68,-2,-2.08,-3.89,-0.59,-1.12,-5.29,-0.44,-0.94,-1.36,-3.1,-2.38,-1.62
198710,-35.14,-24.24,-21.12,-20.38,-23.75,-24.66,-23.22,-16.98,-20.99,-22.74,-24.79,-25.74,-23.57,-23.58,-22.82,-15.8,-19.03,-19.12,-23.9
198711,-7.72,-8.58,-7.41,-5.56,-8.95,-7.42,-7.02,-6.72,-6.04,-9.54,-8.32,-7.43,-7.4,-8.43,-5.42,-7.94,-4.52,-8.31,-2.29
198712,7.52,9.18,6.46,4.86,9.09,8.22,7.98,3.6,5.76,8.75,9.44,9.46,7.01,8.37,7.55,3.97,2.94,5.97,5.44
198801,-1.23,2.08,5.56,7.85,2.07,2.44,5.09,8.25,7.98,1.9,2.24,2.11,2.77,7,3.02,8.63,7.57,9.76,5.18
198802,13.59,5.73,4.96,3.86,5.55,6.62,5.48,2.94,3.99,5.3,5.8,6.29,6.96,5.71,5.23,2.6,3.56,2.64,6.2
198803,6.02,-2.38,-2.41,-0.72,-2.99,-2.1,-1.87,-2.58,0.53,-2.14,-3.89,-0.53,-3.67,-2.84,-0.78,-2.07,-3.5,0.52,0.55
198804,4.24,-0.42,2.07,1.65,-0.48,1.05,1.64,1.76,2.1,-1.21,0.3,-0.24,2.39,0.68,2.71,2.4,0.61,2.48,1.48
198805,-5.29,-0.33,0.36,1.83,-0.44,-0.19,-0.51,2.17,1.67,-0.44,-0.43,-0.02,-0.37,-0.05,-1.01,2.17,2.19,1.58,1.82
198806,6.86,5.08,5.78,4.22,4.99,6.99,5.86,3.58,4.28,4.74,5.26,5.35,8.64,6.09,5.61,3.31,4.09,2.91,6.47
198807,2.3,-1.65,-0.25,0.24,-1.56,-1.61,0.27,-0.08,0.55,-1.44,-1.68,-1.96,-1.31,0.81,-0.31,-0.01,-0.15,0.68,0.37
198808,-6.83,-3.02,-2.96,-1.4,-3.06,-4.52,-1.93,-1.06,-1.9,-2.75,-3.41,-2.87,-5.91,-2.14,-1.69,-1.34,-0.77,-1.89,-1.91
198809,-0.01,4.81,3.41,3.5,5.21,4.18,2.47,3.4,3.88,4.92,5.53,3.44,4.83,0.94,4.14,3.75,3.04,3.81,3.98
198810,-3.21,1.82,1.71,2.69,0.86,3.87,1.19,1.83,3.14,-0.11,1.94,5.17,2.76,0.56,1.87,1.53,2.13,2.09,4.62
198811,-4.72,-1.9,-1.93,-0.68,-2.07,-1.66,-2.38,-0.84,-0.55,-2.14,-1.98,-1.34,-1.95,-1.94,-2.86,-0.85,-0.83,-0.96,0.01
198812,2.42,2.91,1.79,1.05,2.91,2.5,1.98,1.15,0.75,3.05,2.76,2.9,2.15,2.49,1.45,0.87,1.43,1.02,0.38
198901,13.64,6.79,6.36,6.82,7.01,6.48,6.02,6.08,7.73,6.51,7.57,6.04,6.86,6.31,5.71,6.46,5.69,7.51,8.04
198902,3.09,-2.06,-1.77,-1,-2.33,-1.82,-1.69,-0.95,-1.1,-1.63,-3.12,-1.07,-2.45,-2.3,-1.04,-1.02,-0.89,-1.19,-0.97
198903,-0.63,2.52,1.78,2.71,2.43,0.91,3.46,2.49,1.94,2.82,2,2.84,-0.75,3.45,3.47,1.34,3.66,1.75,2.21
198904,4.51,5.88,4.73,4.01,5.98,5.21,4.52,4.45,4.07,5.99,5.96,5.54,4.91,2.66,6.53,4.98,3.93,4.32,3.74
198905,3.87,4.77,3.6,3.94,4.7,3.28,4.1,4.3,3.97,5.03,4.33,5.02,1.89,4.03,4.18,4.69,3.92,4.07,3.83
198906,1.91,-1.18,-0.38,0.33,-1.13,-0.75,-0.83,-0.16,1.27,-1.92,-0.23,-1.38,-0.22,-0.32,-1.37,0.49,-0.81,-0.09,3.17
198907,8.3,10.05,6.82,5.81,9.99,8.78,6.2,6.8,5.94,10.39,9.41,10.16,6.98,5.41,7.06,7.87,5.64,6.18,5.53
198908,3.15,1.26,2.85,2.59,0.91,2.52,3.09,2.41,2.36,0.35,1.74,1.99,3.23,2.72,3.48,1.97,2.9,2.63,1.92
198909,-3.26,0.62,-0.69,-0.08,1.09,-1.13,-0.46,0.36,-0.3,2.19,-0.54,-0.35,-2.16,0.07,-1.01,0.48,0.22,-0.08,-0.67
198910,-8.61,-1.81,-4.09,-2.59,-1.09,-3.9,-4.03,-3.42,-2.04,-0.98,-1.26,-3.29,-4.73,-3.51,-4.58,-3.5,-3.34,-1.06,-3.7
198911,3.96,2.2,1.61,0.81,1.81,2.23,1.95,1.09,0.91,2.22,1.19,3.02,1.15,2.53,1.33,1.46,0.68,1.07,0.63
198912,-0.44,1.52,2.1,2.28,0.92,1.01,3.27,3.84,0.98,0.77,1.14,2.78,-1.45,3.34,3.19,3.65,4.05,0.58,1.7
199001,-9.52,-7.69,-6.54,-7.14,-7.77,-6.2,-7.17,-7.55,-6.86,-7.92,-7.55,-7.51,-4.27,-6.5,-7.9,-7.58,-7.52,-6.39,-7.68
199002,3.19,0.63,2.27,2.46,0.64,1.96,2.3,1.54,2.33,0.32,1.1,0.62,3.86,2.37,2.21,0.56,2.64,2.94,1.24
199003,0.96,4.18,1.59,0.69,4.11,3.77,0.88,1.11,0.71,4.51,3.51,4.32,3.01,0.3,1.52,1.5,0.68,1.57,-0.85
199004,-6.15,-1.11,-3.42,-4.52,-0.59,-1.87,-4.04,-4.31,-4.69,-0.17,-1.2,-2.17,-1.44,-3.18,-4.99,-4.33,-4.3,-3.99,-5.99
199005,8.13,10.59,8.36,7.2,11.18,10.29,7.79,6.33,7.46,13.02,8.45,9.37,11.57,8.05,7.49,5.87,6.84,8.59,5.32
199006,-1.78,1.26,-2.13,-1.35,2.63,-1.7,-1.98,-2.87,-0.19,2.7,2.54,-1.63,-1.8,-1.38,-2.65,-2.84,-2.9,-0.42,0.26
199007,-3.14,-1.54,-0.41,-2.01,-1.55,-1.55,0.8,-2.09,-2.6,-1.16,-2.26,-1.52,-1.6,2.26,-1.05,-2.92,-1.11,-2.15,-3.37
199008,-14.93,-10.12,-8.34,-10.16,-9.42,-10.84,-7.63,-9.45,-10.6,-8.94,-10.3,-11.95,-9.36,-7.5,-7.81,-9.4,-9.49,-9.91,-11.79
199009,-9.59,-6.08,-4.13,-6.67,-5.74,-5.77,-3.03,-6.89,-7.54,-6.36,-4.57,-7.01,-4.14,-3.03,-3.03,-8.19,-5.37,-6.34,-9.68
199010,-9.7,-0.11,-2.28,-0.26,0.57,-2.43,-1.99,-0.83,-1.03,0.85,0.05,-1.97,-3.01,-0.52,-3.94,-2.29,0.85,0.07,-3.08
199011,7.22,7.48,6.77,5.14,7.11,7.75,6.47,6.89,4.77,8,5.43,8.55,6.73,6.15,6.92,8.01,5.67,5.44,3.5
199012,6.82,3.78,2.49,2.08,3.52,3.85,2.09,2.94,1.73,3.58,3.4,4.5,3,2.35,1.74,3.28,2.56,2.59,0.07
199101,7.09,6.53,3.68,4.8,5.98,5.98,3.01,5.87,4.89,5.33,7.24,8.07,3.26,1.25,5.42,6.94,4.66,3.94,6.79
199102,12.24,8.08,6.85,7.74,8.44,7.75,6.04,7.15,8.19,8.12,9.06,7.09,8.66,5.8,6.36,7.2,7.1,7.59,9.37
199103,3.85,4.3,1.49,3.36,4.94,2.45,0.98,3.04,2.76,5.37,4.13,2.5,2.39,2.61,-1.13,2.02,4.22,3.34,1.64
199104,-0.67,-0.28,0.85,0.52,-0.26,0.04,0.67,1.53,0.12,0.04,-0.82,-0.35,0.56,1.37,-0.26,1.94,1.07,0.52,-0.64
199105,4.41,4.64,3.09,4.8,4.26,4.78,2.6,4.06,5.52,4.54,3.72,5.76,3.48,2.08,3.31,4.29,3.81,3.66,9.13
199106,-3.95,-4.9,-4.21,-3.74,-4.54,-5.39,-3.93,-3.99,-4.05,-4.51,-4.6,-5.96,-4.61,-3.19,-4.95,-4.57,-3.31,-3.69,-4.71
199107,5.36,5.34,3.99,3.88,6.21,3.17,4.15,4.67,3.21,7.37,3.59,2.7,3.54,4.72,3.37,4.92,4.45,3.49,2.81
199108,2.97,3.43,1.94,2.37,4.07,1.09,2.83,2.15,3.11,4.38,3.35,1.38,0.88,1.98,3.98,2.61,1.75,4.53,1.05
199109,1.61,-1.97,0.1,-1.73,-1.67,-1.08,-0.69,0.09,-2.2,-1.81,-1.34,-2.95,0.35,-1.35,0.18,1.67,-1.32,-1.5,-3.25
199110,-0.28,1.61,1.76,1.81,1.73,0.96,1.88,2.74,2.37,2.29,0.41,1.21,0.78,1.67,2.15,4.26,1.33,3.1,1.27
199111,-5.45,-2.66,-4.44,-5.6,-1.59,-5.34,-4.83,-3.63,-6.84,-0.14,-5.1,-6.19,-4.7,-5.01,-4.6,-2.65,-4.56,-6.57,-7.26
199112,12.48,14.14,7.55,8.72,14.82,8.89,8.2,7.38,11.1,15.69,12.58,11.79,6.75,8.39,7.97,8.04,6.73,11.73,10.11
199201,4.5,-1.59,-0.65,5.32,-2.02,-0.85,-0.34,1.64,8.39,-2.98,0.51,-0.09,-1.44,-0.76,0.22,0.66,2.63,5.48,12.93
199202,4.47,0.41,0.96,6.9,0.11,0.28,2.29,3.69,8.19,-0.29,1.15,1.43,-0.63,1.85,2.86,1.66,5.7,5.7,11.83
199203,-4.96,-3.03,-1.28,-1.02,-3.5,-1.79,-0.58,-1.06,-0.9,-3.45,-3.6,-1.41,-2.1,0.24,-1.64,-0.97,-1.14,-1.91,0.47
199204,-1.9,-0.23,4.19,3.05,-0.94,4.08,3.41,2.2,4.38,-1.56,0.61,2.17,5.63,3.81,2.88,2.59,1.83,2.55,6.69
199205,-2.04,0.78,0.5,0.73,0.93,0.38,0.54,0.38,1.31,1.07,0.57,0.3,0.44,-0.38,1.75,0.58,0.19,1.62,0.93
199206,-6.34,-2.74,-1.35,0.07,-3.22,-0.83,-2.16,-0.58,0.06,-3.48,-2.58,-1.17,-0.56,-2.58,-1.62,-1.26,0.07,-1.02,1.35
199207,2.07,4.2,4.55,2.36,4.81,3.75,4.51,3.6,1.21,5.06,4.18,2.26,5.72,4.78,4.14,3.49,3.74,3.34,-0.97
199208,-5.99,-1.4,-2.08,-4.53,-1.08,-2.94,-0.95,-2.91,-6.47,-1.13,-0.96,-2.44,-3.59,-0.97,-0.93,-3.41,-2.24,-3.96,-9.17
199209,6.47,1.61,0.98,1.26,0.85,3.27,1.15,0.41,0.66,0.15,2.66,4.09,2.21,0.53,1.99,-0.75,1.93,1.67,-0.49
199210,4.26,2.55,-0.64,1.04,2.67,1.66,-0.94,-0.61,1.42,2.28,3.65,2.17,0.98,-0.82,-1.09,-1.57,0.62,1.73,1.06
199211,8.1,5,2.88,4.91,4.76,5.31,1.77,3.37,6.88,4.34,5.79,5.77,4.7,2.15,1.27,3.89,2.72,5.6,8.37
199212,1.26,0.86,2.25,3.66,-0.09,3.17,3.2,1.44,3.74,-0.59,1.13,3.85,2.25,3.42,2.9,-0.24,3.57,3.59,3.91
199301,3.89,-0.9,1.72,5.59,-1.82,1.44,1.53,3.29,7.53,-2.77,0.48,1.91,0.8,1.23,1.94,3.25,3.33,5.47,9.83
199302,-2.38,-2.66,3.74,2.74,-3.87,1.56,4.04,3.92,2.17,-4.47,-2.46,0.92,2.46,3.8,4.37,4.32,3.42,3.11,1.16
199303,6.63,1.81,3.04,2.87,1.21,3.65,3.42,1.52,3.58,0.73,2.31,3.48,3.89,3.08,3.88,1.1,2.03,2.23,5.06
199304,0.1,-4.91,-1.01,-1.22,-5.6,-2.4,-0.71,-1.62,-0.44,-6,-4.71,-2.99,-1.6,-0.3,-1.27,-1.17,-2.17,-1.75,0.96
199305,5.66,4.23,2.43,1.13,4.08,4.57,1.69,1.67,1.27,4.47,3.22,4.64,4.46,1.51,1.93,2.25,0.96,1.87,0.64
199306,-0.25,-0.87,1.13,3.1,-1.85,0.9,1.73,1.6,3.75,-1.89,-1.77,1.75,-0.25,1.01,2.71,1.04,2.29,3.32,4.2
199307,4.9,-2.03,1.17,1.74,-2.94,0.4,1.02,2.46,0.72,-3.7,-1.88,0.42,0.36,0.74,1.53,2.14,2.85,-1.11,2.81
199308,10.86,3.64,4.14,3.35,4.06,2.83,4.2,4.17,3.14,3.59,4.7,2.54,3.31,4.14,4.31,4.64,3.58,5.18,0.9
199309,1.8,-0.34,0.65,-0.45,-0.06,-0.47,0.24,1.15,-1.36,0.18,-0.39,-1.1,0.55,-0.33,1.29,1.64,0.52,-1.89,-0.75
199310,9.59,3.07,-0.01,1.33,3.88,0.57,0.01,-0.53,3.62,3.91,3.84,0.9,0.04,0.6,-1.07,-0.11,-1.07,2.18,5.24
199311,-7.57,-0.4,-2.65,-1.6,0.3,-2.05,-2.82,-3.32,0.27,0.63,-0.14,-2.32,-1.61,-2.59,-3.24,-3.06,-3.65,0.67,-0.16
199312,3.32,1.5,1.98,2.43,1,3.21,1.64,1.65,2.85,0.23,2.05,2.92,3.69,1.21,2.45,1.41,1.96,2.6,3.12
199401,-0.49,2,4.33,3.33,1.61,3.54,4.35,2.87,5.39,0.55,3.03,3.07,4.28,4.66,3.78,4.31,1.02,4.65,6.23
199402,-2.71,-1.56,-2.67,-3.95,-1.6,-1.11,-2.64,-4.2,-3.92,-1.4,-1.85,-1.45,-0.57,-2.58,-2.74,-4.36,-3.99,-3.85,-4.01
199403,-6.28,-4.85,-3.9,-4.01,-5.14,-4.23,-3.36,-4.3,-4.15,-5.13,-5.15,-4.07,-4.48,-3.53,-3.04,-4.63,-3.85,-2.78,-5.69
199404,-3.47,0.26,1.9,1.54,0.71,-0.33,2.55,1.34,1.85,0.33,1.21,-0.96,0.65,2.24,3.1,1.47,1.17,1.76,1.97
199405,0.86,1.08,1.49,-0.6,0.5,2.27,1.31,0.26,0.35,0.67,0.27,2.67,1.66,1.77,0.47,1.74,-1.72,1.71,-1.23
199406,-0.58,-3.22,-2.12,-2.3,-3.22,-3.02,-1.95,-1.71,-3.16,-3.47,-2.89,-3.21,-2.71,-2.25,-1.39,-2.02,-1.28,-3.97,-2.19
199407,1.95,2.89,3.32,3.29,2.57,3.01,4.02,3.55,3.09,2.17,3.02,3.92,2.2,2.21,5.56,3.59,3.51,3.68,1.9
199408,5.11,5.93,2.91,3.46,6.72,3.4,2.13,3.79,3.3,7.15,6.25,3.43,3.38,2.62,1.72,3.98,3.63,3.14,3.63
199409,2.43,-1.01,-2.82,-3.33,-0.36,-3.17,-2.55,-2.81,-3.86,-0.03,-0.73,-3.17,-3.17,-3.37,-1.88,-2.84,-2.78,-4.66,-2.18
199410,-0.44,2.08,2.12,0.58,2.68,1.36,2.7,1.21,-0.95,3.07,2.24,0.07,2.52,1.22,3.89,0.06,2.18,-1.4,-0.03
199411,-6.02,-3.06,-3.56,-4.82,-2.41,-4.51,-3.15,-4.75,-4.41,-1.82,-3.07,-5.33,-3.77,-4.29,-2.26,-4.17,-5.23,-4.62,-3.98
199412,1.79,1.34,1.1,1.66,0.82,2.04,0.79,1.71,1.86,0.06,1.69,3.21,1.01,0.88,0.71,2.02,1.46,2.14,1.28
199501,-0.95,1.85,3.3,1.47,2.07,2.54,3.21,2.02,1.42,1.67,2.53,1.09,3.85,2.82,3.5,2.6,1.52,1.07,2.14
199502,5.39,4.06,3.28,5.42,3.57,4.64,3.09,4.19,5.7,3.37,3.78,5.77,3.65,3.63,2.69,3.08,5.13,5.9,5.3
199503,0.11,2.97,2.41,2.23,2.98,3.07,2.39,2.09,1.58,3.11,2.82,2.96,3.18,2.71,2.14,1.1,2.9,1.65,1.42
199504,1.17,1.95,2.73,4.19,2.09,2.25,2.87,3.17,4.28,1.46,2.8,1.48,2.94,4.06,1.97,2,4.1,3.61,5.64
199505,1.14,3.36,3.39,4.56,3.34,2.52,4.03,4.47,4.95,2.9,3.83,3.42,1.72,3.13,4.73,4.83,4.18,4.83,5.18
199506,4.17,4.09,1.77,2.74,4.74,2.29,1.05,2.5,2.5,5.54,3.87,1.82,2.72,1.42,0.76,1.89,2.98,1.96,3.56
199507,9.33,4.29,3.9,3.82,4.22,3.92,4.14,4.09,3.62,4.73,3.48,4.53,3.32,3.91,4.49,4.11,4.07,4.32,2.78
199508,2.25,0.12,1.16,3.41,0.17,1.12,0.45,1.99,3.99,0.01,0.41,-0.07,2.32,0.02,1.1,1.38,2.69,4.44,3.44
199509,1.5,4.42,3.36,3.5,5.2,3.29,2.14,4.39,2.54,4.26,6.58,1.53,5.04,1.89,2.51,4.11,4.71,2.57,2.5
199510,-6.32,-0.07,-1.4,-3.12,-0.33,-0.51,-0.53,-2.71,-3.62,0.26,-1.18,0.94,-1.88,-0.95,0.09,-2.89,-2.51,-3.43,-3.84
199511,2.83,3.94,4.64,5.17,4.6,2.78,4.15,6.06,4.95,4.54,4.7,1.41,4.13,4.46,3.68,6.63,5.43,5.34,4.46
199512,0.95,0.58,2.65,1.92,0.43,2.01,3.16,1.51,1.96,-0.25,1.41,1.17,2.8,3.58,2.53,1.19,1.87,1.57,2.43
199601,0.44,2.74,2.84,2.63,3.06,2.5,2.53,2.72,2.52,2.84,3.38,1.43,3.5,1.45,4.17,2.68,2.77,3.05,1.88
199602,2.21,2.15,1.39,1.37,1.96,1.8,1.6,1.37,1.68,2.08,1.79,2.89,0.8,1.26,2.11,1.7,1,2.3,0.92
199603,0.93,0.26,1.89,2.05,0.2,1.41,1.35,2.08,2.65,0.27,0.09,0.5,2.26,2.16,0.16,2.77,1.32,2.69,2.61
199604,2.11,3.47,1.44,0.26,2.82,3.45,2.05,-0.05,1.01,3.37,2.01,6.06,1.04,2.62,1.15,0.46,-0.63,0.28,1.87
199605,-1.05,3.94,1.16,2.74,4.43,1.29,1.01,2.5,2.83,4.44,4.42,2.04,0.56,1.19,0.7,2.39,2.64,2.84,2.82
199606,-0.35,-0.51,-0.39,-0.79,-0.33,-0.57,-0.19,-0.42,-2.16,-0.55,-0.01,-1.2,0.06,-0.1,-0.34,-1.53,0.88,-1.64,-2.76
199607,-10.22,-6.18,-4.15,-4.94,-6.51,-5.11,-3.61,-4.31,-5.15,-6.46,-6.57,-4.97,-5.31,-4.36,-2.59,-4.05,-4.62,-5.61,-4.51
199608,5.78,2.45,3.87,3.86,2.48,2.86,4.29,3.6,3.56,3.19,1.62,2.31,3.6,3.48,5.37,3.02,4.31,3.22,4.04
199609,3.35,6.64,4,2.72,7.03,4.6,4.21,3.5,2.32,7.93,5.91,5.2,3.8,3.67,4.93,3.66,3.32,3.49,0.74
199610,-3.5,0.3,2.93,4.09,0.15,1.19,3.47,3.75,3.89,-0.55,1.03,0.89,1.61,2.86,4.28,3.23,4.38,3.71,4.12
199611,3.84,6.77,7.22,6.55,6.93,6.44,7.34,7.14,6.42,6.17,7.87,6.19,6.78,5.27,10.02,7.48,6.74,5.66,7.47
199612,2.47,-1.62,-0.83,-0.66,-1.98,-0.17,-1.48,-0.43,-0.51,-2.88,-0.86,-0.31,0.02,-0.88,-2.24,-0.07,-0.86,-0.44,-0.62
199701,1.76,6.51,4.4,4.15,6.89,5.14,4.51,3.72,3.89,7.97,5.57,5.15,5.13,4.25,4.84,3.06,4.53,3.77,4.06
199702,-0.33,-0.57,0.49,2.36,-0.52,-0.62,0.12,2.47,2.68,-1.41,0.6,-0.75,-0.45,-0.17,0.49,2.95,1.9,2.54,2.85
199703,-5.65,-5.7,-2.56,-4.06,-5.89,-3.16,-2.65,-4.44,-4.27,-6.86,-4.7,-5.01,-0.62,-1.45,-4.22,-5.01,-3.76,-4.6,-3.82
199704,0.96,5.93,3.69,2.71,6.73,2.98,4.26,3.07,2.37,8.6,4.47,2.93,3.04,3.27,5.59,2.96,3.19,1.71,3.27
199705,11.66,7.44,6.15,6.81,7.35,7.54,5.82,6.31,6.6,8.29,6.18,7.8,7.19,6.24,5.27,5.63,7.11,7.48,5.43
199706,2.85,4.08,4.61,4.1,4.14,3.7,5.07,4.81,3.66,4.88,3.19,3.87,3.48,4.74,5.51,4.89,4.73,4.75,2.17
199707,4.24,7.27,8.51,7.56,7.69,7.49,8.89,6.44,7.95,6.98,8.94,6.03,9.11,9.54,7.95,6.22,6.8,8.03,7.84
199708,-0.21,-4.94,-3.13,-0.92,-5.63,-2.54,-3.62,-2.74,-0.88,-5.79,-5.34,-2.87,-2.19,-4.36,-2.51,-3.84,-0.99,-1.54,-0.01
199709,5.28,5.45,5.98,6.44,5.2,5.7,6.36,6.76,6.29,4.89,5.74,6.2,5.15,6.45,6.24,6.77,6.75,5.86,6.84
199710,-2.48,-3.2,-3.79,-2.82,-3.1,-4.19,-3.14,-2.49,-3.37,-2.56,-4.02,-3.48,-4.98,-3.78,-2.22,-2.97,-1.74,-3.16,-3.64
199711,-0.56,4.53,2.51,2.37,4.11,3.91,2.64,3.59,1.71,3.88,4.51,5.76,1.84,2.24,3.2,3.57,3.62,3.59,-0.65
199712,2.09,1.18,2.29,3.63,0.75,1.43,3.25,3.77,3.67,0.31,1.51,2.42,0.28,2.73,3.98,3.92,3.55,3.57,3.79
199801,4.5,2.69,-2.39,0.02,3.14,-0.31,-3,-0.88,0.57,3.39,2.7,1.41,-2.39,-2.96,-3.05,-0.8,-1.01,-0.26,1.64
199802,8.4,6.99,8.09,7.61,7.51,6.52,8.53,6.88,8.46,7.96,6.73,5.48,7.82,9.26,7.51,7.47,5.97,7.08,10.21
199803,7.58,4.88,5.11,6.2,4.51,5.1,5.29,6.01,6.9,3.97,5.45,5.96,4.05,5.91,4.4,6.77,4.84,6.43,7.49
199804,-0.37,0.92,1.78,1.17,1.07,1.49,1.31,0.92,1.49,0.49,2.06,0.49,2.73,1.4,1.17,1.18,0.51,1.31,1.71
199805,-5.1,-2.67,-2.83,0.52,-3.01,-2.21,-3.12,-1.75,1.42,-2.96,-3.08,-1.68,-2.84,-2.82,-3.57,-2.02,-1.3,-0.54,3.77
199806,2.45,5.59,1.26,1.51,6.79,1.05,1.88,2.04,1.66,8.09,4.55,2.06,-0.18,2.69,0.67,2.55,1.2,0.5,2.93
199807,-1.65,-0.84,-3.83,-4.09,-0.94,-1.65,-3.77,-5.17,-2.86,-1.34,-0.15,-0.53,-3.56,-4.42,-3.04,-4.44,-6.42,-3.52,-1.82
199808,-18.94,-14.34,-18,-14.38,-14.33,-16.85,-17.29,-13.74,-15.75,-14.56,-13.89,-14.37,-21.2,-18.41,-16.07,-14.89,-11.73,-14.37,-17.86
199809,8.6,7.79,3.7,5.97,8.5,4.61,5.17,3.09,5.87,8.78,7.95,5.55,2.8,4.39,6.05,1.26,6.16,6.79,4.4
199810,5.94,7.79,7.77,4.81,7.55,8.89,7.18,5.67,5.38,7.09,8.44,8.58,9.54,7.36,6.99,6.86,3.77,5.41,5.32
199811,2.13,7.19,5.38,4.65,7.69,6.12,4.29,4.83,5.08,7.75,7.58,5.55,7.32,3.61,5.04,5.41,3.88,4.61,5.97
199812,13.86,8.51,1.83,3.41,9.37,4.16,2.33,1.95,4,9.62,8.87,5.67,1.03,0.04,4.87,1.71,2.35,3.87,4.25
199901,9.7,5.09,0.18,0.61,5.79,2.43,-0.89,-0.96,2.65,6.36,4.67,2.68,1.89,-2.44,0.89,0.34,-3.11,0.61,6.43
199902,-1.35,-4.62,-1.07,-3.81,-5.01,-2.79,-0.04,-3.03,-3.67,-5.13,-4.78,-3.24,-1.81,-0.03,-0.06,-2.41,-4.09,-3.17,-4.54
199903,5.26,3.86,3.65,0.65,4.58,1.76,4.54,2.34,0.43,6.01,1.72,1.36,2.62,5.34,3.64,3.05,1.08,-1.11,3.16
199904,4.57,2.57,8.15,7.38,0.48,9.4,8.24,8.35,6.76,-1.45,4.48,10.07,7.95,10.39,5.81,8.22,8.6,7.67,5.22
199905,0.36,-2.38,-0.67,0.88,-3.12,-0.19,-1.03,1.05,0.1,-2.98,-3.4,0.06,-0.75,-1.81,-0.11,0.31,2.4,0.64,-0.84
199906,1.5,6.6,2.81,1.52,6.76,5.42,2.84,1.28,1.6,6.81,6.67,6.1,3.9,2.52,3.21,1.23,1.36,1.72,1.4
199907,-2.33,-2.96,-3.22,-3.41,-2.96,-3.31,-3.45,-2.03,-3.42,-3.58,-1.29,-2.96,-3.84,-3.61,-3.28,-1.25,-3.39,-3.97,-2.12
199908,-3.84,-0.15,-3.18,-2.62,0.55,-3.8,-2.36,-3.58,-1.92,2.05,-3.4,-3.64,-4.04,-3.21,-1.42,-3.58,-3.57,-1.15,-3.69
199909,0.42,-1.84,-4.84,-4.45,-1.62,-2.89,-5.64,-6.32,-4.18,-1.88,-0.89,-3.03,-2.67,-4.45,-6.93,-7.15,-4.83,-4.66,-3.05
199910,5.12,6.64,6.26,1.82,6.42,8.51,5.12,1.86,2.4,7.33,3.82,7.84,9.55,4.88,5.4,2.34,1.01,3.19,0.57
199911,8.64,4.51,-2.5,1.76,5.2,-0.15,-2.59,-2.16,2.43,4.98,5.86,0.91,-1.81,-2.65,-2.53,-3.89,0.84,2.91,1.22
199912,13.11,8.58,1.35,4.25,9.23,3.03,1.81,3.32,3.62,10.28,6.13,4.78,0.43,1.52,2.12,2.24,5.13,2.79,5.83
200001,0.64,-4.84,-2.72,-3.84,-4.78,-3.09,-4.51,-4.57,-3.36,-5.64,-2.15,-5.27,0.26,-5.22,-3.73,-4.62,-4.49,-3.33,-3.44
200002,19.5,2.41,-4.32,1.93,3.16,-2.43,-5.82,-0.99,0.63,3.56,1.97,-2.23,-2.72,-6.39,-5.2,-3.98,3.72,0.23,1.68
200003,-0.55,7.48,10.16,6.75,7.2,9.8,9.08,9.23,8.12,7.29,6.94,9.27,10.56,9.59,8.53,12.18,4.91,8.21,7.89
200004,-14.3,-4.79,-0.42,-0.03,-5.01,-3.51,2.06,0.24,0.52,-5.58,-3.27,-3.35,-3.74,1.34,2.83,0.89,-0.78,2.82,-5.6
200005,-10.5,-3.82,1.69,-2.87,-4.12,-0.26,1.92,-1.22,-2.75,-3.73,-5.3,-1.88,2.16,4.79,-0.94,-0.07,-3.04,-3.39,-0.94
200006,16.75,5.5,-4.47,-0.83,6.56,-2.22,-4.95,-3.05,-0.36,8.51,0.72,-0.97,-4.08,-5.65,-4.21,-4.03,-1.47,-1.21,1.98
200007,-5.64,-3.17,3.57,3.25,-3.39,-0.19,4.52,5.16,2.33,-5.04,1.54,-0.93,1.06,4.78,4.05,5.69,4.4,2.86,0.84
200008,10.18,7.65,7.61,7.8,7.76,7.34,8.33,4.61,8.83,8.14,6.68,6.6,8.59,9.18,6.79,3.29,6.53,9.79,6.09
200009,-7.96,-6.03,1.79,-0.38,-6.32,-2.31,2.5,3.91,-2.68,-8.32,-0.61,-3.21,-0.83,1.58,4.17,4.92,2.5,-2.07,-4.48
200010,-15.36,-2.28,-0.26,0.98,-2.58,1.35,-2.2,1.02,0.4,-3.91,0.93,0.6,2.57,-3.66,0.38,0.56,1.67,-0.14,2.05
200011,-25,-10.79,-2.97,-2.09,-11.23,-5.09,-3.88,-0.84,-3.34,-13.26,-6.13,-6.73,-2.49,-6.65,0.68,-1.02,-0.6,-3.23,-3.66
200012,-0.42,-0.04,8.5,8.75,-1.02,8.63,8.53,9.36,6.89,-2.68,2.81,8.69,8.55,7.57,9.93,8.29,10.88,7.47,5.14
200101,10.42,3.81,1.69,1.99,3.74,2.98,2.69,-0.32,4.81,4.84,1.35,4.34,0.96,8.04,-4.33,0.25,-1.09,3.55,8.67
200102,-18.44,-11.31,-0.62,1.09,-12.23,-2.95,-0.52,1.42,1.54,-14.75,-6.59,-3.58,-2.01,-2.07,1.76,2.03,0.58,1.49,1.73
200103,-10.32,-8.01,-1.59,-1.38,-8.68,-2.6,-1.17,-1.31,-1.63,-10.51,-4.95,-2.82,-2.28,-1.04,-1.36,-1.47,-1.1,-2.62,1.83
200104,7.04,8.97,5.02,4.97,9.45,5.61,4.26,4.7,6.45,10.9,6.66,5.47,5.81,4.81,3.49,5.7,3.32,6.38,6.68
200105,2.04,0.5,2.44,5.02,0.32,2.15,3.2,1.98,5.01,-0.22,1.4,1.83,2.61,3.76,2.4,-0.17,5.04,5.06,4.86
200106,2.96,-1.88,-0.9,0.63,-1.74,-2.73,0.26,-1.12,1.97,-1.66,-1.9,-2.95,-2.41,-0.02,0.67,-1.3,-0.87,3.22,-2.09
200107,-3.41,-2.07,-1.37,0.54,-2.17,-1.17,-1.89,-1.28,2.49,-1.68,-2.86,-1.38,-0.91,-1.25,-2.39,-0.85,-2.12,3.81,-0.88
200108,-6.86,-6.94,-3.76,-5.82,-7.29,-4.11,-3.08,-5.38,-6.23,-7.57,-6.91,-4.45,-3.69,-2.74,-3.35,-5.46,-5.22,-5.84,-7.28
200109,-10.71,-8.38,-10.25,-9.95,-8.31,-10.08,-8.48,-12.02,-8.99,-7.89,-8.9,-8.87,-11.61,-10.2,-7.17,-12.36,-11.33,-5.41,-18.84
200110,4.11,3.57,1.18,-2.7,4.06,1.05,-0.13,2.41,-5.35,3.67,4.62,0.27,2.13,-0.23,-0.05,3.04,1.16,-7.71,2.18
200111,8.4,7.94,6.97,10.82,8.12,6.72,5.7,10.18,11.45,8.41,7.71,6.68,6.78,7.39,4.45,10.29,9.95,10.69,13.66
200112,7.29,0.82,3.46,4.22,0.48,3.5,4.55,1.87,3.94,-0.71,2.17,3.31,3.77,3.45,5.38,0.51,4.61,3.95,3.91
200201,-1.8,-1.06,-1.36,-0.49,-1.1,-1.85,-0.48,0.45,-2.5,-1.3,-0.84,-0.72,-3.39,0.46,-1.17,-0.52,2.29,-3.78,1.11
200202,-4.25,-2.66,0.09,-3.33,-3,0.33,-0.05,-1.11,-4.96,-2.44,-3.78,-0.24,1.12,0.98,-0.82,-1.07,-1.19,-6.23,-1.51
200203,3.84,3.71,5.9,6.54,3.44,6.09,5.06,6.54,6.61,2.45,4.84,5.56,6.82,5.61,4.64,6.58,6.44,4.77,11.38
200204,-1.57,-7.07,-0.06,-3.11,-7.54,-2.5,0.65,-0.35,-6.17,-7.89,-7.06,-3.88,-0.62,0.08,1.08,-0.95,0.78,-10.16,3.54
200205,-1.95,-1.53,-0.22,-2.24,-1.73,-0.38,-0.63,0.65,-3.66,-2.47,-0.73,-0.23,-0.57,-1.07,-0.31,1.29,-0.55,-4.9,-1.04
200206,-9.8,-7.46,-5.55,-8.31,-7.69,-5.37,-5.49,-7.42,-8.56,-8.16,-7.07,-5.98,-4.56,-4.94,-5.89,-7.11,-8.02,-8.7,-8.27
200207,-4.93,-6.77,-9.35,-13.75,-5.91,-10.18,-9.02,-11.09,-15.22,-4.94,-7.67,-10.49,-9.75,-8.41,-10.09,-9.44,-12.49,-14.82,-16.26
200208,2.98,0.07,1.16,3.9,0.16,0.06,1.32,2.67,4.6,0.45,-0.4,-0.34,0.62,1.68,0.69,1.9,3.33,5.04,3.44
200209,-4.03,-10.72,-9.74,-9.14,-10.74,-10.7,-8.9,-8.91,-10.52,-9.61,-12.87,-10.62,-10.81,-8.91,-8.9,-9.99,-7.98,-8.2,-16.73
200210,9.42,9.93,4.46,4.55,9.37,9.24,3.6,5.25,5.1,10.38,7.36,12.49,4.75,5.44,0.35,6.6,4.1,6.88,-0.16
200211,12.87,5.53,6.26,8.69,5.31,6.72,5.99,7.09,8.93,4.95,6.03,6.5,7.04,5.59,6.72,5.45,8.49,7.56,13.28
200212,-8.1,-6.39,-3.81,-6.2,-6.49,-5.75,-3.32,-4.3,-5.92,-6.85,-5.77,-5.95,-5.45,-3.81,-2.42,-1.67,-6.43,-6.73,-3.46
200301,4.1,-2.72,-2.19,-4.61,-2.68,-2.85,-1.6,-4.13,-3.97,-2.76,-2.51,-2.93,-2.73,-1.16,-2.41,-2.93,-5.14,-4.2,-3.29
200302,0.49,-1.45,-2.46,-4.26,-0.86,-3.29,-2.63,-3.15,-4.88,-0.29,-1.99,-4,-2.21,-2.89,-2.16,-2.46,-3.74,-4.37,-6.36
200303,5.35,1.69,0.33,-1.05,1.98,0.12,0.88,-0.08,-2.27,3.28,-0.66,0.4,-0.29,1.12,0.45,-0.13,-0.04,-2.95,-0.26
200304,10.69,7.76,8.97,11.04,7.41,9.25,8.86,9.96,11.48,6.82,8.7,9.36,9.07,9.86,7.03,9.14,10.67,12.37,8.92
200305,11.33,5.43,7.56,8.34,5.02,7.39,7.5,7.92,8.56,3.03,9.32,7.24,7.62,6.68,9.04,7.64,8.16,8.61,8.4
200306,6.59,1.3,1.53,1.62,1.1,1.85,1.94,-0.15,4.47,1.45,0.41,2.18,1.36,2.71,0.53,0.53,-0.72,3.85,6.31
200307,5.01,2.15,2.8,2.11,1.72,4.08,2.01,1.54,3.63,0.92,2.98,4.32,3.86,0.25,3.78,2.62,0.93,4.02,2.58
200308,6.16,2.17,1.96,4.75,2.28,1.56,2,3.64,6.1,0.89,4.43,1.67,1.46,3.12,0.9,3.58,3.68,5.38,8.06
200309,1.75,-1.14,-0.67,-2.61,-0.75,-1.5,-1.12,-2.57,-1.15,-0.1,-1.73,-3.01,-0.17,-1.71,-0.52,-0.46,-3.79,-2.18,1.58
200310,11.6,5.25,7.44,7.4,4.5,7.63,8.04,7.51,7.77,3.61,5.86,8.97,6.48,6.69,9.37,8.2,7.1,7.35,8.82
200311,1.74,0.94,1.74,3.16,1.03,1.1,1.68,2.1,4.65,0.45,1.9,0.51,1.62,2.85,0.56,2.41,1.91,4.53,4.93
200312,-0.86,4.12,4.47,6.04,4.1,4.55,4.33,5.49,5.47,3.58,4.86,4.21,4.85,3.75,4.9,3.79,6.52,4.26,8.5
200401,9.69,1.67,2.46,3.38,1.58,1.67,3.16,2.38,5.33,1.34,1.93,2.11,1.28,4.01,2.34,3.48,1.72,5.59,4.69
200402,-3.64,1.21,1.92,2.06,1.1,2.15,1.5,1.85,2.1,1.69,0.26,1.69,2.55,1.41,1.6,1.56,2.04,3.31,-0.87
200403,-1.58,-1.81,-0.46,-0.38,-1.93,-0.6,-1.1,0.21,-0.67,-1.42,-2.67,-1.27,-0.01,-0.74,-1.46,0.77,-0.12,-0.38,-1.4
200404,-5.88,-0.47,-3.45,-3.65,0,-3.43,-3.21,-3.11,-3.71,1.06,-1.58,-2.68,-4.08,-1.85,-4.66,-2.27,-3.6,-3.18,-5.07
200405,4.23,1.35,1.03,1.01,1.35,1.28,0.89,0.74,1.49,1.14,1.67,1.35,1.21,-0.12,1.98,1,0.59,1.28,2.06
200406,4.39,1.44,2.2,3.22,1.48,2.02,1.19,3.34,4.04,0.85,2.43,1.27,2.68,0.98,1.41,4.79,2.49,3.42,5.65
200407,-13.12,-4.88,-2.67,-2.03,-5.39,-2.63,-2.23,-2.84,-2.07,-7.01,-3.26,-2.61,-2.65,-1.25,-3.44,-3.62,-1.98,-1.41,-3.38
200408,-0.54,-0.5,1.36,-0.01,-0.61,1.02,0.8,0.73,-0.07,-0.87,-0.27,-0.04,1.91,1.48,-0.08,1.34,0.07,0.91,-2.06
200409,3.74,1.16,2.06,2.72,0.68,2.04,2.78,2,3.89,0.52,0.88,3.21,1.07,2.65,2.96,2.75,1.19,4.47,2.66
200410,-2.59,1.77,1.06,1.99,1.7,1.25,2.75,0.45,1.65,1.75,1.63,2.07,0.55,2.4,3.19,-1.33,2.43,2.42,0.12
200411,5.36,3.92,5.43,6.61,3.55,5.16,6.52,4.82,7.53,2.87,4.41,5.47,4.89,5.85,7.38,4.25,5.42,7.26,8.09
200412,9.99,3.72,3.11,3.72,3.93,3.04,2.06,4.9,3.03,4.63,3.06,2.83,3.23,1.98,2.15,5.17,4.62,2.12,4.9
200501,-1.76,-3.15,-1.69,-2.16,-3.26,-2.09,-2.31,-2.16,-0.93,-3.41,-3.08,-2.7,-1.56,-3.42,-0.92,-0.68,-3.74,-0.13,-2.52
200502,-0.84,1.96,2.17,3.03,0.83,4.1,2.7,1.3,4.5,0.93,0.71,6.55,1.97,2.32,3.15,1.49,1.1,4.79,3.91
200503,-4.08,-1.49,-2.52,-0.52,-1.39,-3.19,-0.88,-0.92,-1.06,-1.23,-1.6,-1.88,-4.37,-1.25,-0.44,-1.95,0.21,-0.66,-1.93
200504,-4.44,-2.04,-2.59,-3.21,-1.64,-2.96,-3.18,-2.19,-3.62,-1.39,-1.97,-3.58,-2.39,-2.56,-3.93,-1.75,-2.65,-3.06,-4.86
200505,4.02,3.98,3.42,4.14,4.26,3.59,2.79,3.24,4.59,4.51,3.94,2.85,4.27,2.16,3.56,2.95,3.56,3.63,6.75
200506,2.6,-0.58,2.01,2.96,-1.1,1.53,2.32,2.37,3.34,-0.97,-1.26,1.49,1.57,2.88,1.65,2.28,2.47,3.09,3.86
200507,8.05,4.74,3.08,4.34,4.99,3.62,2.34,4.6,4.82,4.32,5.75,4.07,2.83,2.35,2.33,5.37,3.68,4.23,6.19
200508,-1.31,-1.37,-0.74,0,-1.63,-0.89,-0.73,0.53,-0.88,-1.99,-1.23,-0.64,-1.33,-0.44,-1,-0.08,1.25,-0.29,-2.24
200509,4.04,0.36,1.14,1.61,-0.14,1.1,1.43,1.47,1.84,0.7,-1.07,1.7,0.07,1.83,1.04,1.62,1.29,2.47,0.33
200510,-8.55,-1.33,-2.08,-2.11,-0.69,-3.09,-1.64,-2,-2.09,-0.42,-1,-3,-3.25,-2.86,-0.46,-1.89,-2.14,-1.49,-3.55
200511,7.91,4.16,3.85,3.16,4,4.38,3.95,3.48,2.86,3.65,4.39,4.58,4.03,4,3.89,3.38,3.61,3.07,2.32
200512,0.03,-0.68,1.1,0.14,-0.69,0.28,0.75,0.76,-0.02,-0.48,-0.93,-0.64,1.91,0.64,0.85,1.09,0.37,-0.04,0.03
200601,5.67,2.3,4.21,5.04,2.26,3.48,3.11,5.46,4.92,1.67,2.93,2.4,5.43,3.45,2.8,5.65,5.21,4.6,5.7
200602,-3.63,-0.2,0.84,-0.72,-0.1,0.26,0.67,-0.17,-0.55,-0.35,0.19,-0.48,1.56,-0.24,1.52,0.46,-0.95,-0.17,-1.48
200603,3.83,1.86,1.64,2.16,1.49,2.37,1.88,1.75,1.91,1.56,1.41,2.86,1.52,2.04,1.73,1.15,2.51,1.37,3.25
200604,-0.04,-0.11,2.17,2.92,-0.72,1.61,2.35,1.8,4.01,-0.5,-0.96,1.51,1.79,2,2.66,2.14,1.39,4.93,1.81
200605,-3.79,-3.4,-2.8,-2.12,-3.57,-3.1,-2.75,-1.85,-2.74,-2.88,-4.33,-2.98,-3.3,-3.04,-2.49,-2.34,-1.25,-3.23,-1.54
200606,2.15,-0.12,0.15,0.81,0.2,-0.8,0.26,0.92,0.54,0.21,0.2,-0.93,-0.57,0.44,0.1,0.69,1.2,0.42,0.81
200607,-4.5,-1.14,0.35,0.83,-1.87,0.41,0.15,0.7,1.37,-2.66,-1.08,0.67,0.01,-1.27,1.52,1.07,0.26,2.14,-1.56
200608,1.65,3.37,1.92,0.9,3.82,2.16,2.31,0.85,1.28,3.72,3.91,2.27,2,2.45,2.18,1.14,0.5,0.86,2.93
200609,2.6,2.39,2.17,2.2,2.41,2.5,1.65,2.01,3.02,2.92,1.9,2.35,2.72,1.9,1.42,2.57,1.32,3.27,2.08
200610,8.09,3.55,3.17,4.49,3.58,2.84,3.94,3.6,4.75,4.45,2.72,3.46,1.89,4.42,3.51,3.12,4.2,5.06,3.57
200611,2.97,1.88,2.4,1.86,1.4,2.63,2.78,2.27,1.37,1.97,0.82,3.07,1.95,2.45,3.1,2.18,2.39,1.28,1.69
200612,3.96,0.26,1.68,3.32,-0.27,1.04,2.65,2.4,3.06,-0.87,0.36,1.55,0.26,3.69,1.73,1.41,3.6,3.22,2.44
200701,5.72,1.93,1.59,1.78,2.44,1.49,1.15,0.82,3.13,2.83,2.04,0.73,2.69,1.94,0.39,1.24,0.31,3.14,3.07
200702,-1.2,-1.84,-1.34,-1.43,-2,-1.11,-2.05,-1.01,-1.6,-2.27,-1.73,-1.42,-0.63,-1.68,-2.4,-0.82,-1.24,-2.1,0.4
200703,0.14,0.89,1.47,1.09,0.72,1.17,2.12,0.94,1.15,1.19,0.25,1.31,0.96,1.88,2.36,0.86,1.02,1.13,1.2
200704,5.87,4.67,3.61,3.12,4.93,4.05,3.87,2.85,3.21,4.56,5.31,4.05,4.04,3.76,3.98,2.7,3.02,3.08,3.73
200705,3.79,3.26,3.75,4.03,2.96,4.1,3.97,3.74,3.32,3.42,2.48,4.01,4.24,3.57,4.34,2.85,4.81,3.42,2.93
200706,-3.58,-1.02,-2.25,-2.07,-1.34,-0.89,-1.97,-2.81,-1.7,-2.01,-0.65,-0.24,-1.92,-2.55,-1.43,-3.1,-2.48,-2.77,2.6
200707,-5.66,-1.67,-4.54,-5.5,-1.67,-2.11,-4.95,-5,-6.14,-0.69,-2.78,-1.65,-2.99,-5.51,-4.06,-5.42,-4.57,-5.9,-6.5
200708,-0.97,1.78,1.9,-0.24,1.78,2.14,1.31,1.33,-0.78,1.87,1.67,1.78,2.82,1.02,1.77,2.16,0.52,-0.01,-1.91
200709,3.3,4.62,2.06,3.04,4.67,3.49,2.52,2.36,3.05,5.01,4.28,4.53,1.49,3.23,1.41,1.67,3.04,2.17,4.38
200710,-0.02,3.11,1.3,0.98,4.3,1.75,1.1,0.97,-0.52,6.48,1.8,0.75,3.72,0.86,1.48,-1.27,3.1,0.15,-1.51
200711,-5.74,-3.45,-5.69,-5.36,-4.02,-3.12,-5.66,-5.41,-6.39,-5.06,-2.75,-2.28,-4.74,-6.27,-4.7,-7.03,-3.96,-5.45,-7.81
200712,-3.06,-0.35,-1,-0.47,-0.82,0.22,-1.22,-1.05,-0.02,0.06,-1.85,0.6,-0.55,-1.47,-0.83,-1.06,-1.05,-0.42,0.59
200801,-7.12,-7.49,-4.35,-4.31,-8.31,-5.22,-5.13,-3.92,-3.95,-10,-6.29,-5.87,-3.95,-5.14,-5.12,-2.89,-4.79,-2.14,-6.72
200802,-3.85,-2.32,-3.3,-4.53,-2.5,-1.69,-3.58,-4.3,-5.6,-5.34,0.76,-1.98,-1.11,-4.86,-1.65,-5.67,-3.1,-4.79,-6.89
200803,-2.45,0.66,-2.6,-0.88,-0.04,1.05,-3.47,-2.65,0.21,0.16,-0.26,2.01,-0.8,-3.29,-3.74,-3.03,-2.32,-1.35,2.78
200804,3.21,3.84,5.86,4.79,3.85,3.96,6.8,4.77,5.55,4.16,3.51,3.84,4.21,6.66,7.01,5.97,3.77,5.98,4.87
200805,5.16,2.46,1.14,1.95,3.78,0.57,1.87,0.22,2.07,2.94,4.69,-0.02,1.72,0.08,4.46,-1.59,1.79,2.03,2.13
200806,-10.18,-7.21,-8.99,-10.68,-7.08,-7.33,-8.89,-11.13,-10.99,-8.15,-5.93,-7.47,-7.07,-9.66,-7.82,-12.19,-10.25,-9.57,-13.26
200807,1.87,-1.14,-2.14,6.66,-1.05,-1.63,-1.8,2.16,5.05,-1.05,-1.04,-1.41,-1.88,2.85,-5.26,-3.71,8.27,5.89,2.24
200808,4.82,1.54,1.4,1.98,1.26,1.75,2.48,-0.28,3.29,1.91,0.56,2.32,1.07,2.56,2.42,-1.36,0.71,2.59,5.7
200809,-10.23,-9.72,-9.96,-2.77,-10.1,-9.33,-7.99,-7.7,-5.57,-10.58,-9.58,-8.65,-10.17,-6.95,-8.82,-16.17,-0.05,-4.74,-8.34
200810,-23.02,-15.36,-17.6,-21.88,-15.67,-16.42,-15.04,-24.64,-18.63,-16.23,-15.06,-14.53,-18.81,-15.68,-14.52,-24.32,-24.88,-16.46,-26.36
200811,-9.54,-6.35,-7.01,-15.36,-6.64,-5.54,-7.48,-12.43,-15.48,-9.55,-3.6,-5.57,-5.49,-9.19,-6.1,-8.8,-15.24,-15.36,-15.98
200812,4.07,1.96,1.27,2.05,2,1.8,1.32,-0.27,4.48,1.31,2.68,1.86,1.73,2.95,0.04,-0.09,-0.42,4.84,3.05
200901,-2.46,-5.11,-9.82,-18.09,-3.54,-9.24,-10.33,-15.68,-15.24,-4.36,-2.75,-9.24,-9.23,-11.81,-9.13,-9.14,-21.02,-13.03,-24.56
200902,-9.73,-7.53,-12.38,-16.15,-7.77,-9.29,-11.65,-17.13,-13.66,-4.83,-10.57,-6.87,-12.49,-13.42,-10.26,-15.24,-18.92,-13.29,-15.48
200903,10.17,8.19,9.14,12.83,8.21,8.62,9.5,10.66,11.7,10.02,6.48,8.15,9.29,9.88,9.21,7.11,14.18,10.91,15.59
200904,15.75,7.9,11.44,17.57,7.8,8.76,11.99,14.32,20.23,10.57,5.07,8.19,9.57,13.76,10.65,14.08,14.55,17.09,34.84
200905,3.56,4.55,5.81,4.72,4.93,4.81,4.6,6.68,4.99,4.22,5.67,3.53,6.62,7.34,2.46,9.16,4.39,5.07,4.67
200906,1.14,1.41,-1.14,0.34,1.99,-1.01,-0.21,-0.59,-0.43,3.11,0.84,-0.17,-2.16,0.05,-0.43,-2.53,1.28,-0.4,-0.57
200907,10.8,6.71,8.39,10.64,6.1,8.73,8.21,9.6,11.27,5.23,7.03,9.09,8.37,9.03,6.82,9.06,10.07,11.72,10.79
200908,5.11,1.83,3.66,9.57,1.28,3.98,2.83,5.85,13.32,1.1,1.47,3.91,4.06,1.65,4.87,5.6,6.06,8.69,18.2
200909,1.57,3.7,4.57,4.98,3.97,2.98,5.02,5.66,4.48,4.24,3.7,2.67,3.3,5.65,3.95,5.87,5.49,6.8,2.22
200910,-4.97,-0.88,-3.05,-6.96,-0.61,-1.6,-3.76,-4.76,-9.09,-0.82,-0.39,-1.98,-1.24,-3.36,-4.45,-4.65,-4.85,-5.93,-12.28
200911,10.64,6.4,4.52,3.94,6.58,5.01,3.98,4.55,5.19,6.57,6.59,5.7,4.34,4.68,2.76,6.64,2.73,4.48,5.96
200912,8.6,2.18,3.59,3.08,1.68,3.35,4.09,3.47,3.43,2.48,0.82,4.2,2.53,2.68,6.61,4.3,2.72,5.18,1.56
201001,-0.61,-4.05,-2.31,-4.03,-4.05,-3.5,-1.91,-4.18,-2.02,-3.75,-4.37,-4.04,-2.98,-1.36,-2.87,-2.16,-6.03,-3.09,-0.81
201002,3.93,3.15,2.95,5.83,2.75,3.51,3.05,4.56,6.54,2.61,2.9,4.79,2.3,2.79,3.5,4,5.1,4.45,8.84
201003,8.18,5.41,6.88,7.94,5.59,5.68,6.92,6.76,9.57,5.19,6.02,4.73,6.61,6.12,8.31,7.32,6.23,8.69,10.51
201004,5.84,1.13,2.79,3.1,0.81,3.05,2.49,1.43,5.05,0.78,0.85,2.39,3.68,1.67,3.87,1.91,0.97,5.19,4.9
201005,-8.66,-7.37,-8.28,-8.4,-7.17,-7.67,-8.91,-7.88,-9.5,-7.91,-6.37,-8.18,-7.18,-8.74,-9.18,-8.63,-7.15,-8.99,-10.02
201006,-9.53,-4.65,-5.56,-9.11,-4.04,-6.62,-4.4,-7.69,-10.51,-3.76,-4.34,-7.06,-6.21,-2.89,-6.99,-7.82,-7.57,-9.14,-11.95
201007,13.37,6.71,7.66,6.03,6.97,6.13,7.56,7.52,5.9,6.94,6.99,5.94,6.46,6.55,8.74,8.83,6.17,7.31,4.73
201008,-8,-4.24,-4.4,-6.59,-4.23,-4.29,-3.61,-5.4,-8.16,-3.64,-4.85,-4.26,-4.32,-5.31,-1.67,-5.76,-5.02,-5.97,-10.02
201009,10.83,10.24,9.4,7.43,10.61,9.35,9.25,7.93,8.48,11.27,9.91,9.12,9.75,8.63,9.94,9.37,6.42,8.86,8.13
201010,7.88,4.65,3.76,1.04,4.64,4.46,4.18,2.08,0.77,5.31,3.92,4.7,4.05,4.31,4.04,2.82,1.3,3.39,-1.57
201011,4.89,0.68,0.84,-0.42,-0.09,2.81,0.33,0.45,-1.41,0.64,-0.87,3.04,2.4,0.58,0.06,0.37,0.54,-1.34,-1.47
201012,6.74,5.02,7.88,10.01,4.69,6.52,6.99,8.95,12.07,5.15,4.18,6.01,7.41,6.3,7.74,9.8,8.03,8.22,15.68
201101,-1.51,1.94,2.21,2.54,1.35,3.22,2.3,2.34,2.23,0.65,2.13,3.67,2.45,1.34,3.34,1.86,2.86,1.96,2.46
201102,2.65,2.75,4.37,4.54,2.36,4.14,5,3.93,4.22,2.82,1.86,3.85,4.64,4.05,6,3.08,4.85,6.4,2.32
201103,1.49,0.28,1.58,-0.98,0.36,0.8,1.74,0.04,-1.16,1.32,-0.7,0.04,2.12,1.45,2.04,0.82,-0.8,0.46,-2.63
201104,5.19,3.66,2.76,1.1,3.61,3.9,3.04,1.07,1.18,3.6,3.62,3.8,4.07,3.12,2.96,1.11,1.02,2.62,-0.17
201105,1.11,-0.59,-1.59,-2.91,-0.12,-1.98,-1.36,-2.29,-2.7,0.21,-0.48,-1.93,-2.08,-1.08,-1.63,-1.54,-3.11,-1.22,-4.11
201106,-3.51,-1.51,-1.7,-2.11,-1.23,-1.89,-2.23,-1.49,-2.53,-0.72,-1.8,-2.34,-1.12,-2.57,-1.88,-1.31,-1.7,-1.73,-3.31
201107,-2.42,-1.13,-2.75,-4.3,-0.81,-2.12,-2.19,-3.82,-4.88,1.23,-3.27,-1.88,-2.42,-2.68,-1.87,-4.09,-3.55,-3.66,-6.64
201108,-10.01,-4.43,-6.75,-8.34,-4.71,-5.44,-7.59,-4.93,-10.53,-4.37,-5.14,-3.78,-7.53,-7.54,-7.62,-4.29,-5.56,-8.89,-12.96
201109,-6.4,-6.62,-7.81,-9.53,-6.94,-6.41,-8.6,-6.7,-12.49,-5.21,-9.13,-5.88,-7.11,-8.04,-8.98,-7.45,-5.96,-10.72,-15.24
201110,10.42,10.28,12.67,12.07,10.42,11.57,13.62,9.81,14.07,9.14,12.13,9.96,13.71,13.53,13.68,9.79,9.82,13.27,15.38
201111,0.47,-0.32,0.94,-2.27,-0.62,0.97,0.61,0.25,-4.32,-1.03,-0.09,0.37,1.74,1.69,-0.13,0.39,0.12,-2.54,-7.16
201112,-2.75,-0.18,1.76,1.6,-0.74,0.7,1.55,3.18,1.17,-0.79,-0.68,1.11,0.17,1.36,1.68,4.32,2.07,2.76,-1.49
201201,7.12,5.75,3.64,5.57,7.55,3.24,3.27,2.72,7.58,8.11,6.83,1.68,5.26,4.11,2.68,2.09,3.35,5.49,11.24
201202,4.76,4.62,3.63,5.14,5.02,3.26,3.71,4.33,6.11,6.98,2.5,3.64,2.78,2.43,4.61,4.65,4.02,5.31,7.43
201203,4.21,3.71,1.17,4.96,4.02,1.88,0.57,3.45,5.84,5,2.71,2.94,0.56,0.94,0.32,2.97,3.93,5.04,7.17
201204,0.42,-0.62,-0.57,-1.8,-0.42,-0.76,-0.34,-0.67,-3.28,-0.18,-0.74,-1.12,-0.3,-0.09,-0.52,-1.3,-0.04,-1.67,-5.88
201205,-9.73,-5.69,-6.29,-6.92,-6.41,-5.75,-6.1,-3.51,-10.46,-6.06,-6.89,-3.89,-8.09,-6.72,-5.67,-4.18,-2.85,-9.97,-11.29
201206,3.28,2.97,4.76,4.88,2.65,4.14,4.34,5,5.3,2.91,2.28,3.75,4.64,4.37,4.32,5.58,4.44,4.69,6.36
201207,-0.71,1.05,1.19,-0.67,0.42,2.12,0.77,1.23,-1.54,0.86,-0.21,2.35,1.6,0.8,0.74,1.68,0.69,-1.89,-1.33
201208,1.68,2.47,1.87,4.47,2.95,2.25,1.8,0.87,5.9,2.86,3.09,1.49,3.94,2.17,1.28,-0.31,2.29,4.69,6.61
201209,2.49,1.92,3.27,4.14,1.77,2.36,3.65,3.17,4.74,2.08,1.32,2.23,2.63,3.2,4.28,3.14,3.19,2.87,5.8
201210,-2.26,-2.7,-1.62,1.39,-3.8,-0.88,-1.44,-1.3,2.7,-4.65,-2.55,-0.44,-1.83,-1.18,-1.82,-1.78,-0.72,-0.05,4.22
201211,1.64,1.17,0.36,-0.32,1.78,0.67,-0.1,-0.36,-0.57,1.65,1.96,-0.04,2.22,-0.14,-0.04,-0.75,0.08,1.18,-1.49
201212,1.25,-0.1,1.37,5,-0.46,0.39,2.04,2.13,6.32,-1.72,1.35,0.62,-0.09,2.06,2.01,1.52,2.82,4.26,7.45
201301,8.54,4.71,5.85,7.31,4.22,5.59,5.97,6.87,7.07,2.47,6.66,5.68,5.37,6.14,5.74,6.13,7.72,6.03,7.62
201302,-0.74,1.31,1.39,1.36,0.9,1.39,1.82,2.41,0.65,0.96,0.81,2.14,-0.26,1.51,2.25,2.27,2.57,0.37,0.79
201303,9.33,3.76,4.25,4.06,3.78,3.59,4.47,4.54,3.96,3.77,3.81,3.73,3.27,5.33,3.28,4.83,4.23,4.81,3.53
201304,2.92,1.57,1.42,1.76,1.53,1.35,1.74,1.12,2.38,1.15,2.04,1.64,0.7,3.28,-0.46,1.48,0.72,2.52,2.31
201305,3.38,2.18,1.65,6.98,2.31,2.73,1.12,2.64,7.6,1.45,3.45,1.95,4.52,-0.02,2.81,-0.31,5.94,4.26,9.32
201306,-0.19,-1.73,-0.29,-1.66,-2.45,-0.52,-0.04,-0.39,-2.23,-2.69,-2.14,-0.34,-0.95,-0.17,0.15,-0.11,-0.68,-1.92,-2.39
201307,5.07,5.65,5.21,6.47,5.82,5.07,5.17,5.74,6.96,6.46,5.29,5.28,4.81,5.35,4.99,5.95,5.49,6.08,7.9
201308,-4.13,-1.69,-3.2,-4.29,-1.08,-3.09,-3.44,-3.6,-4.16,-2,-0.33,-3.06,-3.12,-2.99,-3.89,-2.83,-4.54,-4.27,-4.05
201309,6.75,4.27,3.35,2.74,4.57,3.21,3.32,3.57,2.83,5.77,3.6,3.58,2.76,4.1,2.51,4.37,2.56,2.91,2.74
201310,3.31,4.32,4.16,3.88,4.2,4.29,4.49,3.73,4.06,3.08,5.11,4.6,3.9,3.55,5.47,3.91,3.51,4.35,3.77
201311,2.02,3.44,2.06,4.39,3.52,2.99,1.67,2.22,5.26,3.51,3.53,3.26,2.64,1.26,2.09,1.92,2.59,3.73,6.84
201312,3.09,2.4,3.3,2.01,2.43,2.71,3.61,2.56,1.96,2.29,2.54,2.34,3.17,4.04,3.19,2.9,2.12,2.43,1.48
201401,-1.73,-2.99,-3.79,-3.75,-3.31,-3.03,-2.88,-4.27,-4.15,-2.47,-4,-2.26,-3.98,-1.5,-4.27,-5.33,-2.9,-4.57,-3.73
201402,6.2,4.96,4.7,3.43,5.25,5.03,3.53,4.52,3.23,5.75,4.85,4.3,5.94,3.86,3.18,5.05,3.86,3.49,2.96
201403,-1.58,-0.99,1.21,4.07,-1.47,0.21,1.92,2.92,3.61,-3.64,0.31,0.12,0.32,1.16,2.71,1.27,5.04,4.32,2.9
201404,0.25,-0.06,0.67,-1,0.05,-0.08,0.9,0.92,-1.88,-1.88,1.58,-0.3,0.19,0.78,1.02,1,0.83,-1.17,-2.61
201405,3.76,2.35,1.88,1.12,2.75,1.41,2.31,1.32,1.33,2.33,3.07,1.44,1.38,3.08,1.53,1.82,0.71,1.88,0.76
201406,0.8,2,2.84,3.21,2.2,1.64,2.81,3.63,3.65,2.41,2.03,1.55,1.74,4.25,1.34,4.69,2.32,3.49,3.83
201407,-1.92,-1.73,-1.91,-2.68,-2.16,-1.78,-1.28,-2.79,-2.24,-0.9,-3.58,-1.04,-3.04,-1.58,-0.91,-2.02,-3.56,-2.37,-2.05
201408,3.6,4.98,3.2,4.4,5.1,4.75,2.81,2.65,4.99,6.05,4.01,4.79,4.68,2.33,3.4,2.07,3.23,5.04,4.91
201409,-2.93,-1.39,-2.28,-2.42,-1.24,-1.47,-2.11,-4.27,-1.64,-1.23,-1.26,-1.62,-1.22,-2.08,-2.16,-4.51,-4.02,-1.9,-1.25
201410,6.02,3.06,1.91,1.94,2.91,2.73,2.61,1.32,1.58,2.77,3.07,3.3,1.75,2.7,2.49,-0.07,2.69,1.94,1.04
201411,2.63,3.68,2.25,0.28,3.34,3.49,2.75,0.18,0.54,2.56,4.23,4.21,2.22,1.61,4.15,0.65,-0.28,1.08,-0.26
201412,-0.17,-1.01,0,2.15,-0.85,-0.65,-0.04,0.77,2.18,-0.91,-0.78,-1.26,0.44,-0.13,0.06,-0.61,2.11,2.51,1.67
201501,-2.37,-1.64,-3.39,-6.22,-0.97,-2.69,-3.86,-3.77,-7,0.23,-2.34,-2.67,-2.72,-3.89,-3.82,-2.96,-4.56,-4.93,-10.2
201502,4.98,6.65,5.91,5.38,6.62,5.83,6.91,4.63,6.1,6.76,6.46,6.7,4.31,7.11,6.67,5.4,3.89,5.7,6.77
201503,-1.16,-1.14,-1.37,-0.97,-0.92,-1.28,-1.35,-1.44,-1.1,-0.92,-0.93,-1.47,-0.94,-1.23,-1.5,-2.18,-0.69,-0.91,-1.39
201504,1.14,0.07,1,1.28,-0.38,0.58,0.77,2.23,1.27,0.34,-1.24,0.77,0.23,0.27,1.36,3.18,1.3,0.57,2.41
201505,0.38,1.41,1.43,0.92,1.92,0.94,1.44,0.59,1.39,2.25,1.52,0.63,1.51,0.9,2.08,1.28,-0.09,1.53,1.18
201506,-0.65,-1.47,-1.88,-1.18,-0.48,-2.58,-2,-2.07,-0.55,0.52,-1.7,-3.01,-1.8,-2.01,-1.98,-1.6,-2.55,-1.63,1.17
201507,2.18,2.9,0.68,-0.62,3.24,2.26,-0.14,-0.43,-1.06,4.28,2.16,2.11,2.43,1,-1.53,-0.79,-0.02,-1.47,-0.44
201508,-5.46,-6.37,-5.53,-6.13,-6.4,-6.25,-5.56,-4.86,-6.61,-6.63,-6.17,-6.29,-6.21,-6.32,-4.63,-4.29,-5.49,-6.43,-6.89
201509,-4.81,-2.49,-3.03,-4.17,-2.51,-3.04,-3.21,-1.84,-5.63,-3.11,-1.89,-2.45,-3.72,-3.13,-3.31,-1.49,-2.22,-5,-6.57
201510,6.56,7.81,8.46,6.27,7.97,8.34,8.2,6.37,7.09,8.05,7.89,7.44,9.37,7.9,8.56,7.39,5.21,6.49,8
201511,-0.02,0.69,0.02,1.82,0.5,0.33,-0.22,1.04,2.85,0.91,0.06,1.14,-0.59,-0.82,0.52,1.53,0.48,3.36,2.09
201512,-2.14,-1.41,-2.57,-3.89,-1.58,-1.68,-3.16,-2.07,-4.92,-0.52,-2.69,-1.02,-2.45,-2.18,-4.34,-1.69,-2.51,-4.92,-4.94
