This file was created by CMPT_BETA_RETS using the 201712 CRSP database.,,,,,,,,,,,,,,,
It contains value- and equal-weighted returns for portfolios formed on BETA.,,,,,,,,,,,,,,,
,,,,,,,,,,,,,,,
The portfolios are constructed at the end of June. Beta is estimated using monthly returns for the past 60 months,,,,,,,,,,,,,,,
 (requiring at least 24 months with non-missing returns). Beta is estimated using the Scholes-Williams method.,,,,,,,,,,,,,,,
Annual returns are from January to December.,,,,,,,,,,,,,,,
,,,,,,,,,,,,,,,
Missing data are indicated by -99.99 or -999.,,,,,,,,,,,,,,,
,,,,,,,,,,,,,,,
The break points include utilities and include financials.,,,,,,,,,,,,,,,
,,,,,,,,,,,,,,,
The  portfolios  include utilities and include financials.,,,,,,,,,,,,,,,
,,,,,,,,,,,,,,,
,,,,,,,,,,,,,,,
  Value Weighted Returns -- Monthly,,,,,,,,,,,,,,,
,Lo 20,Qnt 2,Qnt 3,Qnt 4,Hi 20,Lo 10,2-Dec,3-Dec,4-Dec,5-Dec,6-Dec,7-Dec,8-Dec,9-Dec,Hi 10
196307,1.13,-0.1,-0.91,-0.95,-1.39,1.35,0.77,0.08,-0.28,-0.59,-1.2,-0.45,-1.44,-1.88,-0.8
196308,3.66,4.77,6.43,6.22,9.7,3.52,3.89,4.29,5.26,5.19,7.55,7.48,4.99,9.12,10.39
196309,-2.78,-0.76,-0.76,-0.81,-2.74,-3.09,-2.24,-0.54,-0.98,-1.33,-0.27,-0.63,-0.99,-1.9,-3.71
196310,0.74,3.57,2.04,5.7,3.06,1.25,-0.12,2,5.13,2.34,1.78,6.57,4.84,3.08,3.04
196311,-0.63,-0.24,-0.83,-0.92,0.12,-0.91,-0.15,1.6,-2.03,-1,-0.69,-1.3,-0.53,-0.21,0.51
196312,2.66,2.08,2.64,2.33,0.78,3.86,0.63,2.31,1.84,2.95,2.36,1.27,3.39,0.37,1.26
196401,2.89,2.77,2.37,3.62,1.56,3.74,1.41,2.74,2.79,1.71,2.95,2.96,4.27,2.08,0.96
196402,1.31,1.35,2.04,2.78,3.12,1.08,1.72,0.62,2.09,2.48,1.66,1.7,3.83,2.53,3.82
196403,0.95,0.59,2.33,3.1,6.02,1.05,0.76,0.05,1.12,3.07,1.69,2.38,3.78,5.99,6.06
196404,2.35,1.48,-0.37,-2.48,-3.22,2.65,1.81,1.57,1.39,-0.85,0.07,-2.24,-2.7,-1.73,-4.93
196405,1.67,1.5,1.48,1.93,1.37,1.64,1.71,0.23,2.76,2.21,0.84,0.67,3.11,1.4,1.33
196406,1.76,2.05,1.27,1,1.92,1.52,2.2,3.81,0.34,1.13,1.39,2.01,0.07,2.18,1.62
196407,1.38,3.64,2.23,0.18,0.95,4.1,0.66,4.84,2.27,3.43,1.02,1.05,-0.53,1.27,0.36
196408,-0.96,-0.49,-1.28,-2.13,-2.07,1.34,-1.59,0.14,-1.22,-1.92,-0.62,-1.56,-2.6,-1.75,-2.65
196409,1.55,3.35,3.65,3,5.69,2.9,1.17,3.48,3.19,3.58,3.71,3.1,2.93,5.71,5.67
196410,1,1.58,1.31,-1.08,0.4,1.15,0.96,0.94,2.33,1.46,1.16,0.66,-2.53,-0.49,2.02
196411,0.35,0.27,1.45,-0.89,-2.72,1.32,0.08,-0.26,0.89,1.96,0.93,-0.08,-1.58,-2.94,-2.32
196412,1.5,0.18,0.07,-0.38,-0.78,-0.1,1.96,0.59,-0.29,0.09,0.04,-1.01,0.17,-0.99,-0.41
196501,1.29,3.67,4.65,6.41,6.81,2.87,0.85,4.01,3.28,5.55,3.71,4.83,7.76,6.22,7.84
196502,-0.35,-0.69,0.84,3.04,4.38,1.17,-0.79,0,-1.5,-0.43,2.19,2.98,3.09,3.95,5.16
196503,-1.41,-0.42,-2.09,-0.67,-0.34,-0.02,-1.81,0.06,-1,-2.62,-1.54,-1.13,-0.29,-0.21,-0.59
196504,1.98,3.83,4.04,3.89,5.15,1.29,2.19,4.81,2.67,2.07,6.05,2.09,5.38,5.36,4.79
196505,0.86,-1.69,0.29,-0.54,-1.4,-0.12,1.14,-2.45,-0.76,2.11,-1.49,-0.5,-0.57,-1.46,-1.28
196506,-3.79,-4.05,-5.06,-6.16,-9.29,-5.06,-3.42,-5.45,-2.37,-5.21,-4.9,-6.63,-5.78,-8.6,-10.54
196507,1.96,0.8,0.77,2.48,5.59,2.1,1.85,1.37,0.5,0.65,0.9,0.89,3.65,4.6,6.69
196508,1.31,2.48,4.1,4.36,7.4,1.17,1.43,1.53,3,3.63,4.58,3.51,4.96,5.56,9.41
196509,4.51,2.19,2.43,2.21,5.51,4.92,4.19,3.14,1.68,2.78,2.1,2.43,2.05,5.66,5.36
196510,2.55,1.89,2.64,4.03,6.96,1.76,3.15,2.87,1.35,2.14,3.14,3.8,4.2,5.99,7.99
196511,-0.74,-2.08,1.36,2.14,6.46,1.35,-2.31,-0.86,-2.76,2.02,0.72,3.21,1.39,4.68,8.3
196512,0.55,1.11,0.95,1.65,4.76,0.63,0.49,0.8,1.29,0.67,1.23,3.26,0.49,4.47,5.05
196601,0.5,-0.47,0.9,1.89,6.27,0.98,0.12,-0.31,-0.55,1.61,0.18,1.85,1.92,6.1,6.44
196602,-2.86,-2.11,-0.86,1.37,5.71,-3.51,-2.34,-3.19,-1.48,-1.01,-0.7,-0.5,2.75,3.02,8.38
196603,-2.48,-2.11,-3.14,-0.9,-0.65,-1.34,-3.38,-2.76,-1.74,-2.56,-3.74,-2.1,-0.03,0.05,-1.31
196604,1.36,1.52,1.77,4.72,5.36,2.7,0.29,0.39,2.15,1.44,2.11,5.02,4.51,5.29,5.42
196605,-4.78,-3.62,-5,-5.15,-11.16,-4.84,-4.73,-3.89,-3.47,-4.97,-5.03,-5.12,-5.16,-9.88,-12.4
196606,-2.11,-1.32,-1.73,0.08,1.99,-2.08,-2.13,-2.66,-0.58,-1.51,-1.96,1.2,-0.7,0.3,3.64
196607,-0.55,-1.05,-0.14,-2.73,-2.12,-0.36,-0.68,-0.48,-1.38,-0.32,0,-2.13,-3.26,-2.34,-1.93
196608,-6.72,-7.59,-7.63,-7.28,-8.71,-6.88,-6.61,-8.11,-7.29,-7.04,-8.11,-5.45,-8.9,-8.62,-8.78
196609,1.61,0.17,-0.97,-2.23,-5.18,1.59,1.63,0.16,0.18,-1.67,-0.39,-2.5,-1.99,-4.98,-5.33
196610,7.44,5.05,4.84,2.37,-2.79,5.78,8.52,7.23,3.81,5.31,4.45,1.82,2.88,-0.62,-4.57
196611,-1.5,-0.82,1.85,6.02,10.86,-1.09,-1.76,0.05,-1.33,1.48,2.16,2.16,9.51,8.44,12.92
196612,1.15,-0.12,1.4,-0.5,0.67,-0.16,1.98,1.03,-0.81,2.1,0.82,-0.68,-0.34,1.81,-0.27
196701,4.98,7.8,8.79,10.8,14.37,3.78,5.73,7.42,8.03,9.56,8.15,10.51,11.05,13.4,15.19
196702,-0.02,0.3,0.89,3.22,2.4,-0.89,0.51,0.64,0.09,1.2,0.63,1.23,4.89,1.38,3.24
196703,3.61,3.12,5.39,5.35,5.6,4.54,3.04,2.93,3.24,6.2,4.71,5.58,5.16,5.83,5.41
196704,1.24,4.79,3.94,6.22,6.21,1.22,1.25,2.78,6,4.13,3.77,5.76,6.6,5.29,6.95
196705,-3.36,-4.46,-4.08,-4.16,-3.95,-1.86,-4.28,-2.68,-5.5,-3.24,-4.79,-4.23,-4.11,-5.79,-2.49
196706,1.99,1.01,2.96,3.81,4.45,1.85,2.08,1.54,0.69,3.02,2.9,2.75,4.66,4.05,4.76
196707,2.37,5.97,5.02,7.38,7.8,0.48,4.48,5.3,6.39,6.18,3.65,7.04,7.68,6.07,9.48
196708,-1.18,-0.33,-0.45,0.1,-0.37,-1.27,-1.07,0.2,-0.64,0.32,-1.37,-0.39,0.54,-0.33,-0.4
196709,2.33,2.54,5.02,2.7,3.97,1.29,3.45,1.62,3.09,3.66,6.67,2.74,2.67,4.56,3.42
196710,-2.62,-4.06,-1.63,-3.49,-2.68,-3.69,-1.5,-4.67,-3.71,-5.18,2.55,-4.57,-2.56,-1.84,-3.49
196711,1.32,1.06,0.16,0.65,0.02,0.89,1.75,0.77,1.23,-0.81,1.21,2.22,-0.69,-0.8,0.83
196712,2.35,3.1,3.15,4.09,5.37,2.56,2.14,5.39,1.79,3.23,3.06,6.24,2.21,4.46,6.24
196801,-0.67,-3.13,-4.75,-6.5,-5.94,0.3,-1.66,-1.05,-4.35,-3.06,-6.56,-4.74,-8.1,-5.42,-6.43
196802,-1.98,-3.06,-2.99,-4.05,-6.69,-1.95,-2.01,-2.74,-3.26,-2.63,-3.39,-3.61,-4.46,-6.73,-6.66
196803,-0.86,0.45,1.82,0.93,2.52,-1.26,-0.44,-0.26,0.88,0.16,3.66,0.48,1.37,2.82,2.26
196804,4.82,9.19,10.78,12.37,15,4.65,5.01,8.21,9.77,10.23,11.35,11.89,12.82,14.24,15.71
196805,0.76,2.16,2.94,3.87,6.6,1.05,0.46,2.82,1.78,1.55,4.39,5.6,2.28,7.19,6.07
196806,3.2,1.6,0.23,-0.75,-0.5,4.27,2.1,4.1,0.12,0.99,-0.53,0.66,-2.1,0.62,-1.54
196807,1.7,-3.92,-3.96,-4.56,-4.13,3.23,-0.55,-4.22,-3.69,-3.6,-4.53,-4.95,-4.03,-3.94,-4.32
196808,1.09,1.72,1.57,3.5,2.91,0.95,1.31,2.21,1.33,1.41,1.82,3.98,2.85,2.02,3.78
196809,2.73,4.05,5.31,5.47,7.4,1.75,4.26,4.95,3.35,5.12,5.61,5.24,5.8,6.25,8.53
196810,2.1,-1.02,1.98,1.04,-0.01,2.43,1.6,-1.03,-1.01,3.02,0.4,0.66,1.57,1.27,-1.23
196811,6.38,5.34,3.85,6.04,9.8,6.88,5.61,3.79,6.57,1.99,6.74,5.4,6.93,8.71,10.87
196812,-4.05,-3.69,-2.96,-3.99,-2.44,-4.67,-3.08,-2.79,-4.39,-2.73,-3.29,-4.62,-3.14,-2.89,-2.01
196901,0.47,-2.03,-0.58,-1.79,-0.58,0.92,-0.21,-0.71,-3.06,-0.45,-0.77,-1.79,-1.79,-0.48,-0.68
196902,-4.59,-3.62,-4.23,-6.93,-10.69,-4.12,-5.32,-3.29,-3.89,-3.34,-5.56,-5.84,-8.38,-9.28,-12.04
196903,2.8,3.86,3.74,1.41,2.99,3.12,2.28,2.81,4.71,3.63,3.91,1.5,1.27,3.23,2.75
196904,1.81,3.24,1.79,0.15,2.89,2.33,0.96,3.53,3.02,1.87,1.67,0.16,0.14,2.98,2.79
196905,1.51,-0.9,1.1,-0.81,-0.68,1.64,1.29,-0.12,-1.54,1.75,0.09,0.27,-2.28,0.76,-2.1
196906,-6.47,-3.39,-6.38,-7.85,-12.82,-6.48,-6.46,-5.78,-1.48,-6.24,-6.6,-6.79,-9.35,-10.93,-14.74
196907,-5.99,-5.5,-6.49,-8.27,-9.7,-5.76,-6.33,-5.87,-4.65,-5.24,-8.11,-7.4,-9.56,-7.67,-11.62
196908,3.27,5.56,5.19,6.07,9.23,2.92,3.76,5.34,6.06,5.81,4.37,6.18,5.89,8.72,9.75
196909,-4.12,-1.8,-0.47,-2.59,-2.03,-4.97,-2.91,-1.85,-1.69,-0.32,-0.68,-2.56,-2.62,-1.81,-2.24
196910,3.95,5.02,5.48,8.39,9.17,3.04,5.21,4.13,7.03,6.88,3.58,7.58,9.65,7.24,11.06
196911,-3.69,-2.68,-2.71,-3.22,-5.19,-3.51,-3.93,-2.68,-2.67,-1.97,-3.76,-1.79,-5.4,-3.94,-6.38
196912,-1.52,-0.82,-2.43,-3.57,-5.02,-2.62,-0.01,-1.07,-0.29,-2,-3.04,-3.37,-3.87,-4.7,-5.34
197001,-6.46,-7.27,-8.06,-8.89,-10.16,-5.97,-7.11,-7.19,-7.43,-8.25,-7.79,-7.6,-10.94,-10.43,-9.9
197002,6.48,5.01,5.02,6.06,5.25,6.12,6.97,4.27,6.6,5.02,5.03,4.29,9,5.94,4.57
197003,0.78,-0.06,0.16,-1.82,-4.49,1.84,-0.63,0.76,-1.78,0.27,-0.01,-1.73,-1.95,-4.01,-4.96
197004,-8.03,-8.87,-11.67,-12.4,-19.41,-8.1,-7.94,-8.83,-8.96,-12.02,-11.17,-11.35,-14.07,-16.53,-22.3
197005,-3.42,-6.21,-9.37,-10.02,-10.07,-1.33,-6.28,-5.88,-6.93,-9.87,-8.66,-10.47,-9.29,-9.35,-10.83
197006,-4.01,-4.73,-5.46,-8.6,-9.42,-5.2,-2.29,-5.01,-4.12,-7.79,-2.17,-8.9,-8.14,-7.38,-11.64
197007,8.11,5.85,8.19,9.78,6.94,9.23,6.84,7.54,3.87,10.3,6,9.58,10.03,7.6,6.21
197008,3.75,5.41,5.26,7.98,10.01,3.84,3.65,5.69,5.06,3.75,6.88,6.86,9.37,8.68,11.51
197009,1.4,4.44,6.32,8.94,16.98,0.1,2.89,2.57,6.7,3.65,9.09,8.05,10.04,13.65,20.66
197010,0.25,-0.66,-3.13,-5.9,-9.57,0.26,0.25,-0.88,-0.39,-1.99,-4.24,-5.08,-6.87,-7.59,-11.62
197011,5.93,5.07,4.98,4.56,1.87,6.6,5.18,5.34,4.75,5.74,4.21,4.07,5.16,1.46,2.31
197012,5.15,6.44,7,7.53,7.17,4.39,6,6.99,5.81,8.11,5.88,7.11,8.02,8.12,6.13
197101,3.03,4.06,7.47,10.34,13.38,3.86,2.1,3.91,4.23,5.72,9.29,10.05,10.68,14.17,12.51
197102,0.76,2.1,2.35,1.71,3.21,-0.19,1.84,1.41,2.9,2.55,2.14,1.74,1.68,2.13,4.42
197103,2.81,4.58,5.11,5.64,7.8,2.21,3.46,3.67,5.63,3.21,7.02,4.06,7.49,7.49,8.14
197104,2.19,4.11,5.06,6.23,5.14,0.93,3.57,5.34,2.72,5.21,4.92,5.73,6.79,7.09,3
197105,-3.33,-4.4,-2.95,-3.44,-4.97,-4.04,-2.57,-3.41,-5.56,-3.67,-2.25,-4.17,-2.62,-5.53,-4.34
197106,1.14,0.04,0.72,-1.98,-2.05,1.36,0.91,0.69,-0.72,-0.08,1.48,-3.89,0.14,-2.77,-1.24
197107,-2.47,-4.33,-4.51,-6.29,-8.96,-1.37,-3.78,-3.62,-5.2,-3.82,-5.48,-6.15,-6.45,-6.31,-11.71
197108,1.02,6.18,6.35,5.28,8.63,-0.06,2.33,7.43,4.64,5.26,7.92,4.6,6.08,9.02,8.19
197109,-0.18,-0.43,-1.19,-0.04,-2.04,-0.48,0.18,-0.38,-0.5,-1.7,-0.47,-0.05,-0.02,-0.92,-3.28
197110,-1.95,-4.05,-6.53,-6.7,-6.93,-0.89,-3.2,-4.54,-3.43,-7.37,-5.36,-7.3,-5.99,-6.24,-7.71
197111,0.73,0.19,-1.01,-0.64,-1.69,0.16,1.43,-0.09,0.53,-1.23,-0.72,-0.41,-0.91,-1.19,-2.27
197112,7.81,8.99,10.52,10.44,12.49,7.24,8.49,8.41,9.72,10.42,10.64,10.22,10.69,11.68,13.43
197201,0.83,1.92,3.6,6.37,10.26,0.73,0.95,0.11,4.18,3.11,4.25,6.16,6.61,7.7,13.2
197202,2.17,3.07,3.29,5.27,4.16,1.35,3.14,3.81,2.18,3.99,2.36,3.75,7.03,4.48,3.81
197203,-0.11,2.53,0.82,-0.82,0.46,-1.38,1.34,2.64,2.4,1.6,-0.25,-2.31,0.85,0.95,-0.06
197204,0.65,-0.09,1.46,2.08,0.38,0.04,1.33,-0.51,0.41,1.31,1.67,0.78,3.49,0.71,0
197205,2.24,1.27,1.71,1.08,0.25,2.06,2.43,0.3,2.43,2.65,0.41,0.18,2.04,0.32,0.18
197206,-0.4,-2.41,-2.52,-3.84,-7.01,-1.17,0.43,-2.73,-2.04,-2.67,-2.31,-4.35,-3.31,-6.36,-7.72
197207,0.55,0.24,-0.79,-3.27,-5.04,1.18,0.05,0.59,-0.61,-0.29,-1.3,-1.63,-5.56,-4.33,-5.86
197208,4.43,3.64,4.2,1.86,-0.36,6.07,3.12,3.04,5.12,3.99,4.41,2.47,0.98,-0.15,-0.59
197209,0.81,-0.93,-2.35,-3.67,-3.79,1.04,0.62,-0.74,-1.4,-1.02,-3.69,-2.79,-4.96,-3.05,-4.64
197210,2.24,-0.21,-0.24,0.63,-2.15,3.5,1.22,-1.03,1.8,0.15,-0.65,1.11,-0.09,-2.69,-1.51
197211,4.91,4.43,5.09,6.75,6.24,4.67,5.11,3.84,5.84,5.23,4.93,7.48,5.63,7.32,4.99
197212,1.69,1.05,0.28,0.16,-3.02,1.42,1.92,1.43,0.19,-0.43,1.02,2.23,-3.07,-1.74,-4.54
197301,-1.18,-0.01,-6.27,-7.48,-8.79,-0.25,-1.94,1.71,-4.08,-6.22,-6.32,-6.28,-9.46,-7.37,-10.52
197302,-3.63,-2.64,-5.38,-6.32,-10.22,-3.73,-3.55,-1.62,-5.22,-5.25,-5.51,-7.17,-4.87,-9.74,-10.82
197303,0.25,-0.38,-2.64,-2.33,-2.65,1.26,-0.59,-0.93,1.03,-1.87,-3.45,-1.85,-3.12,-2.65,-2.64
197304,-2.22,-5.73,-6.68,-7.39,-9.96,-0.6,-3.59,-5.85,-5.44,-4.49,-9,-7.11,-7.87,-9.31,-10.8
197305,-0.98,-1.12,-3.62,-5.85,-10.2,0.42,-2.21,-1.06,-1.28,-3.48,-3.78,-5.31,-6.76,-8.53,-12.35
197306,0.37,-0.71,-3.36,-3.49,-5.39,0.95,-0.16,-0.75,-0.59,-2.96,-3.81,-4.51,-1.75,-5.4,-5.38
197307,2.04,4.71,12.57,11.09,17.84,1.76,2.31,4.29,6.04,11.95,13.17,9.89,12.99,15.91,20.33
197308,-3.48,-2.42,-2.08,-4.55,-4.32,-3.84,-3.12,-3.06,-0.45,-1.68,-2.47,-3.96,-5.46,-4.01,-4.72
197309,4.27,3.29,9.86,9.43,12.04,4.36,4.17,0.91,10.4,9.31,10.39,8.23,11.33,10.08,14.5
197310,-0.4,1.11,0.27,-2.83,-1.9,1.75,-2.55,1.1,1.11,0.69,-0.14,-3.82,-1.31,-1.57,-2.31
197311,-8.94,-10.69,-17.29,-18.71,-23.85,-8.28,-9.64,-10.75,-10.53,-17.72,-16.89,-18.52,-18.99,-23.05,-24.83
197312,2.53,0.42,1.28,-0.78,-0.09,2.99,2.04,-0.95,4.13,-0.47,2.94,-1.93,0.95,1.23,-1.75
197401,-1.91,0.54,2.69,4.52,9.58,-3.74,0.04,1.67,-2.41,2.32,3.03,5.04,3.77,8.09,11.49
197402,-0.17,-0.22,1.34,0.81,2.69,0.02,-0.36,-0.32,0.03,1.79,0.92,0.77,0.88,3.64,1.51
197403,-1.92,-2.32,-3.05,-2.71,-3.42,-1.71,-2.13,-2.09,-2.94,-3.46,-2.67,-3.45,-1.61,-3.49,-3.33
197404,-4.62,-3.8,-4.98,-4.85,-4.66,-4.54,-4.69,-3.7,-4.06,-4.3,-5.6,-4.66,-5.14,-3.72,-5.86
197405,-2.48,-2.62,-5.27,-7.57,-5.63,-3.61,-1.3,-2.03,-4.24,-4.22,-6.26,-8.7,-5.93,-4.8,-6.71
197406,-1.51,-0.8,-2.71,-4.39,-4.83,-2.09,-0.91,-0.76,-0.93,-3.55,-1.92,-5.17,-3.29,-4.71,-4.99
197407,-6.78,-7.96,-7.29,-7.95,-9.02,-6.26,-7.54,-8.75,-5.67,-5.73,-9.01,-6.45,-9.73,-8.93,-9.12
197408,-8.57,-8.55,-8.84,-7.66,-8.21,-7.57,-10.06,-7.81,-10.62,-9.3,-8.31,-6.48,-9.09,-9.46,-6.77
197409,-10.11,-11.82,-11.82,-12.22,-10.87,-9.52,-11,-12.05,-11.14,-10.89,-12.87,-12.62,-11.72,-8.32,-13.72
197410,18.68,14.56,17.87,10.24,10.13,18.66,18.71,13.1,18.76,15.94,20.08,12.96,6.86,8,12.66
197411,-4.39,-3.6,-4.63,-3.88,-4.47,-4.06,-4.9,-4.14,-2.11,-4.08,-5.22,-3.99,-3.73,-4.96,-3.92
197412,-1.38,-2.55,-5.09,-4.37,-7.86,-0.43,-2.84,-2.22,-3.43,-4.83,-5.37,-3.34,-5.74,-6.85,-8.98
197501,10.19,15.41,18.11,21.82,32.66,8.09,13.53,15.46,15.29,18.25,17.96,18.24,26.66,31.92,33.5
197502,5.55,7.13,5.73,6.29,8.08,6.01,4.85,8.24,4.09,4.63,6.94,6.51,6,8.9,7.15
197503,0.51,3.79,6.17,9,11,-0.55,2.11,3.16,5.57,5.45,6.96,7.61,10.75,8.48,13.85
197504,4.61,3.33,7.07,6.3,7.97,3.21,6.69,2.52,5.57,6.38,7.8,6.12,6.52,10.41,5.32
197505,6.11,4.05,4.5,8.23,6.78,6.97,4.86,3.67,5.08,5.26,3.7,7.96,8.55,6.46,7.16
197506,4.28,5.48,6.05,8.18,7.97,4.32,4.22,5.12,6.42,6.48,5.59,7.1,9.51,6.94,9.15
197507,-5.02,-6.78,-6.49,-6.96,-7.76,-4.83,-5.34,-5.33,-7.91,-5.86,-7.29,-7.59,-6.23,-7.75,-7.77
197508,-1.47,-1.73,-3.02,-4.8,-5.52,-2.02,-0.56,-2.33,-1.26,-3.28,-2.69,-4.69,-4.92,-5.57,-5.45
197509,-3.26,-2.98,-4.65,-4.9,-4.5,-2.24,-4.91,-2.79,-3.13,-4.12,-5.31,-4.53,-5.32,-4.92,-3.92
197510,4.43,7.61,6.28,5.93,5.93,3.91,5.32,6,8.88,5.79,6.9,5.58,6.33,6.35,5.37
197511,2.01,4.24,2.89,3.8,4.51,1.59,2.72,4.11,4.34,3.13,2.6,3.28,4.41,6.55,1.73
197512,-0.05,-1.83,-1.31,-2.2,-2.46,-0.05,-0.05,-1.68,-1.95,-1.31,-1.31,-1.76,-2.69,-3.24,-1.35
197601,10.06,11.57,15.34,16.84,19.89,7.82,13.73,10,12.77,13.62,17.52,14.57,19.47,17.13,23.75
197602,-1.21,-0.27,2.8,3.17,6.42,-1.31,-1.05,-0.42,-0.16,3.02,2.53,2.41,4.01,4.62,8.81
197603,3.16,3.29,1.69,1.15,1.52,3.49,2.66,3.95,2.79,2.26,1,0.78,1.54,1.66,1.34
197604,0.58,-2.37,-0.41,-1.98,-4.01,0.82,0.2,-0.91,-3.47,-0.25,-0.61,-1.7,-2.28,-3.07,-5.21
197605,0.1,-1.57,-1.45,-1.02,-2.82,0.92,-1.18,-1.61,-1.55,-0.77,-2.31,-1.64,-0.33,-2.08,-3.77
197606,4.08,4.28,5.18,5.09,6.29,4.21,3.86,3.78,4.66,4.62,5.9,4.57,5.65,6.76,5.67
197607,0.3,-1.01,-0.66,-0.8,-3.1,0.83,-0.5,-0.82,-1.14,0.12,-1.49,-0.45,-1.13,-2.39,-3.97
197608,1.03,0.58,-1.43,-2.23,-3.19,1.57,0.21,-0.11,1.07,-2.02,-0.8,-2.65,-1.82,-2.26,-4.34
197609,3.62,1.68,1.47,2.24,1.99,4.23,2.69,3.01,0.76,0.65,2.33,3.3,1.23,1.4,2.73
197610,-1.17,-2.1,-2.53,-3,-4.98,-0.81,-1.74,-2.44,-1.87,-2.3,-2.76,-2.74,-3.26,-4.75,-5.26
197611,0.67,-0.63,1.31,3.1,3.65,1.67,-0.92,-1.98,0.32,1.94,0.64,2.62,3.56,3.08,4.36
197612,5.57,5.49,6.89,6.93,9.06,5.04,6.44,8.28,3.58,6.8,6.99,6.78,7.07,8.84,9.33
197701,-1.81,-5.6,-4.65,-3.46,-3.32,-0.86,-3.34,-5.16,-5.92,-4.41,-4.9,-3,-3.9,-4.04,-2.43
197702,-1.52,-1.3,-1.41,-2.44,-2.58,-1.13,-2.17,-2.04,-0.77,-0.95,-1.86,-1.94,-2.91,-2.35,-2.85
197703,-1.08,-1.5,-0.71,0.54,-0.62,-1.07,-1.1,-2,-1.14,-0.24,-1.19,0.44,0.63,-1.19,0.07
197704,1.42,-1.59,1.72,1.47,0.41,2.07,0.35,0.08,-2.76,0.61,2.88,1.8,1.15,1.8,-1.27
197705,-0.24,-2.34,-1.3,-0.1,-0.63,0,-0.63,-1.27,-3.11,-2.07,-0.52,-0.6,0.4,-0.66,-0.59
197706,4.14,4.89,5.55,6.91,9.15,3.54,5.15,3.96,5.58,4.91,6.19,5.74,8.05,9.53,8.66
197707,-1.2,-1.32,-1.11,-1.63,-0.83,-1.49,-0.71,-0.75,-2.17,-0.55,-1.8,-2.08,-1.15,-1.44,-0.06
197708,-2.84,0.1,-0.61,-1.33,-0.07,-3,-2.56,0.17,0,-0.55,-0.68,-2.04,-0.6,-0.06,-0.07
197709,0.69,-0.24,-0.44,-0.17,0.85,0.92,0.3,-0.88,0.73,-0.41,-0.46,-0.17,-0.17,0.73,1
197710,-3.08,-4.52,-3.95,-4.12,-4.3,-3.44,-2.47,-3.83,-5.56,-4.02,-3.87,-3.09,-5.19,-4.03,-4.63
197711,3.03,3.53,5.6,7.7,9.62,2.57,3.82,3.63,3.39,6.15,4.91,7.76,7.64,9.42,9.85
197712,1.05,0.3,0.62,0.64,1.46,1.47,0.35,0.98,-0.76,0.56,0.71,0.95,0.3,1.57,1.34
197801,-5.3,-5.17,-6.15,-6.33,-4.96,-5.28,-5.33,-4.54,-6.17,-5.87,-6.51,-6.79,-5.85,-5.78,-3.99
197802,-0.43,-2.14,-1.25,-0.08,1.27,0.01,-1.19,-2.74,-1.18,-0.92,-1.65,-0.55,0.41,0.71,1.92
197803,2.83,1.13,4.91,5.27,9.09,2.24,3.86,-0.3,3.4,4.75,5.11,5.27,5.27,9.08,9.1
197804,5.14,9.98,10.83,10.27,11.26,4.84,5.65,10.19,9.65,10.84,10.82,10.17,10.38,11.49,10.99
197805,1.13,1.47,2.51,4.39,7.28,0.85,1.6,0.82,2.46,2.48,2.54,4.4,4.39,6.6,8.06
197806,-1.48,-1.22,-0.91,-1.13,-0.39,-1.91,-0.76,-1.59,-0.67,-0.85,-0.98,-0.82,-1.45,-0.36,-0.42
197807,3.14,6.12,6.3,7.37,9.3,2.66,3.93,5.02,6.96,5.72,6.88,6.95,8.06,8.1,10.62
197808,3.44,3.28,4.64,4.81,8.2,3.86,2.77,2.84,3.61,3.89,5.38,4.96,4.57,6.63,9.87
197809,1.81,-1.15,-2.22,-2.5,-2.84,2.44,0.77,-0.62,-1.54,-2.16,-2.28,-2.98,-1.73,-2.37,-3.31
197810,-7.91,-9.62,-11.61,-15.08,-20.44,-7.61,-8.42,-10.55,-8.93,-11.6,-11.62,-13.45,-17.69,-17.61,-23.38
197811,3.36,2.35,3.5,3.85,6.49,3.73,2.75,1.04,3.31,3.44,3.57,2.75,5.69,5.03,8.11
197812,1.05,2.27,2.05,1.57,1.85,0.97,1.17,0.05,3.86,2.79,1.32,1.83,1.14,0.43,3.38
197901,4.36,4.79,5.34,4.99,6.58,4.16,4.68,5.44,4.34,5.54,5.15,4.29,6.15,7.05,6.1
197902,-1.22,-2.48,-4,-4.19,-6.06,-0.94,-1.69,-2.55,-2.44,-3.88,-4.13,-3.45,-5.38,-5.33,-6.83
197903,4.61,6.21,6.58,9.13,10.03,4.78,4.33,6.23,6.2,6.56,6.6,8.79,9.7,8.62,11.55
197904,0.97,0.13,0.41,1.19,1.94,0.7,1.41,0.81,-0.33,0.61,0.2,0.84,1.76,2.52,1.34
197905,-1.05,-1.27,-1.73,-1.02,-2.53,-1.05,-1.05,-0.75,-1.63,-2.12,-1.33,-0.64,-1.64,-1.96,-3.13
197906,5.18,3.23,4.86,5.9,4.8,5.18,5.19,4.45,2.38,5.97,3.73,5.43,6.67,4.22,5.45
197907,1.64,0.96,1.51,1.84,3.13,1.05,2.25,1.94,0.21,1.16,1.94,1.35,2.67,3.25,3.01
197908,4.87,5.89,7.02,7.71,8.97,3.96,5.81,6.96,5.07,7.14,6.87,7.27,8.44,9.23,8.69
197909,0.98,0.09,0.02,-1.64,-1.16,-0.66,2.66,1.34,-0.89,0.19,-0.18,-2.11,-0.87,-2.48,0.25
197910,-4.64,-8.44,-8.03,-8.03,-10.52,-3.78,-5.49,-8.5,-8.4,-7.35,-8.84,-7.69,-8.57,-10.42,-10.62
197911,5.86,6.03,6.61,5.55,8.66,6.38,5.34,4.88,6.97,6.02,7.35,4.57,7.2,5.74,11.73
197912,0.78,2.2,3.38,4.39,7.11,0.03,1.54,2.69,1.82,3.4,3.35,4.43,4.34,6.74,7.47
198001,6.61,6.26,5.08,6.56,6.89,5.45,7.77,8.92,4.13,5.67,4.37,6.21,7.14,4.25,9.53
198002,4.53,-2.22,-3.65,-3.85,-1.41,2.03,6.97,0.53,-4.5,-3.08,-4.35,-4.45,-2.89,-0.82,-1.98
198003,-11.09,-11.39,-10.43,-10.45,-17.3,-9.22,-12.83,-12.69,-10.25,-11.57,-9,-8.98,-12.79,-15.73,-18.79
198004,7.07,3.8,4.13,3.45,5.87,7.55,6.59,5.35,2.5,4.21,4.03,3.27,3.74,5.97,5.77
198005,4.8,6.16,7.3,6.37,8.03,4.59,4.99,5.68,6.57,6.77,7.94,5.47,7.84,7.98,8.09
198006,3.28,4.58,2.72,3.82,3.35,3.53,3.04,5.27,3.98,3.08,2.29,3.67,4.07,2.9,3.8
198007,3.71,6.46,9.5,10.67,13.48,0.7,5.97,5.62,7.61,9.52,9.48,9.59,12.14,12.32,15.21
198008,1.15,1.58,1.93,5.92,6.77,0.46,1.65,1.76,1.33,1.55,2.4,5.88,5.96,6.61,6.99
198009,0.75,3.5,4.14,3.87,5.86,-1.76,2.52,3.46,3.56,4.12,4.17,4.05,3.62,6.06,5.57
198010,1.03,2.17,1.46,3.32,2.81,-1.65,2.82,2.51,1.71,1.7,1.17,3.04,3.7,2.47,3.32
198011,6.45,13.32,11.54,11.89,11.72,-0.16,10.68,13.05,13.69,11.47,11.63,12.21,11.47,11.29,12.33
198012,-0.63,-4.11,-4.12,-3.83,-4.01,3.26,-2.77,-3.85,-4.45,-3.46,-4.93,-5.53,-1.53,-3.66,-4.51
198101,-1.37,-5.1,-4.37,-6.05,-6.49,2.26,-3.48,-5.57,-4.44,-4.68,-3.98,-4.9,-7.55,-6.66,-6.23
198102,1.82,2,2.26,2.44,-0.69,1.22,2.19,2.37,1.49,1.87,2.75,3.27,1.33,-0.63,-0.76
198103,2.47,2.92,6.51,7.01,11.37,3.27,1.99,2.34,3.73,6.83,6.11,6.35,7.9,10.08,13.24
198104,0.32,-3.39,-0.71,-0.18,2.05,2.95,-1.3,-3.26,-3.57,-0.67,-0.76,-0.22,-0.14,1.79,2.4
198105,1.11,-0.28,1.75,1.68,5.08,3.99,-0.74,-0.2,-0.39,2.1,1.32,1.11,2.41,4.25,6.21
198106,0.68,0.45,-1.9,-2.56,-5.41,0.81,0.59,0.47,0.43,-2.11,-1.63,-1.68,-3.7,-4.21,-6.99
198107,-1.38,-3.3,0.96,2.94,1.11,0.46,-2.86,-3.87,-2.45,-1.13,3.28,4.41,0.48,1.78,0.39
198108,-2.72,-5.3,-5.72,-7.11,-8.83,-0.64,-4.44,-4.51,-6.44,-5.25,-6.21,-6.81,-7.63,-8.39,-9.29
198109,-0.66,-4.33,-7.72,-8.99,-9.89,0.14,-1.34,-3.84,-5.06,-6.11,-9.44,-8.69,-9.52,-9.24,-10.6
198110,5.71,2.61,5.44,7.72,11.95,5.23,6.13,0.46,5.84,4.02,7.13,7.61,7.89,9.74,14.41
198111,4.43,4.93,4.91,5.37,1.49,4.23,4.6,4.83,5.07,5.67,4.03,6.2,3.9,2.46,0.45
198112,-2.37,-0.65,-3.11,-4.4,-4.17,-2.4,-2.34,0.5,-2.26,-2.94,-3.31,-5.15,-3.05,-4.43,-3.89
198201,1.19,0.27,-4.12,-6.89,-4.68,1.68,0.78,1.32,-1.26,-2.86,-5.62,-7.66,-5.55,-5.01,-4.32
198202,-1.66,-2.8,-4.47,-9.86,-8.82,-1.42,-1.86,-2.4,-3.4,-4.61,-4.3,-10.45,-8.85,-7.46,-10.33
198203,1.84,0.62,-1.34,-3.49,-4.31,2.91,0.91,0.63,0.59,-1.18,-1.54,-2.46,-5.17,-3.34,-5.41
198204,3.54,4.33,4.07,5.06,6.8,2.2,4.71,4.24,4.48,3.92,4.25,4.79,5.5,6.63,6.99
198205,-2.48,-2.88,-2.02,-2.32,-5.62,-1.05,-3.73,-2.84,-2.94,-3.16,-0.63,-1.25,-4.1,-5.19,-6.1
198206,-0.35,-0.92,-3.42,-3.55,-3.27,-1.63,0.79,-0.46,-1.63,-1.89,-5.2,-3.06,-4.39,-1.5,-5.28
198207,-0.74,0.59,-3.01,-5.03,-5.57,0.11,-1.72,1.98,-1.73,-2.37,-3.7,-5.95,-3.38,-6.92,-3.95
198208,11.38,11.47,12.86,11.91,12.19,11.37,11.39,10.81,12.61,12.22,13.56,11.42,12.77,10.9,13.69
198209,1.33,3.34,1.63,2.08,0.34,0.95,1.77,3.44,3.18,2.06,1.16,2.29,1.72,1.27,-0.72
198210,9.61,12.23,11.43,11.58,17.36,7.26,12.35,11.17,14.04,11.5,11.34,9.74,14.81,15.83,19.13
198211,4.53,6.07,5.71,3.28,6.91,3.44,5.75,6.92,4.64,4.83,6.66,2.09,5.28,3.84,10.36
198212,0.34,1.95,1.21,2.54,1.17,1.17,-0.56,3.18,-0.2,2.16,0.21,3.5,1.05,2.1,0.2
198301,2.9,2.7,3.57,5.26,8.66,5.29,0.26,2.54,2.99,2.18,5.07,4.82,5.96,6.75,10.69
198302,2.2,4.08,3.51,4.71,1.65,1.4,3.14,3.56,5.04,3.46,3.56,4.21,5.49,0.92,2.4
198303,2.99,3.7,4.53,3.72,2.8,2.04,4.08,3.05,4.86,6.26,2.7,4.27,2.88,3.96,1.62
198304,6.41,9.56,6.71,6.6,7.25,4.57,8.45,9.85,9.04,8.3,4.98,6.42,6.89,7.16,7.35
198305,-2.33,-1.18,2.42,3.76,6.55,-1.97,-2.71,-2.7,1.53,1.82,3.09,2.52,5.68,5.59,7.56
198306,1.45,4.81,4.2,5.2,4.8,-1.28,4.36,6.06,2.66,3.05,5.48,5,5.52,5.46,4.13
198307,-2.18,-1.6,-3.65,-4.01,-6.41,-1.63,-2.86,-1.68,-1.42,-2.94,-4.26,-3.52,-4.6,-4.92,-7.87
198308,1.11,0.65,1.36,0.34,-2.2,2.14,-0.17,0.92,0.02,0.32,2.26,1.12,-0.6,-1.4,-3.02
198309,3.45,2.61,0.67,0.67,-1.11,4.04,2.71,2.21,3.58,1.72,-0.23,-0.08,1.61,0.65,-2.91
198310,0.88,-0.58,-4.14,-4.95,-8.64,1.08,0.62,-0.05,-1.83,-4.43,-3.89,-5.21,-4.63,-7.35,-9.99
198311,1.31,1.54,3.87,5.03,5.38,1.3,1.32,0.78,3.39,3.32,4.34,4.66,5.48,4.51,6.33
198312,-2.81,0.33,0.18,0.3,-1.74,-2.98,-2.6,0.68,-0.5,0.31,0.07,-0.89,1.76,-1.65,-1.83
198401,0.12,-2.06,1.35,-0.73,-5.09,1.04,-1.06,-2.31,-1.47,0.01,2.51,-3.01,2.05,-3.82,-6.42
198402,-3.4,-3.64,-3.07,-6,-4.8,-3.41,-3.38,-3.67,-3.58,-3.33,-2.85,-6.16,-5.79,-3.36,-6.33
198403,-0.74,2.63,1.67,2.7,0.5,-1.55,0.32,2.37,3.25,1.25,2.02,3.11,2.18,0.81,0.16
198404,0.46,1.18,1.44,-0.21,-1.77,0.33,0.62,1.38,0.7,1.08,1.74,-0.17,-0.27,-1.76,-1.78
198405,-3.2,-5.11,-5.63,-6.27,-7.32,-1.76,-5.04,-4.86,-5.68,-6.96,-4.54,-5.73,-6.97,-5.9,-8.9
198406,5.41,2.21,1.21,2.23,1.64,5.2,5.68,0.96,5.58,0.57,1.71,2.28,2.16,1.04,2.35
198407,0.02,-0.72,-2.86,-4.04,-6.65,1.35,-1.51,-0.22,-1.78,-2.43,-3.33,-3.6,-4.55,-5.34,-7.83
198408,7.54,11.46,12.24,12.79,16.36,6.32,8.98,10.98,12.49,12.16,12.33,12.65,12.97,15.26,17.38
198409,1.82,0.82,-0.68,-1.7,-2.76,3.05,0.41,1.19,0.03,-0.3,-1.08,-1.65,-1.77,-2.25,-3.22
198410,2.55,0.32,-0.31,-2.35,-1.68,2.9,2.13,0.99,-1.16,-0.73,0.17,-1.93,-2.86,-0.14,-3.06
198411,1.06,-1.26,-1.59,-1.4,-3.63,1.42,0.62,-1.57,-0.58,-0.16,-3.19,-2.04,-0.61,-3.15,-4.08
198412,2.41,3.02,1.94,1.95,2.36,2.2,2.67,3.33,2.33,1.31,2.66,2.61,1.13,2.05,2.67
198501,4.11,8.91,9.26,9.92,14.49,2.61,5.89,8.79,9.2,7.75,11,9.59,10.33,12.29,16.59
198502,2.9,1.16,2.54,1.36,0.33,2.83,2.99,0.76,2.1,2.85,2.19,1.5,1.18,1.42,-0.66
198503,3.43,-1.06,-1.36,-0.96,-2.76,4.66,2.01,-1.71,0.41,-1.99,-0.66,-1.49,-0.29,-1.44,-3.98
198504,-0.4,0.79,0.01,-0.77,-3.37,-0.59,-0.18,0.1,2.29,1.11,-1.2,-0.31,-1.33,-2.33,-4.37
198505,6.85,6.67,4.62,4.54,4.32,6.85,6.86,6.73,6.53,4.3,4.97,5.12,3.83,4.88,3.78
198506,2.89,1.43,0.53,1.5,1.21,3.68,1.97,0.21,4.11,1.11,-0.05,2.34,0.42,1.04,1.36
198507,-3.04,1.1,-0.42,1.04,2.41,-4.46,-1.42,1.01,1.29,-0.67,-0.03,0.52,2.11,3.28,1.48
198508,0.98,-0.86,-1.12,-0.42,-2.05,1.35,0.58,-0.92,-0.72,-1.1,-1.16,0.16,-1.59,-1.26,-2.9
198509,-2.2,-2.97,-3.64,-5.29,-7.11,-2.75,-1.59,-2.8,-3.37,-3.93,-3.21,-4.51,-6.91,-6.56,-7.67
198510,5.15,4.84,5.28,4.15,3.27,5.16,5.14,4.85,4.82,6.19,3.91,4.45,3.51,1.74,4.87
198511,7.27,7.43,5.88,6.2,8.28,7.23,7.31,7.5,7.26,4.98,7.27,5.86,6.89,8.27,8.3
198512,4.72,5.45,3.67,2.98,4.6,4.83,4.6,6.12,3.86,2.92,4.83,2.84,3.28,4.38,4.82
198601,1.47,0.71,1.34,0.29,0.93,0.21,2.88,0.26,1.82,0.31,2.91,0.11,0.65,-0.22,2.08
198602,8.08,6.96,9.24,7.36,7.61,8.8,7.29,6.5,8.06,9.59,8.73,7.69,6.65,7.75,7.46
198603,6.27,5.83,5.18,4.76,4.13,5.45,7.18,6.09,5.19,5.29,5.02,4.27,5.82,5.05,3.2
198604,-0.29,-0.47,-1.7,-1.75,-0.87,-0.8,0.27,-0.61,-0.13,-1.91,-1.39,-1.41,-2.49,-0.2,-1.54
198605,5.37,4.78,5.93,5.16,4.36,4.48,6.31,4.72,4.91,6.04,5.78,5.26,4.94,5.53,3.14
198606,5.02,1.36,-0.65,-0.83,-0.85,4.76,5.3,1.75,0.42,0.15,-1.83,-0.38,-1.83,0.25,-2
198607,-1.35,-6.29,-6.72,-8.46,-9.63,0.22,-2.9,-5.45,-7.33,-6.38,-7.02,-9.39,-7.14,-9.66,-9.59
198608,6.51,7.39,7.11,5.22,5.89,5,8.05,7.4,7.39,6.92,7.29,4.89,5.67,6.81,4.74
198609,-8.71,-7.46,-8.33,-8.45,-8.55,-9.67,-7.76,-7.06,-7.96,-8.1,-8.54,-8.75,-8.03,-7.37,-10.06
198610,5.81,3.94,6.03,5.61,5.99,7.17,4.48,2.85,5.32,6.35,5.73,5.6,5.62,5.74,6.31
198611,1.49,2.28,1.1,1.81,0.89,1.17,1.81,1.81,2.85,0.4,1.73,2.28,1.15,1.73,-0.23
198612,-2.3,-2.39,-2.94,-3.15,-3.87,-3.08,-1.52,-2.72,-1.99,-3.36,-2.56,-3.6,-2.49,-4.46,-3.07
198701,10.98,12.82,13.4,13.64,15.15,9.65,12.28,11.29,14.7,12.87,13.86,12.49,15.29,13.54,17.31
198702,0.62,4.26,6.23,7.69,9.17,-0.64,1.81,4.32,4.19,7.55,5.12,7.96,7.31,7.4,11.47
198703,2,3.02,1.77,0.85,0.69,0.85,3.07,3.62,2.32,1.27,2.21,0.4,1.49,2.03,-0.99
198704,-2.8,-0.62,-0.39,-2.46,-2.73,-3.46,-2.2,-0.95,-0.22,-1.11,0.24,-1.2,-4.19,-2.72,-2.73
198705,1.02,0.16,0.8,1.14,0.59,0.87,1.15,1.07,-0.94,1.08,0.57,2.13,-0.27,1.35,-0.39
198706,5.47,5.03,4.47,4.66,1.71,4.76,6.1,4.54,5.62,4.44,4.49,5.03,4.11,3.6,-0.74
198707,2.82,5.68,4.27,5.62,4.26,2.52,3.08,4.75,6.7,3.68,5.11,5.28,5.94,5.2,2.76
198708,3.6,4.24,4.34,2.48,5.6,3.22,3.95,2.79,5.81,5.09,3.28,2.05,2.89,6.08,4.82
198709,-1.61,-0.28,-3.24,-2.18,-4.68,-2.57,-0.74,-0.6,0.05,-3.94,-2.25,-3.29,-1.17,-4.35,-5.23
198710,-13.7,-22.12,-24.54,-26.68,-30.97,-12.12,-15.12,-20.32,-23.99,-24.36,-24.78,-27.15,-26.26,-29.69,-33.14
198711,-7.57,-6.72,-7.19,-6.85,-10.09,-6.55,-8.51,-6.68,-6.77,-7.09,-7.33,-7.05,-6.67,-10.47,-9.43
198712,3.89,6.44,8.4,10.59,10.23,3.25,4.5,5.93,7,8.03,8.93,10.58,10.59,9.64,11.24
198801,7.46,4.13,2.48,3.65,4.11,9.67,5.41,4.24,4.02,1.48,3.9,4.53,2.89,4.12,4.09
198802,2.05,4.77,6.09,7.75,8.21,1.57,2.51,3.88,5.75,5.64,6.71,7.92,7.6,8.02,8.54
198803,-1.88,-1.94,-3.61,-0.23,-2.15,-1.26,-2.46,-1.88,-2.01,-4.1,-2.93,-0.51,0.01,-2.57,-1.42
198804,1.51,0.4,0.87,0.88,1.17,2.25,0.8,0.93,-0.16,1.18,0.45,2.92,-0.93,0.12,2.98
198805,1.56,0.04,0.29,-0.17,-0.81,1.48,1.64,0.81,-0.77,0.64,-0.17,0.13,-0.46,-0.55,-1.24
198806,1.51,5.24,6.76,7.12,8.29,-0.02,2.99,4.64,5.88,7.8,5.35,8.35,5.94,8.24,8.38
198807,0.51,-0.83,-1.04,-0.86,-2.53,0.66,0.43,-0.26,-1.47,-2.2,0.29,-0.59,-1.24,-2.26,-2.8
198808,-1.02,-2.91,-2.8,-3.67,-4.99,-0.77,-1.17,-2.16,-3.77,-3.13,-2.44,-3.71,-3.62,-4.68,-5.35
198809,2.58,3.96,4.83,4.83,3.56,1.86,2.99,3.56,4.43,4.71,4.97,5.33,4.11,4.04,3
198810,2.67,2.47,1.36,1.97,-0.97,1.93,3.08,2.04,2.96,1.73,0.93,3.36,-0.08,-1.79,0
198811,-0.89,-1.61,-1.44,-2.27,-4.13,0.02,-1.39,-1.2,-2.07,-0.99,-1.95,-1.41,-3.61,-3.8,-4.52
198812,1.34,2.03,2.08,2.45,3.53,1.49,1.26,1.95,2.12,2.08,2.08,1.83,3.44,2.87,4.29
198901,4.73,6.51,7.72,7.65,7.27,2.55,5.98,6.68,6.31,8.63,6.71,8.07,7.01,8.11,6.32
198902,-1.93,-1.81,-1.84,-1.8,-0.78,-1.24,-2.31,-1.31,-2.38,-2.26,-1.35,-1.77,-1.85,-0.29,-1.35
198903,2.6,1.77,2.46,2.52,1.71,1.52,3.2,2.98,0.36,0.91,4.2,2.25,2.94,2.09,1.25
198904,4.65,5.39,5.08,4.95,4.55,3.83,5.1,5.67,5.04,5.1,5.06,4.57,5.54,4.01,5.18
198905,4.15,3.29,4.18,4.45,6.81,4.61,3.9,3.78,2.69,4.13,4.23,3.7,5.52,7.63,5.86
198906,1.11,-0.13,-1.25,-1.6,-3.18,1.85,0.7,-0.35,0.15,-1.08,-1.44,-1.89,-1.19,-2.51,-3.99
198907,6,8.21,9.19,8.85,7.95,5.31,6.34,9.16,7.02,8.6,9.75,8.86,8.84,9.19,6.28
198908,0.41,2.31,2.49,2.84,3.53,-0.62,0.9,2.71,1.81,3.2,1.83,2.17,3.49,2.43,5.08
198909,0.75,-0.02,-0.54,-1.09,0.57,0.21,1,1.11,-1.49,0.21,-1.26,-1.33,-0.86,0.38,0.83
198910,-0.24,-2.53,-3.71,-4.84,-5.63,1.43,-1,-1.47,-3.93,-3.57,-3.83,-6.11,-3.59,-5.2,-6.21
198911,2.95,1.44,1.68,0.87,0.92,3,2.93,2.34,0.2,1.68,1.69,1.12,0.64,1.78,-0.28
198912,4.59,1.88,1.48,-0.87,-0.21,4.16,4.79,3.11,0.16,1.11,1.84,0.16,-1.87,-0.05,-0.44
199001,-6.15,-7.79,-7.17,-6.69,-8.42,-4.79,-6.79,-8.78,-6.36,-7.57,-6.79,-7.03,-6.37,-7.56,-9.61
199002,0.42,1.74,1.46,2.43,4.04,0.84,0.22,1.09,2.66,1.9,1.04,2.49,2.38,3.67,4.58
199003,0.86,3,2.17,3.51,4.55,-0.76,1.62,2.94,3.08,1.15,3.15,4.98,2.16,3.28,6.34
199004,-3.32,-2.13,-2.09,-3.56,-2.91,-4.47,-2.78,-2.81,-1.18,-3.22,-1.02,-3.98,-3.15,-1.51,-4.83
199005,6.92,9.2,8.83,10.15,13.56,4.65,7.95,8.77,9.79,9.9,7.84,10.1,10.2,14.16,12.7
199006,-0.91,-1.16,0.06,0.02,0.73,0.26,-1.43,-2.09,0.1,-0.91,0.96,0.15,-0.1,1.55,-0.45
199007,1.87,-0.76,-1.46,-3.33,-4.38,2.19,1.71,0.42,-1.77,-1.41,-1.52,-1.57,-5.49,-3.3,-6.24
199008,-5.83,-8.86,-9.63,-11.93,-13.92,-6.47,-5.5,-9.13,-8.62,-8.94,-10.41,-10.9,-13.24,-12.86,-15.81
199009,-1.18,-3.45,-8.21,-7.78,-9.82,-0.36,-1.6,-3.69,-3.24,-7.28,-9.26,-6.2,-9.85,-7.51,-14.02
199010,1.65,-0.17,-2.32,-2.72,-4.58,5.27,-0.23,-0.36,-0.01,-1.74,-3,-1.26,-4.7,-4,-5.73
199011,3.55,5.95,8.33,8.99,12.14,2.12,4.33,4.92,6.83,8.22,8.47,7.67,10.86,11.62,13.18
199012,1.36,2.55,4.04,4.59,4.45,1.57,1.25,2.54,2.55,3.82,4.31,4.46,4.79,4.32,4.71
199101,-0.57,3.36,6.79,10.44,11,-0.99,-0.35,0.97,5.38,6.29,7.38,10.4,10.5,9.87,13.15
199102,6.3,6.56,8.03,9.07,10.08,5.34,6.81,6.16,6.89,9.03,6.85,9.73,8.16,9.17,11.77
199103,2.38,1.77,3.36,3.82,5.7,2.31,2.42,3.33,0.52,4.06,2.54,2.64,5.46,5.52,6.02
199104,0.62,0.08,0.61,-0.65,0.86,0.71,0.57,1.25,-0.88,-0.37,1.79,-0.44,-0.94,0.59,1.33
199105,0.18,3.74,5.56,5.91,6.32,-0.22,0.39,1.18,5.88,5.08,6.11,6.46,5.17,6.48,6.03
199106,-2.26,-3.23,-5.01,-6.9,-6.16,-1.55,-2.62,-2.15,-4.09,-5.82,-4.08,-7.19,-6.49,-5.84,-6.74
199107,3.48,5,3.81,6.13,6.32,4.76,2.92,5.52,4.34,4.34,3.32,6.57,5.49,6.4,6.2
199108,1.7,2.52,3.2,2.88,5.27,2.52,1.33,2.3,2.81,3.72,2.72,2.9,2.85,5.6,4.75
199109,1.16,-2.04,-2,-2.3,-0.97,3.46,0.1,-0.62,-3.86,-1.06,-2.91,-2.55,-1.94,-1.22,-0.58
199110,2.25,1.7,1.83,0.62,0.88,1.56,2.58,2.14,1.1,3.05,0.63,0.56,0.7,0.3,1.77
199111,-2.18,-3.17,-5.16,-4.41,-5.24,0.26,-3.33,-2.86,-3.59,-4.97,-5.36,-3.31,-6.06,-5.94,-4.18
199112,7.34,10.85,14.37,13.01,12.95,5.59,8.18,9.74,12.33,13.52,15.24,11.69,15.05,12.8,13.18
199201,-3.54,-2.02,0.22,2.31,8.47,-3.56,-3.53,-3.04,-0.68,-0.48,0.93,2.36,2.25,7.92,9.29
199202,-0.94,0.56,2.45,4.74,2.99,-1.36,-0.73,0.4,0.77,1.12,3.78,4.72,4.77,4.33,1.01
199203,-1.57,-1.62,-2.6,-1.9,-5.22,-1.21,-1.74,-1.9,-1.26,-2.9,-2.3,-2.72,-0.69,-5.33,-5.05
199204,4.41,2.63,1.67,-0.74,-4.24,3.6,4.79,2.14,3.24,2.13,1.23,-0.62,-0.92,-2.32,-7.22
199205,0.92,0.83,0.73,0.79,-1.05,1.86,0.48,1.8,-0.37,0.14,1.3,1.7,-0.52,-0.55,-1.86
199206,0.14,-2.54,-1.96,-2.89,-3.84,0.34,0.05,-2.64,-2.41,-2.33,-1.61,-2.36,-3.66,-2.84,-5.47
199207,4.78,4.33,3.21,4.43,3.34,6.17,4.12,4.46,4.15,3.88,2.63,4.18,4.69,2.86,4.13
199208,-0.3,-2.2,-1.72,-4.54,-4.6,-0.21,-0.34,-1.43,-3.38,-2.32,-1.19,-4.63,-4.45,-4.75,-4.36
199209,0.6,0.04,2.78,3.3,1.76,0.67,0.56,-0.21,0.44,2.33,3.16,2.78,3.84,2.4,0.69
199210,-1.42,1.33,0.6,3.17,5.98,-0.51,-1.86,0.99,1.88,-0.28,1.35,1.88,4.49,5.92,6.06
199211,0.57,2.59,5.87,6.53,10.54,-1.25,1.46,1.9,3.66,5.53,6.16,6.45,6.62,10.21,11.1
199212,1.07,1.61,1.39,3.05,3.26,3.11,0.11,1.79,1.33,0.59,2.06,3.19,2.92,3.56,2.76
199301,1.18,-0.64,0.61,3.62,4.11,2.95,0.33,-0.61,-0.67,0.08,1.04,2.32,4.92,4.78,2.99
199302,4.62,0.31,-0.51,-0.39,-3.18,5.14,4.35,0.73,-0.34,-1.47,0.28,-0.69,-0.1,-2.41,-4.5
199303,2.19,1.65,2.74,3.23,3.86,2.29,2.14,1.37,2.09,2.89,2.62,2.61,3.81,3.78,4
199304,-1.3,-1.5,-4.79,-2.91,-4.64,-0.61,-1.65,-2.3,-0.27,-4.47,-5.05,-1.98,-3.77,-4.94,-4.11
199305,0.86,2.3,3.77,4.89,6.04,0.64,0.97,2.65,1.77,2.62,4.7,4.86,4.91,5.07,7.72
199306,1.83,-0.19,-0.44,0.52,1.61,2,1.75,0.4,-1.1,-0.2,-0.62,0.25,0.77,1.89,1.14
199307,0.88,-0.97,-0.1,-0.95,0.02,0.76,0.94,-0.64,-1.33,-1.7,1.74,-1.67,0.15,-0.48,0.72
199308,4.28,3.16,2.98,4.73,5.19,3.5,4.7,3.02,3.33,3.84,2.02,5.3,3.88,5.39,4.92
199309,-0.26,-1.17,-0.92,0.96,3.4,-0.49,-0.13,-1.46,-0.84,-1.76,0.03,1.58,0.02,3.42,3.38
199310,0.1,2.66,2.94,1.78,-0.57,-0.84,0.6,1.65,3.79,3.16,2.69,2.38,0.87,-1.62,0.89
199311,-3.59,-0.25,0.03,-1.85,-1.94,-3.64,-3.56,-1.85,1.53,0.88,-0.92,-2.49,-0.85,-1.18,-2.98
199312,0.85,1.92,1.45,2.93,2.33,2.02,0.25,1.61,2.25,0.24,2.82,2.61,3.42,2.62,1.92
199401,1.59,2.59,3.59,3.83,4.98,0.62,2.09,1.68,3.55,4.23,2.9,4.13,3.37,5.04,4.91
199402,-4.11,-2.71,-1.21,-1.81,-1.15,-4.36,-3.98,-2.45,-2.99,-0.73,-1.73,-2.51,-0.74,-1.4,-0.8
199403,-2.83,-4.3,-4.91,-5.65,-4.3,-2.92,-2.78,-3.59,-5.04,-4.68,-5.17,-4.91,-6.74,-4.09,-4.58
199404,2.25,1.78,0.75,-1.68,0.91,2.45,2.15,2.01,1.54,0.74,0.77,-2.24,-0.82,0.69,1.22
199405,-0.35,2.55,0.54,1.77,1.03,-0.81,-0.11,2.94,2.14,-0.88,2.15,1.9,1.58,0.84,1.29
199406,-1.44,-2.7,-2.03,-3.23,-4.2,-2.35,-0.97,-1.61,-3.87,-1.09,-3.06,-3.1,-3.42,-4.18,-4.23
199407,2.79,3.16,3.1,3.11,3.25,2.89,2.74,3.41,2.99,4.23,2.45,3.75,2.01,4.16,2
199408,1.37,5.96,3.59,4.68,7.81,1.21,1.45,5.22,6.43,3.98,3.37,3.96,5.92,7.63,8.07
199409,-1.35,-1.06,-3.44,-2.49,-3.28,-1.02,-1.52,-1.06,-1.06,-2.79,-3.83,-2.74,-2.07,-3.72,-2.65
199410,2.55,1.52,1.79,0.91,2.26,2.69,2.47,2.05,1.18,1.39,2.02,1.07,0.64,2.94,1.29
199411,-3.47,-2.44,-4.52,-3.14,-4.81,-4.08,-3.15,-2.15,-2.63,-4.31,-4.64,-2.43,-4.31,-5.01,-4.53
199412,0.93,1.89,1.85,0.69,0.35,0.73,1.03,2.08,1.76,0.95,2.38,1.31,-0.36,0.22,0.55
199501,3.44,1.94,2.01,2.49,1.96,2.72,3.81,1.77,2.05,2.73,1.6,3.24,1.19,2.35,1.4
199502,2.39,3.63,4.12,5.69,6.16,2.86,2.15,3.13,3.94,3.47,4.49,5.88,5.36,6.57,5.55
199503,2.05,3.5,2.6,2.46,1.99,2.75,1.7,2.74,3.97,3.12,2.3,1.76,3.71,1.92,2.09
199504,3.57,2.69,1.65,2.41,2.72,4.17,3.26,2.75,2.66,1.7,1.62,3.03,1.33,3.79,1.08
199505,2.8,4.32,3.12,3.89,4.29,3.33,2.52,3.65,4.73,2.56,3.44,3.67,4.28,4.57,3.84
199506,0.25,2.81,2.74,4.92,6.63,0.15,0.3,3.15,2.6,3.45,2.34,4.99,4.78,6.18,7.33
199507,2.58,2.71,3.74,5.73,6.88,3.89,1.64,3.08,2.43,3.78,3.69,5.14,6.69,5.09,9.12
199508,0.74,0.41,0.43,1.75,2.43,0.72,0.75,0.54,0.3,-0.39,1.36,2.05,1.25,0.72,4.47
199509,4.54,4.86,3.29,3.57,2.69,2.28,6.18,4.48,5.16,4.44,2.01,3.57,3.58,2.42,3.01
199510,0.8,-0.07,-1.2,-4.09,-2.03,1.1,0.59,-0.21,0.05,-2.49,0.27,-3.71,-4.7,0.46,-4.84
199511,3.3,5.72,5.08,4.92,2.39,2.17,4.1,5.39,5.98,6.98,2.92,5.73,3.6,1.84,3.05
199512,4.18,2.04,1.52,0.69,-2.29,5.08,3.56,2.23,1.9,2.79,0.03,1.13,-0.03,-2.46,-2.1
199601,2.45,3.15,2.99,3.47,2.2,2.36,2.51,2.81,3.41,2.23,3.92,4.18,2.31,1.34,3.17
199602,-0.98,1.32,2.22,2.58,4.64,-0.51,-1.31,1.97,0.82,1.69,2.86,1.54,4.33,5.17,4.04
199603,0.14,0.69,2.63,1.87,0.01,-0.88,0.86,1.59,-0.02,3.46,1.62,1.33,2.76,0.62,-0.68
199604,1.13,0.57,1.96,2.49,6.06,1.22,1.06,0.33,0.76,0.71,3.49,2.24,2.9,5.74,6.45
199605,0.97,3.19,3.19,2.47,3.77,0.74,1.13,3.3,3.1,4.21,1.98,2.98,1.64,4.25,3.2
199606,1.78,0.85,-0.03,-2.36,-3.84,1.65,1.87,0.99,0.73,1.64,-2.07,-2.31,-2.45,-3.48,-4.28
199607,-3.75,-5.23,-4.7,-5.47,-7.1,-3.84,-3.71,-6.37,-4.22,-4.68,-4.73,-4.37,-7.08,-5.66,-8.27
199608,2.17,2.84,3.22,2.85,4.67,3.95,1.18,2.17,3.41,3.73,2.66,1.68,4.61,4.23,5.04
199609,3.24,4.15,5.42,5.88,8.97,2.91,3.43,3.61,4.61,5.36,5.48,5.53,6.4,7.06,10.56
199610,2.91,1.48,2.82,0.57,1.46,3,2.87,2.15,0.9,3.11,2.5,1.41,-0.66,1.98,1.04
199611,5.75,5.34,6.85,9.14,8.16,7.18,4.93,5.35,5.33,6.65,7.06,8.33,10.33,7.97,8.31
199612,-0.33,-0.62,-2.36,-0.67,-1.81,-0.89,0,0.47,-1.55,-2.99,-1.68,0.27,-2.03,-2.84,-1
199701,3.39,4.78,5.32,6.56,8.9,2.67,3.8,3.86,5.57,4.47,6.22,7.32,5.45,6.77,10.6
199702,-0.2,1.06,1.8,0.81,-3.6,-1.58,0.58,0.48,1.55,2.4,1.16,0.74,0.91,0.28,-6.59
199703,-1.42,-4.52,-3.62,-5.56,-7.32,-3.11,-0.49,-3.83,-5.09,-3.41,-3.84,-5.87,-5.1,-7.86,-6.88
199704,2.93,5.2,5.63,5.94,4.55,3.37,2.69,3.23,6.8,5.62,5.65,7.39,3.83,7.07,2.51
199705,6.19,6.13,6.31,7.14,9.03,6.74,5.89,6.33,5.98,7.3,5.25,6.97,7.39,7.5,10.34
199706,4.03,4.23,5.59,3.8,3.27,4.18,3.94,4.43,4.06,6.29,4.81,3.77,3.85,5.25,1.64
199707,8.08,6.15,7.78,7.91,10.36,6,9.01,4.18,7.61,7.67,7.9,6.1,9.33,11.82,8.73
199708,-1.88,-5.3,-4.78,-3.98,-2.42,-0.69,-2.4,-7.03,-4.09,-4.78,-4.78,-3.03,-4.71,-3.91,-0.7
199709,4.94,4.88,5.66,6,7.32,4.18,5.28,5.1,4.72,4.55,6.9,5.34,6.52,6.08,8.73
199710,-3.11,-2.38,-3.42,-2.84,-5.35,-4.58,-2.47,-2.05,-2.61,-3.47,-3.37,-0.14,-4.91,-6.15,-4.46
199711,2.2,4.93,5.34,3.72,1.1,1.97,2.29,4.71,5.08,5.15,5.55,3.51,3.88,2.89,-0.86
199712,1.44,2.28,2.04,2.1,0.64,1.64,1.35,3.99,1.09,1.55,2.59,2,2.18,2.03,-0.92
199801,-1.28,0.71,0.4,2.64,-0.68,-0.6,-1.57,-0.55,1.62,0.17,0.65,1.56,3.49,-2.11,0.96
199802,6.63,7.17,6.6,7.19,9.19,7.91,6.08,6.41,7.71,7.12,6.03,6.2,7.96,10.7,7.53
199803,6.41,4.96,5.62,4.61,3.37,6.91,6.2,5.26,4.76,4.41,6.93,8.01,1.99,3.03,3.76
199804,1.42,0.93,0.09,0.74,3.22,0.28,1.91,-0.73,2.09,0.4,-0.24,1.43,0.18,2.76,3.73
199805,-0.75,-1.78,-1.82,-2.23,-4.55,-2,-0.22,0.29,-3.18,-0.75,-2.98,-2.86,-1.7,-4.13,-5.02
199806,3.1,4.56,2.89,2.88,4.44,2.85,3.2,2.85,5.76,1.93,3.95,1.36,4.11,3.42,5.59
199807,-3.49,-1.9,-2.31,-0.99,-1.41,-1.25,-4.72,-2.39,-1.41,-2.7,-1.81,-1.77,-0.2,-0.57,-2.36
199808,-11.67,-11.03,-14.44,-18.7,-22.8,-11.97,-11.5,-10.07,-11.99,-13.92,-15.1,-17.61,-19.8,-22.21,-23.48
199809,4.67,7.04,6.18,7.91,6.06,7.28,3.2,7.17,6.9,5.04,7.62,8.73,7.06,4.92,7.39
199810,6.19,6.6,7.83,8.16,10.64,6.76,5.85,7.29,5.89,7.3,8.49,7.02,9.34,9.75,11.59
199811,3.84,6.82,5.72,6.43,8.61,3.13,4.28,5.74,7.96,4.63,7.06,3.15,9.61,7.71,9.57
199812,3.75,4.61,5.69,6.02,13.68,4.84,3.08,5.03,4.18,5.72,5.65,5.55,6.44,11.62,15.86
199901,-2.99,3.52,0.94,4.1,12.29,-0.52,-4.51,0.74,6.28,0.89,1.01,0.29,7.61,13.45,11.1
199902,-1.11,-4,-2.37,-3.49,-7.41,-1.08,-1.13,-2.46,-5.44,-2.55,-2.14,-1.32,-5.34,-6.97,-7.87
199903,1.19,3.11,2.31,3.03,7.94,1.54,0.97,-0.41,6.53,3.93,0.28,3.94,2.21,5.49,10.57
199904,4.66,5.59,3,3.24,4.31,3.15,5.63,7.07,4.26,3.87,1.86,1.41,4.91,3.03,5.63
199905,-1.52,-1.15,-0.77,-2.98,-1.6,-2.95,-0.62,0.16,-2.36,-1.8,0.63,-1.92,-3.92,-2.78,-0.41
199906,1.95,4.31,5,5.87,9.05,4.01,0.69,1.58,6.92,5.35,4.52,3.8,7.72,10.67,7.43
199907,-2.1,-2.07,-2.08,-4.48,-4.35,-2.27,-1.97,-1.12,-2.72,-2.01,-2.12,-0.59,-6.72,-2.93,-5.39
199908,0.08,-0.31,-1.02,-2.16,-1.33,2.09,-1.41,-3.89,2.17,-4.21,0.84,-2.34,-2.05,-1.69,-1.05
199909,-4.65,-1.16,-3.82,-2.83,-1.39,-4.92,-4.44,0.14,-2,-1.21,-5.26,-5,-1.51,-5.08,1.35
199910,4.75,5.56,5.31,6.63,8.53,3.93,5.37,2.68,7.48,-0.55,8.42,4.03,8.16,5.54,10.62
199911,-0.04,-0.97,2.63,6.76,7.64,-2.44,1.76,1.27,-2.4,0.83,3.51,3.08,8.82,6.67,8.29
199912,-4.66,6.46,5.13,13.7,11.7,-3.02,-5.93,-1.45,11.67,5.73,4.85,11.19,15,9.83,12.92
200001,-0.76,-6.54,-2.73,-5.44,-5.22,-3.92,1.78,-0.54,-10.02,-2.13,-3.02,-7.13,-4.58,-2.44,-6.96
200002,-8.38,-6.39,-2.78,6.67,15.87,-6.2,-10.01,-7.91,-5.42,-2.59,-2.86,-3.55,11.65,14.1,17.05
200003,8.63,10.2,12.27,10.01,1.16,9.08,8.27,9.59,10.57,10.76,12.98,9.63,10.17,-0.67,2.34
200004,3.58,-5.14,-2.17,-4.69,-5.97,4.63,2.76,1.56,-9.26,-1.37,-2.54,-3.7,-5.1,-3.87,-7.29
200005,5.85,0.04,-2.42,-6.02,-7.92,4.51,6.91,1.57,-1.01,-4.26,-1.56,-2.26,-7.61,-8.52,-7.55
200006,0.24,2.42,1.98,2.2,8.05,0.64,-0.06,-0.47,4.3,2.75,1.63,-1.19,3.72,8.81,7.58
200007,-3.86,-1.43,-0.69,1.1,-2.88,-4.46,-3.46,-1.54,-1.27,0.02,-1.45,2.36,-1.49,-3.39,-2.5
200008,4.66,5.44,6.67,8.25,9.81,9.32,1.63,4.94,6.26,8.59,4.57,8.5,7.73,8.03,11.1
200009,5.42,5.37,-7.57,-4.49,-12.61,5.59,5.29,5.44,5.25,-11.3,-3.33,-3.51,-6.6,-11.94,-13.08
200010,4.03,2.25,0.89,-1.88,-7.98,0.24,6.74,0.06,5.74,1.99,-0.25,-2.47,-0.58,-5.74,-9.58
200011,2.3,-2.27,-7.12,-12.21,-18.91,1.09,3.1,0.07,-5.8,-7.52,-6.7,-13.04,-10.4,-16.27,-20.87
200012,4.26,5.18,-2.53,4.1,-0.46,4.17,4.32,7.47,1.58,-1.57,-3.54,3.14,6.12,-2.55,1.19
200101,-7.19,-2.63,7.32,4.73,12.62,-7.95,-6.72,-4.44,0.4,1.86,13.18,4.14,5.92,6.61,17.09
200102,0.36,-1.18,-7.47,-10.19,-20.74,2.69,-1.08,-0.73,-1.87,-5.78,-9.1,-10.61,-9.36,-19.97,-21.26
200103,-3.46,-4.75,-6.56,-4.89,-12.34,-2.92,-3.81,-3.49,-6.72,-7.44,-5.69,-5.66,-3.4,-12.49,-12.24
200104,4.41,4.16,11.09,7.97,10.94,5.72,3.56,4.11,4.24,10.23,11.92,7.69,8.52,6.58,13.94
200105,2.15,1.44,0.44,0.9,1.07,2.51,1.91,0.92,2.27,-0.19,1.05,1.21,0.31,2.29,0.28
200106,-4.72,-2.65,0.18,-1.79,-0.07,-3.22,-5.71,-2.54,-2.83,0.4,-0.03,-1.5,-2.35,1.42,-1.04
200107,0.82,1.38,2.91,-2.49,-6.12,-2.49,2.67,0.92,2.18,3.37,2.54,-4.24,-0.32,-3.88,-7.66
200108,-1.41,-2.62,-5.01,-5.31,-12.13,1.17,-2.74,-2.48,-2.87,-5.59,-4.53,-5.03,-5.63,-9.96,-13.65
200109,-2.06,-3.39,-3.59,-12.1,-17.37,-3.82,-1.11,-3.17,-3.78,-1.59,-5.18,-8.24,-16.69,-15.69,-18.61
200110,0.22,-0.67,-2.01,3.98,9.55,0.77,-0.05,-1.54,0.92,-5.48,0.85,-0.05,9.24,6.04,12.22
200111,2.05,3.87,4.82,11.16,14.22,0.5,2.82,2.8,5.78,3.75,5.65,7.38,15.69,13.65,14.63
200112,1.15,1.04,2.96,2.15,0.89,3.37,0.08,2.64,-1.73,2.95,2.96,2.14,2.15,2.8,-0.48
200201,-0.3,0.06,0.28,-1.74,-3.69,-0.47,-0.22,-1.1,2.18,0.9,-0.19,-2.6,-0.78,-4.64,-2.99
200202,2.07,1.74,2.1,-2.51,-9.7,2.16,2.03,2.11,1.09,2.55,1.75,0.86,-6.17,-6.13,-12.31
200203,3.87,3.22,2.26,4.21,7.21,5.29,3.16,3.33,3.01,1.49,2.85,1.98,6.81,6.2,7.99
200204,-0.02,-3.62,-3.42,-5.69,-11.03,1.71,-0.9,-4.16,-2.66,-5.48,-1.85,-5.14,-6.3,-7.84,-13.47
200205,-1.54,-0.26,0.38,-0.95,-2.57,-1.75,-1.43,0.08,-0.87,2.68,-1.3,0.1,-2.12,-0.62,-4.19
200206,-7.77,-3.47,-5.07,-8.99,-10.13,-7.96,-7.68,-4.49,-1.68,-5.21,-4.96,-5.05,-13.54,-7.19,-12.65
200207,-4.65,-8.01,-7.46,-5.6,-11.96,-4.33,-4.93,-7.39,-8.82,-7.6,-7.37,-2.89,-8.13,-11.65,-12.41
200208,2.13,-0.47,1.8,-0.33,0.37,3.26,1.08,0.95,-2.36,1.04,2.33,-2.3,1.62,1.34,-1.05
200209,-7.05,-9.89,-8.64,-11.96,-13.14,-7.14,-6.97,-9.87,-9.93,-6.45,-10.17,-12.29,-11.65,-11.49,-15.6
200210,3.35,7.37,5.77,6.05,15.82,3.7,3.03,4.89,10.77,4.68,6.57,2.93,8.98,14.46,17.95
200211,1.1,2.88,2.08,7.76,14.39,2.14,0.09,1.28,4.95,0.62,3.15,6.59,8.8,9.81,21.37
200212,-0.54,-2.81,-3.34,-6.7,-12.56,0.01,-1.07,-1.64,-4.27,-1.86,-4.4,-5.96,-7.34,-11.57,-13.93
200301,-2.75,-1.7,-3.7,-2.58,-2.88,-3.03,-2.48,-0.24,-3.57,-4.2,-3.33,-4.13,-1.23,-4.87,-0.07
200302,-2.64,-2.72,-2.62,-1.11,-0.35,-3.14,-2.14,-1.57,-4.23,-2.59,-2.64,-0.31,-1.78,-0.2,-0.56
200303,1.47,1.5,1.77,1.18,-0.23,1.03,1.9,1.64,1.31,1.38,2.05,2,0.49,0.11,-0.69
200304,4.72,6.25,7.46,10.39,12.21,3.64,5.75,4.06,9.06,6.46,8.18,12.33,8.71,11.61,13.03
200305,5.33,4.51,4.09,5.47,9.79,5.05,5.58,4.22,4.85,6.9,2.07,2.8,7.86,6.97,13.61
200306,0.89,1.52,1.37,1.01,1.93,2.96,-1.05,2.63,0.16,1.98,0.91,1.13,0.91,2.21,1.57
200307,-1.77,1.01,2.8,3.98,6.05,-2.85,-1.01,-0.2,2.86,1.82,4.14,5.48,3.22,5.59,6.59
200308,-0.51,3.51,0.76,3.54,5.46,0.12,-0.96,3.9,2.92,0.79,0.72,3.5,3.56,3.8,7.41
200309,0.91,-1.61,-1.77,-1.53,-1.95,1.42,0.55,-1.35,-2,-2.35,-1,-2.69,-0.93,-1.29,-2.7
200310,4.08,4.85,4.63,6.13,10.29,2.23,5.38,3.93,6.22,5.12,3.97,7.4,5.49,9.06,11.71
200311,2.38,2.85,-0.51,0.31,2.18,1.52,2.97,2.79,2.93,-0.47,-0.57,-0.39,0.67,1.05,3.46
200312,5.1,5.18,5.39,4.49,2.6,5.53,4.8,5.76,4.33,3.66,7.69,2.41,5.55,3.45,1.67
200401,1.17,1.12,2.56,1.4,3.5,1.66,0.84,0.95,1.38,1.29,4.19,0.82,1.68,1.55,5.67
200402,2.27,2.93,2.12,0.52,-0.08,2.45,2.14,3.59,1.96,3.23,0.73,2.65,-0.53,1.84,-2.12
200403,-1.69,-0.41,-1.12,-1.43,-1.32,-0.89,-2.25,-0.51,-0.26,-0.08,-2.45,0.23,-2.26,-0.78,-1.92
200404,0.88,-0.2,-0.98,-1.76,-6.07,1.52,0.42,-0.02,-0.48,-0.55,-1.54,-1.98,-1.64,-4.46,-7.89
200405,0.09,1.3,0.31,1.05,3.49,-0.6,0.57,1.41,1.14,-0.29,1.1,1.26,0.94,2.01,5.22
200406,1.56,2.05,1.27,3.78,1.55,2.82,0.68,1.87,2.33,0.16,2.72,2.82,4.29,0.45,2.79
200407,-2.91,-2.26,-0.62,-3.46,-10.2,-2.41,-3.39,-2.48,-1.84,-0.65,-0.59,-2.9,-4.05,-7.86,-12.47
200408,2.28,0.88,0.71,0.04,-3.98,2.63,1.94,0.96,0.72,1.35,-0.02,0.38,-0.32,-2.97,-5.02
200409,-0.87,2.2,1.93,1.95,3.5,-2.13,0.35,0.54,5.35,0.59,3.49,1.39,2.54,2.93,4.09
200410,0.37,0.57,0.22,1.77,4.87,0.63,0.11,0.67,0.38,-1.63,2.31,1.63,1.93,4.62,5.12
200411,4.24,3.58,4.85,5,6.29,4.01,4.46,2.62,5.34,5.2,4.46,5.2,4.78,7.11,5.48
200412,3.19,2.64,3.41,3.77,4.92,3.89,2.5,2.75,2.44,3.34,3.48,4.65,2.82,4.97,4.88
200501,-2.05,-0.42,-1.95,-2.26,-6.24,-2.06,-2.04,-0.53,-0.23,-2.31,-1.56,-2,-2.55,-4.47,-8.01
200502,2.39,5.15,1.68,0.07,0.5,1.68,3.11,4.7,5.94,2.29,1.01,0.49,-0.4,1.73,-0.78
200503,-0.02,-2.46,-1.88,-2.14,-2.2,-0.35,0.31,-2.77,-1.91,-4.02,0.47,-2.95,-1.22,-2.24,-2.16
200504,-0.16,-2,-2.39,-2.64,-5.33,-0.12,-0.2,-1.44,-2.96,-2.68,-2.08,-4.31,-0.77,-5.23,-5.44
200505,2.01,2.27,3.15,4.4,8.27,1.71,2.3,1.5,3.62,3.94,2.31,5,3.75,7.26,9.34
200506,0.61,1.19,0.88,0.36,0.12,0.21,1,0.75,1.95,1.44,0.28,-0.03,0.78,0.43,-0.21
200507,1.93,3.71,4.64,5.68,6.68,1.12,3.03,2.65,5.92,5.06,4.24,6.11,5.34,7.19,6.07
200508,-1.82,0.69,-0.65,-1.18,-1.72,-2.17,-1.36,1.13,-0.2,-1.16,-0.18,-1.2,-1.16,-1.58,-1.89
200509,-0.1,1.71,0.5,1.3,0.69,-0.11,-0.09,1.78,1.58,1.88,-0.78,0.19,2.18,-0.38,1.94
200510,-1.32,-2.55,-0.95,-0.94,-3.34,-2.46,0.13,-3.29,-1.03,-1.9,-0.05,-1.44,-0.55,-4.03,-2.56
200511,1.94,2.89,4.65,5.42,6.25,1.52,2.48,2.69,3.27,4.12,5.14,5.1,5.68,7.23,5.15
200512,1.31,-0.1,-1.13,0.67,-0.83,1.7,0.83,-0.46,0.62,-0.33,-1.86,-0.18,1.34,-1.57,0.01
200601,2.3,3.05,2.41,4.97,4.79,2.82,1.66,3.28,2.58,2.76,2.07,5.35,4.67,2.13,7.73
200602,0.05,-0.46,0.15,0.41,0.38,0.07,0.02,-0.97,0.57,1.15,-0.78,-0.08,0.8,-0.51,1.34
200603,0.55,1.25,2.32,3.34,2.27,0.11,1.1,1.22,1.32,2.87,1.79,3.8,2.98,0.21,4.4
200604,0.88,1.73,0.09,2.5,0.23,0.49,1.35,2.18,0.84,0.98,-0.77,1.86,3.01,0.96,-0.5
200605,-1.32,-1.82,-3.16,-4.29,-6.01,-1.18,-1.48,-1.79,-1.9,-2.53,-3.78,-3.82,-4.67,-4.27,-7.73
200606,0.4,0.93,-0.13,-0.53,-1.22,0.49,0.31,0.68,1.44,0,-0.27,-0.4,-0.64,-0.37,-2.1
200607,2.81,0.22,-0.58,-1.61,-6.2,2.61,3.04,-0.27,0.58,1.52,-3.88,-1.54,-1.67,-4.72,-7.97
200608,2.34,1.21,2.36,1.66,5.95,3.38,1.13,-0.71,2.62,2.88,1.51,0.63,2.36,5.41,6.6
200609,1.86,2.37,0.73,4.51,2.34,1.75,1.99,1.06,3.31,0.87,0.49,4.13,4.76,2.3,2.39
200610,2.68,3.56,3.52,4.39,3.77,2.24,3.2,3.19,3.81,2.7,4.91,3.55,4.94,4.14,3.33
200611,0.98,2.36,1.78,3.55,2.78,-0.37,2.59,3.36,1.68,0.8,3.37,2.05,4.52,2.45,3.18
200612,1.1,1.29,2.42,1.55,-0.28,1.25,0.93,0.65,1.73,3.76,0.3,1.42,1.63,0.16,-0.81
200701,0.88,0.79,2.25,2.46,3.79,1.74,-0.11,0.46,1.02,2,2.63,2.48,2.45,4.24,3.23
200702,-1.95,-1.95,-1.04,-1.3,-0.58,-1.78,-2.16,-1.58,-2.2,-1.14,-0.87,-0.82,-1.59,-0.95,-0.12
200703,0.6,1.93,2,0.34,0.78,0.1,1.18,2.42,1.58,2.05,1.92,0.29,0.36,1.08,0.42
200704,3.99,3.89,4,4.74,4.7,3.52,4.55,4.03,3.8,3.37,4.96,4.58,4.84,6.17,2.87
200705,2.51,3.78,3.34,4.88,4.83,1.75,3.4,4,3.62,3.31,3.37,5.27,4.63,4.95,4.68
200706,-2.17,-1.12,-2.38,-1.65,-0.22,-2.61,-1.66,-0.78,-1.35,-2.94,-1.53,-1.65,-1.65,-0.11,-0.36
200707,-3.06,-3.39,-3.66,-3.02,-3.65,-2.96,-3.19,-2.29,-4.51,-2.82,-4.91,-3.79,-2.31,-2.77,-4.75
200708,2.42,1.55,1.2,1.54,-0.81,2.78,1.96,1.36,1.74,1.62,0.56,1.52,1.55,-0.5,-1.21
200709,2.95,3.81,3.71,3.41,4.51,2.72,3.25,4.62,2.97,4.73,2.13,2.13,4.56,4.77,4.17
200710,1.67,2.07,1.64,1.97,3.13,1.96,1.3,0.75,3.47,1.06,2.57,2.89,1.16,2.56,3.89
200711,-1.94,-4.84,-5.2,-4.85,-7.75,0.53,-5.15,-3.73,-5.98,-4.59,-6.18,-4.3,-5.34,-7.29,-8.35
200712,-1.88,-0.04,0.61,-0.19,-1.07,-2.29,-1.31,1.44,-1.6,-0.07,1.73,-1.22,0.74,-1.46,-0.56
200801,-3.59,-5.83,-5.82,-9.45,-7.32,-3.43,-3.8,-5.05,-6.67,-5.41,-6.47,-10.33,-8.67,-6.16,-8.85
200802,-3,-2.79,-3.05,-2.7,-2.34,-3.76,-1.98,-1.13,-4.61,-1.93,-4.86,-5.8,0.02,-4.06,-0.02
200803,-0.11,-1,0.29,-0.75,-2.43,-0.68,0.66,-1.97,0.09,-0.39,1.44,1.59,-2.68,-1.5,-3.64
200804,1.5,5.26,4.78,7.02,8.65,2.88,-0.31,5.54,4.96,4.2,5.74,7.71,6.43,8.39,8.98
200805,0.77,1.13,2.61,3.46,4.31,0.92,0.56,1.32,0.93,2.54,2.73,2.77,4.06,3.06,5.9
200806,-8.28,-7.18,-7.91,-9.08,-9.64,-8.19,-8.4,-5.46,-9.11,-6.79,-9.7,-11.2,-7.27,-11.69,-7.1
200807,-0.78,-0.42,-0.14,-0.5,-2.49,0.55,-1.78,-2.84,2.42,-1.2,2.1,0.13,-1.58,-2.16,-3.01
200808,1.38,1.67,2.3,1,1.71,2.06,0.86,3.04,0.16,1.85,3.22,1.42,0.24,1.93,1.34
200809,-4.53,-5.63,-10.44,-15.41,-18.8,-4.4,-4.64,-5,-6.36,-8.97,-13.43,-16.38,-13.62,-18.39,-19.46
200810,-12.98,-15.98,-18.36,-24.17,-22.79,-13.05,-12.92,-15.3,-16.77,-17.16,-20.92,-25.07,-22.56,-21.52,-24.89
200811,-3.07,-8.6,-9.6,-12.15,-15.26,-3.71,-2.56,-5.87,-11.78,-9.13,-10.65,-12.88,-10.89,-15.56,-14.74
200812,0.05,1.29,3.31,3.14,4.1,0.53,-0.34,-0.19,3.13,1.42,7.66,1.97,5.11,3.99,4.3
200901,-8.4,-8.49,-8.23,-8.43,-3.15,-6.26,-10.1,-10.06,-6.6,-8.33,-8.02,-9.9,-6.07,-2.53,-4.2
200902,-9.93,-10.73,-9.91,-10.66,-6.28,-7.59,-11.88,-11.98,-9.29,-9.43,-10.96,-11.77,-8.95,-4.91,-8.63
200903,5.81,8.22,11.07,13.65,11.52,4.28,7.07,8.87,7.49,10.5,12.33,12.92,14.74,10.8,12.82
200904,4.32,10.75,11.16,16.08,20.32,2.61,5.68,9.34,12.32,11.17,11.14,17.98,13.3,20.67,19.71
200905,5.85,4.05,4.32,4.69,6.02,5.71,5.96,2.47,5.76,4.56,3.79,3.8,6.05,5.98,6.1
200906,-0.24,-0.74,1.98,0.58,2.04,0.12,-0.51,-0.33,-1.17,2.18,1.54,0.79,0.28,2,2.11
200907,4.78,7.84,8.41,12.2,15.05,5.09,4.4,8.16,7.52,7.98,8.83,10.55,15.48,13.38,19.11
200908,1.06,3.12,4.19,4.14,13.28,0.17,2.13,2.54,3.7,3.05,5.27,3.12,6.09,12.94,14.06
200909,2.18,2.94,6.04,7.72,6.35,1.82,2.61,2.09,3.79,5.18,6.83,8.15,6.94,4.4,10.8
200910,-0.84,-2.14,-2.19,-3.83,-9.23,-1.24,-0.38,-2.97,-1.33,-0.4,-3.82,-2.79,-5.77,-8.81,-10.14
200911,5.85,4.99,5.61,5.22,7.7,6.44,5.17,4.57,5.4,6.12,5.14,5.22,5.21,8.55,5.84
200912,0.58,3.64,2.96,5.43,4.3,-0.4,1.73,3.96,3.34,3.7,2.27,4.84,6.56,3.14,6.88
201001,-2.24,-3.38,-3.92,-4.95,-3.91,-2.24,-2.23,-2.13,-4.57,-4.04,-3.81,-5.77,-3.42,-4.5,-2.62
201002,1.47,4.15,2.76,5.61,7.19,1.82,1.07,3.45,4.85,3.02,2.51,5.92,5.02,6.98,7.63
201003,4.08,5.11,8.28,8.16,10.61,3.71,4.51,4.81,5.41,7.73,8.82,8.82,6.95,9.63,12.71
201004,0.57,1.31,2.18,4.57,5.94,0.01,1.23,0.83,1.77,3.1,1.29,4.28,5.13,5.26,7.35
201005,-6.35,-7.69,-8.83,-8.33,-11,-5.97,-6.78,-6,-9.34,-8.41,-9.24,-7.56,-9.8,-10.82,-11.37
201006,-2.98,-5.16,-7.37,-7.81,-10.36,-3,-2.97,-2.94,-7.4,-6.89,-7.82,-7.45,-8.49,-9.05,-13.03
201007,5.23,6.35,8.17,8.89,11.79,4.9,5.53,6.15,6.5,7.9,8.4,11.04,6.6,11.84,11.69
201008,-0.91,-6.11,-6.71,-6.55,-9.14,-0.88,-0.94,-3.32,-8.22,-5.98,-7.33,-4.41,-8.94,-9.27,-8.86
201009,6.5,9.85,11.91,12.05,12.67,5.8,7.15,10.59,9.26,12.24,11.63,13.41,10.45,11.1,16.29
201010,2.75,3.5,5.62,3.31,6.26,2.9,2.61,2.97,3.93,5.96,5.34,5.65,0.47,5.8,7.28
201011,-0.67,-0.05,1,3.13,4.6,-0.51,-0.81,-0.05,-0.04,0.8,1.17,3.93,2.12,4.25,5.34
201012,4.58,6.49,7.96,9.59,9.35,4.34,4.79,6.32,6.62,7.27,8.55,7.76,11.96,9.75,8.52
201101,0.91,2.19,3.49,2.94,2.02,1.24,0.62,1.06,3.09,2.63,4.22,2.75,3.17,1.76,2.6
201102,3.41,2.4,4.54,4.74,3.71,2.49,4.24,3.7,1.39,4.34,4.72,5.19,4.17,3.13,4.98
201103,1.34,-0.28,0.06,0.87,0.16,1.43,1.27,0.35,-0.77,0.22,-0.08,1.91,-0.44,0.3,-0.16
201104,3.76,4.25,0.74,2.04,3.65,4.19,3.37,4.94,3.7,1.23,0.33,2.63,1.27,3.61,3.73
201105,0.52,-1.49,-2.24,-2.31,-4.03,0.16,0.83,-0.32,-2.43,-1.67,-2.72,-2.05,-2.65,-3.95,-4.18
201106,-1.41,-1.51,-2.09,-2.17,-1.87,-1.83,-1.03,-1.4,-1.6,-1.88,-2.27,-0.81,-3.94,-1.62,-2.4
201107,-2.52,-2,-0.89,-3.62,-3.95,-2.34,-2.71,-2.14,-1.87,-3.3,1.03,-2.49,-5.37,-4.81,-2.44
201108,-1.31,-5.79,-7.26,-11.2,-13.83,-1.1,-1.54,-5.69,-5.89,-8,-6.7,-10.23,-12.75,-13.9,-13.7
201109,-3.39,-6.08,-9.65,-13.69,-16.29,-2.57,-4.24,-4.96,-7.1,-10.23,-9.23,-12.72,-15.29,-16.12,-16.57
201110,6.4,11.5,13.62,17.2,20.64,6.15,6.66,10.63,12.32,14.59,12.92,17.07,17.41,21.09,19.89
201111,1.32,0.2,-0.91,-2.29,-3.62,1.75,0.86,1.37,-0.88,-0.8,-0.99,-1.4,-3.79,-3.73,-3.42
201112,2.95,-0.81,0.42,-0.36,-1.76,3.41,2.45,-1.22,-0.42,-1.06,1.51,0.57,-1.97,-1.98,-1.37
201201,0.56,6.41,6.63,8.38,12.24,0.14,1.02,4.87,7.86,5.93,7.14,7.5,9.95,12.3,12.12
201202,1.89,4.74,6.59,5.6,6.11,1.45,2.36,4.41,5.05,4.76,7.91,4.77,7.05,4.72,8.55
201203,2.57,3.57,3.85,1.89,3.45,2.11,3.05,3.61,3.52,1.94,5.17,1.22,3.04,3.41,3.52
201204,0.65,-0.74,-1.72,-2.09,-1.96,0.86,0.43,-0.25,-1.19,-1.28,-2.02,-0.91,-4.06,-2.91,-0.35
201205,-2.17,-7.53,-6.85,-8.99,-13,-1.16,-3.21,-5.99,-8.93,-7.85,-6.17,-8.51,-9.79,-13.29,-12.52
201206,5.01,3.69,2.85,4.08,1.59,4.67,5.37,3.49,3.88,3.99,2.08,4.09,4.06,0.66,3.11
201207,2.17,-0.43,1.59,0.04,-2.67,2.63,1.36,0.81,-1.77,2.56,0.33,1.16,-1.02,-1.69,-4.28
201208,-0.15,2.97,4.41,4.95,6.65,-0.68,0.8,1.94,4.09,5.78,2.6,4.43,5.45,5.04,9.4
201209,3.13,1.04,3.47,2.4,3.53,3.09,3.19,1.51,0.55,3.21,3.84,1.85,2.92,3.94,2.85
201210,-1.41,-1.87,-3.59,-0.17,1.78,-1.18,-1.8,-1.3,-2.5,-4.08,-2.92,-0.92,0.54,1.83,1.68
201211,0.03,1.39,0.71,1.66,0.14,-0.04,0.15,1.92,0.79,0.43,1.08,2.43,0.96,0.01,0.37
201212,-0.93,1.5,1.05,3.92,7,-1.23,-0.4,1.02,2.04,-0.47,3.09,3,4.79,7.59,6.01
201301,5.86,5.76,4.12,6.17,7.41,5.41,6.65,5.67,5.87,1.87,7.02,7.7,4.76,5.89,10.03
201302,2.33,1,1.14,-0.4,-0.35,2.89,1.35,1.13,0.87,1.12,1.17,-0.36,-0.44,-0.56,0
201303,4.86,3.68,2.8,3.94,4.54,4.84,4.88,3.54,3.84,2.37,3.34,2.86,4.97,4.05,5.35
201304,2.37,1.54,1.04,0.01,1.66,2.67,1.84,1.13,2,1.53,0.45,-0.75,0.71,1.34,2.2
201305,-0.63,3.69,5.14,5.48,6.24,-0.84,-0.24,2.05,5.48,4.61,5.8,4.02,6.84,6.78,5.35
201306,-0.59,-0.65,-2.13,-1.9,-2.79,-0.29,-1.12,-0.8,-0.49,-2.83,-1.28,-1.66,-2.12,-3.1,-2.29
201307,4.83,5.61,6.02,5.4,7.79,4.29,5.42,4.84,6.38,6.26,5.77,4.59,6.32,8.61,6.36
201308,-4.14,-1.73,-3.03,-1.2,-2.32,-4.36,-3.89,-3.31,-0.19,-3.37,-2.67,-0.76,-1.69,-2.55,-1.92
201309,1.94,4.03,4.46,5.56,5.13,1.36,2.55,4.91,3.21,4.61,4.31,5.83,5.24,3.55,7.91
201310,4.21,5.01,3.88,3.25,3.38,5.83,2.5,4.22,5.77,3.87,3.9,2.28,4.34,2.67,4.58
201311,2.58,4.02,3.08,2.68,3.93,2.07,3.14,3.84,4.18,3.29,2.88,2.19,3.22,4.56,2.88
201312,1.16,3.1,3.07,3.52,3.35,1.08,1.26,3.74,2.49,2.64,3.51,3.88,3.12,1.93,5.8
201401,-3.09,-3.39,-3.98,-4.25,-3.09,-3.06,-3.12,-4.5,-2.34,-3.97,-3.99,-3.44,-5.16,-2.82,-3.52
201402,4.08,4.57,4.45,5.71,6.07,3.06,5.17,4.01,5.1,4.41,4.49,6.11,5.25,4.89,8.02
201403,1.41,-0.01,1.28,0.19,-0.47,0.96,1.88,0.64,-0.61,1.3,1.25,-0.47,0.96,0.17,-1.51
201404,2.11,-0.58,-1.35,-0.27,-1.69,2.6,1.61,-1.37,0.17,-2.5,-0.17,-0.21,-0.34,-2.12,-0.97
201405,0.54,3.53,2.46,2.28,1.2,0.45,0.63,2.87,4.14,2.65,2.26,2.7,1.81,1.3,1.03
201406,1.49,1.86,3.13,4.77,3.43,0.98,2.01,1.53,2.16,3.15,3.11,3.79,5.89,3.52,3.27
201407,-1.5,-0.97,-3.13,-2.89,-3.64,-2.19,-0.2,-1.69,-0.28,-2.94,-3.44,-2.44,-3.54,-2.98,-4.81
201408,4.78,3.82,3.87,4.17,4.95,4.74,4.85,4.15,3.51,3.75,4.05,4.15,4.2,3.66,7.24
201409,0.16,-1.88,-2.78,-4.05,-5.97,0.44,-0.37,-3.02,-0.79,-1.67,-4.49,-3.07,-5.49,-5.65,-6.52
201410,3.71,2.88,2.36,0.44,-0.1,3.6,3.92,3.58,2.24,3.06,1.23,0.19,0.81,0.04,-0.36
201411,3.38,3.8,2.5,-0.69,-1.06,3.87,2.47,3.51,4.08,2.95,1.76,-1.57,0.64,-2.22,0.96
201412,-0.65,-0.25,0.67,0.91,-0.36,-0.88,-0.21,-0.87,0.33,-0.13,1.97,1.19,0.49,-1,0.73
201501,-0.38,-2.42,-4.92,-7.18,-6.6,-0.43,-0.27,-1.41,-3.36,-5.6,-3.83,-7.69,-6.41,-5.53,-8.37
201502,3.3,6.48,8.19,8.03,9.11,2.38,5.02,6.47,6.48,8.45,7.79,7.98,8.1,8.36,10.4
201503,-0.87,-1.72,-1.32,-1.01,-1.43,-1,-0.62,-1.59,-1.85,-1.57,-0.94,-0.75,-1.4,-1.05,-2.09
201504,-0.89,1.06,1.05,2.58,1.35,-1,-0.69,1.05,1.08,1.52,0.29,3.01,1.94,2.45,-0.53
201505,1.73,1.45,1.27,0.99,-0.38,1.06,2.98,0.89,1.97,1.69,0.59,1.19,0.71,-0.85,0.44
201506,-1.41,-2.49,-1.12,-0.32,-2.19,-1.74,-0.81,-2.44,-2.54,-0.75,-1.72,0.22,-1.11,-1.55,-3.28
201507,3.9,2.28,0.41,-1.25,-2.09,5.84,2.11,3.41,1.48,0.6,0.15,-0.97,-1.5,-0.69,-6.2
201508,-5.75,-5.35,-6.74,-6.53,-7.21,-5.42,-6.07,-5.05,-5.57,-6.93,-6.47,-5.8,-7.17,-7.39,-6.66
201509,-1.59,-1.61,-3.61,-6.1,-8.04,-0.95,-2.21,-1.27,-1.86,-2.82,-4.73,-5.63,-6.51,-6.99,-11.28
201510,6.97,8.78,7.56,8.68,7.54,6.81,7.13,7.48,9.74,8.15,6.71,9.43,8.02,8.08,5.8
201511,0.02,0.6,0.42,1.88,1.76,0.48,-0.42,0.34,0.78,0.86,-0.23,0.71,2.93,2.34,-0.16
201512,-0.19,-1.17,-3.79,-4.8,-6.63,1.5,-1.84,-0.9,-1.37,-4.34,-2.98,-4.11,-5.4,-6.49,-7.12
,,,,,,,,,,,,,,,
,,,,,,,,,,,,,,,
,,,,,,,,,,,,,,,
,,,,,,,,,,,,,,,
,,,,,,,,,,,,,,,
,,,,,,,,,,,,,,,
,,,,,,,,,,,,,,,
,,,,,,,,,,,,,,,
,,,,,,,,,,,,,,,
,,,,,,,,,,,,,,,
,,,,,,,,,,,,,,,
,,,,,,,,,,,,,,,
,,,,,,,,,,,,,,,
,,,,,,,,,,,,,,,
,,,,,,,,,,,,,,,
,,,,,,,,,,,,,,,
,,,,,,,,,,,,,,,
,,,,,,,,,,,,,,,
,,,,,,,,,,,,,,,
,,,,,,,,,,,,,,,
,,,,,,,,,,,,,,,
,,,,,,,,,,,,,,,
,,,,,,,,,,,,,,,
,,,,,,,,,,,,,,,
,,,,,,,,,,,,,,,
,,,,,,,,,,,,,,,
,,,,,,,,,,,,,,,
,,,,,,,,,,,,,,,
,,,,,,,,,,,,,,,
,,,,,,,,,,,,,,,
,,,,,,,,,,,,,,,
,,,,,,,,,,,,,,,
,,,,,,,,,,,,,,,
,,,,,,,,,,,,,,,
,,,,,,,,,,,,,,,
,,,,,,,,,,,,,,,
,,,,,,,,,,,,,,,
,,,,,,,,,,,,,,,
,,,,,,,,,,,,,,,
,,,,,,,,,,,,,,,
,,,,,,,,,,,,,,,
,,,,,,,,,,,,,,,
,,,,,,,,,,,,,,,
,,,,,,,,,,,,,,,
,,,,,,,,,,,,,,,
,,,,,,,,,,,,,,,
,,,,,,,,,,,,,,,
,,,,,,,,,,,,,,,
,,,,,,,,,,,,,,,
,,,,,,,,,,,,,,,
,,,,,,,,,,,,,,,
,,,,,,,,,,,,,,,
,,,,,,,,,,,,,,,
,,,,,,,,,,,,,,,
,,,,,,,,,,,,,,,
,,,,,,,,,,,,,,,
,,,,,,,,,,,,,,,
,,,,,,,,,,,,,,,
,,,,,,,,,,,,,,,
,,,,,,,,,,,,,,,
,,,,,,,,,,,,,,,
,,,,,,,,,,,,,,,
,,,,,,,,,,,,,,,
,,,,,,,,,,,,,,,
,,,,,,,,,,,,,,,
,,,,,,,,,,,,,,,
,,,,,,,,,,,,,,,
,,,,,,,,,,,,,,,
,,,,,,,,,,,,,,,
,,,,,,,,,,,,,,,
,,,,,,,,,,,,,,,
,,,,,,,,,,,,,,,
,,,,,,,,,,,,,,,
,,,,,,,,,,,,,,,
,,,,,,,,,,,,,,,
,,,,,,,,,,,,,,,
,,,,,,,,,,,,,,,
,,,,,,,,,,,,,,,
,,,,,,,,,,,,,,,
,,,,,,,,,,,,,,,
,,,,,,,,,,,,,,,
,,,,,,,,,,,,,,,
,,,,,,,,,,,,,,,
,,,,,,,,,,,,,,,
,,,,,,,,,,,,,,,
,,,,,,,,,,,,,,,
,,,,,,,,,,,,,,,
,,,,,,,,,,,,,,,
,,,,,,,,,,,,,,,
,,,,,,,,,,,,,,,
,,,,,,,,,,,,,,,
,,,,,,,,,,,,,,,
,,,,,,,,,,,,,,,
,,,,,,,,,,,,,,,
,,,,,,,,,,,,,,,
,,,,,,,,,,,,,,,
,,,,,,,,,,,,,,,
,,,,,,,,,,,,,,,
,,,,,,,,,,,,,,,
,,,,,,,,,,,,,,,
,,,,,,,,,,,,,,,
,,,,,,,,,,,,,,,
,,,,,,,,,,,,,,,
,,,,,,,,,,,,,,,
,,,,,,,,,,,,,,,
,,,,,,,,,,,,,,,
,,,,,,,,,,,,,,,
,,,,,,,,,,,,,,,
,,,,,,,,,,,,,,,
,,,,,,,,,,,,,,,
,,,,,,,,,,,,,,,
,,,,,,,,,,,,,,,
,,,,,,,,,,,,,,,
,,,,,,,,,,,,,,,
,,,,,,,,,,,,,,,
,,,,,,,,,,,,,,,
,,,,,,,,,,,,,,,
,,,,,,,,,,,,,,,
,,,,,,,,,,,,,,,
,,,,,,,,,,,,,,,
,,,,,,,,,,,,,,,
,,,,,,,,,,,,,,,
,,,,,,,,,,,,,,,
,,,,,,,,,,,,,,,
,,,,,,,,,,,,,,,
,,,,,,,,,,,,,,,
,,,,,,,,,,,,,,,
,,,,,,,,,,,,,,,
,,,,,,,,,,,,,,,
,,,,,,,,,,,,,,,
,,,,,,,,,,,,,,,
,,,,,,,,,,,,,,,
,,,,,,,,,,,,,,,
,,,,,,,,,,,,,,,
,,,,,,,,,,,,,,,
,,,,,,,,,,,,,,,
,,,,,,,,,,,,,,,
,,,,,,,,,,,,,,,
,,,,,,,,,,,,,,,
,,,,,,,,,,,,,,,
,,,,,,,,,,,,,,,
,,,,,,,,,,,,,,,
,,,,,,,,,,,,,,,
,,,,,,,,,,,,,,,
,,,,,,,,,,,,,,,
,,,,,,,,,,,,,,,
,,,,,,,,,,,,,,,
,,,,,,,,,,,,,,,
,,,,,,,,,,,,,,,
,,,,,,,,,,,,,,,
,,,,,,,,,,,,,,,
,,,,,,,,,,,,,,,
,,,,,,,,,,,,,,,
,,,,,,,,,,,,,,,
,,,,,,,,,,,,,,,
,,,,,,,,,,,,,,,
,,,,,,,,,,,,,,,
,,,,,,,,,,,,,,,
,,,,,,,,,,,,,,,
,,,,,,,,,,,,,,,
,,,,,,,,,,,,,,,
,,,,,,,,,,,,,,,
,,,,,,,,,,,,,,,
,,,,,,,,,,,,,,,
,,,,,,,,,,,,,,,
,,,,,,,,,,,,,,,
,,,,,,,,,,,,,,,
,,,,,,,,,,,,,,,
,,,,,,,,,,,,,,,
,,,,,,,,,,,,,,,
,,,,,,,,,,,,,,,
,,,,,,,,,,,,,,,
,,,,,,,,,,,,,,,
,,,,,,,,,,,,,,,
,,,,,,,,,,,,,,,
,,,,,,,,,,,,,,,
,,,,,,,,,,,,,,,
,,,,,,,,,,,,,,,
,,,,,,,,,,,,,,,
,,,,,,,,,,,,,,,
,,,,,,,,,,,,,,,
,,,,,,,,,,,,,,,
,,,,,,,,,,,,,,,
,,,,,,,,,,,,,,,
,,,,,,,,,,,,,,,
,,,,,,,,,,,,,,,
,,,,,,,,,,,,,,,
,,,,,,,,,,,,,,,
,,,,,,,,,,,,,,,
,,,,,,,,,,,,,,,
,,,,,,,,,,,,,,,
,,,,,,,,,,,,,,,
,,,,,,,,,,,,,,,
,,,,,,,,,,,,,,,
,,,,,,,,,,,,,,,
,,,,,,,,,,,,,,,
,,,,,,,,,,,,,,,
,,,,,,,,,,,,,,,
,,,,,,,,,,,,,,,
,,,,,,,,,,,,,,,
,,,,,,,,,,,,,,,
,,,,,,,,,,,,,,,
,,,,,,,,,,,,,,,
,,,,,,,,,,,,,,,
,,,,,,,,,,,,,,,
,,,,,,,,,,,,,,,
,,,,,,,,,,,,,,,
,,,,,,,,,,,,,,,
,,,,,,,,,,,,,,,
,,,,,,,,,,,,,,,
,,,,,,,,,,,,,,,
,,,,,,,,,,,,,,,
,,,,,,,,,,,,,,,
,,,,,,,,,,,,,,,
,,,,,,,,,,,,,,,
,,,,,,,,,,,,,,,
,,,,,,,,,,,,,,,
,,,,,,,,,,,,,,,
,,,,,,,,,,,,,,,
,,,,,,,,,,,,,,,
,,,,,,,,,,,,,,,
,,,,,,,,,,,,,,,
,,,,,,,,,,,,,,,
,,,,,,,,,,,,,,,
,,,,,,,,,,,,,,,
,,,,,,,,,,,,,,,
,,,,,,,,,,,,,,,
,,,,,,,,,,,,,,,
,,,,,,,,,,,,,,,
,,,,,,,,,,,,,,,
,,,,,,,,,,,,,,,
,,,,,,,,,,,,,,,
,,,,,,,,,,,,,,,
,,,,,,,,,,,,,,,
,,,,,,,,,,,,,,,
,,,,,,,,,,,,,,,
,,,,,,,,,,,,,,,
,,,,,,,,,,,,,,,
,,,,,,,,,,,,,,,
,,,,,,,,,,,,,,,
,,,,,,,,,,,,,,,
,,,,,,,,,,,,,,,
,,,,,,,,,,,,,,,
,,,,,,,,,,,,,,,
,,,,,,,,,,,,,,,
,,,,,,,,,,,,,,,
,,,,,,,,,,,,,,,
,,,,,,,,,,,,,,,
,,,,,,,,,,,,,,,
,,,,,,,,,,,,,,,
,,,,,,,,,,,,,,,
,,,,,,,,,,,,,,,
,,,,,,,,,,,,,,,
,,,,,,,,,,,,,,,
,,,,,,,,,,,,,,,
,,,,,,,,,,,,,,,
,,,,,,,,,,,,,,,
,,,,,,,,,,,,,,,
,,,,,,,,,,,,,,,
,,,,,,,,,,,,,,,
,,,,,,,,,,,,,,,
,,,,,,,,,,,,,,,
,,,,,,,,,,,,,,,
,,,,,,,,,,,,,,,
,,,,,,,,,,,,,,,
,,,,,,,,,,,,,,,
,,,,,,,,,,,,,,,
,,,,,,,,,,,,,,,
,,,,,,,,,,,,,,,
,,,,,,,,,,,,,,,
,,,,,,,,,,,,,,,
,,,,,,,,,,,,,,,
,,,,,,,,,,,,,,,
,,,,,,,,,,,,,,,
,,,,,,,,,,,,,,,
,,,,,,,,,,,,,,,
,,,,,,,,,,,,,,,
,,,,,,,,,,,,,,,
,,,,,,,,,,,,,,,
,,,,,,,,,,,,,,,
,,,,,,,,,,,,,,,
,,,,,,,,,,,,,,,
,,,,,,,,,,,,,,,
,,,,,,,,,,,,,,,
,,,,,,,,,,,,,,,
,,,,,,,,,,,,,,,
,,,,,,,,,,,,,,,
,,,,,,,,,,,,,,,
,,,,,,,,,,,,,,,
,,,,,,,,,,,,,,,
,,,,,,,,,,,,,,,
,,,,,,,,,,,,,,,
,,,,,,,,,,,,,,,
,,,,,,,,,,,,,,,
,,,,,,,,,,,,,,,
,,,,,,,,,,,,,,,
,,,,,,,,,,,,,,,
,,,,,,,,,,,,,,,
,,,,,,,,,,,,,,,
,,,,,,,,,,,,,,,
,,,,,,,,,,,,,,,
,,,,,,,,,,,,,,,
,,,,,,,,,,,,,,,
,,,,,,,,,,,,,,,
,,,,,,,,,,,,,,,
,,,,,,,,,,,,,,,
,,,,,,,,,,,,,,,
,,,,,,,,,,,,,,,
,,,,,,,,,,,,,,,
,,,,,,,,,,,,,,,
,,,,,,,,,,,,,,,
,,,,,,,,,,,,,,,
,,,,,,,,,,,,,,,
,,,,,,,,,,,,,,,
,,,,,,,,,,,,,,,
,,,,,,,,,,,,,,,
,,,,,,,,,,,,,,,
,,,,,,,,,,,,,,,
,,,,,,,,,,,,,,,
,,,,,,,,,,,,,,,
,,,,,,,,,,,,,,,
,,,,,,,,,,,,,,,
,,,,,,,,,,,,,,,
,,,,,,,,,,,,,,,
,,,,,,,,,,,,,,,
,,,,,,,,,,,,,,,
,,,,,,,,,,,,,,,
,,,,,,,,,,,,,,,
,,,,,,,,,,,,,,,
,,,,,,,,,,,,,,,
,,,,,,,,,,,,,,,
,,,,,,,,,,,,,,,
,,,,,,,,,,,,,,,
,,,,,,,,,,,,,,,
,,,,,,,,,,,,,,,
,,,,,,,,,,,,,,,
,,,,,,,,,,,,,,,
,,,,,,,,,,,,,,,
,,,,,,,,,,,,,,,
,,,,,,,,,,,,,,,
,,,,,,,,,,,,,,,
,,,,,,,,,,,,,,,
,,,,,,,,,,,,,,,
,,,,,,,,,,,,,,,
,,,,,,,,,,,,,,,
,,,,,,,,,,,,,,,
,,,,,,,,,,,,,,,
,,,,,,,,,,,,,,,
,,,,,,,,,,,,,,,
,,,,,,,,,,,,,,,
,,,,,,,,,,,,,,,
,,,,,,,,,,,,,,,
,,,,,,,,,,,,,,,
,,,,,,,,,,,,,,,
,,,,,,,,,,,,,,,
,,,,,,,,,,,,,,,
,,,,,,,,,,,,,,,
,,,,,,,,,,,,,,,
,,,,,,,,,,,,,,,
,,,,,,,,,,,,,,,
,,,,,,,,,,,,,,,
,,,,,,,,,,,,,,,
,,,,,,,,,,,,,,,
,,,,,,,,,,,,,,,
,,,,,,,,,,,,,,,
,,,,,,,,,,,,,,,
,,,,,,,,,,,,,,,
,,,,,,,,,,,,,,,
,,,,,,,,,,,,,,,
,,,,,,,,,,,,,,,
,,,,,,,,,,,,,,,
,,,,,,,,,,,,,,,
,,,,,,,,,,,,,,,
,,,,,,,,,,,,,,,
,,,,,,,,,,,,,,,
,,,,,,,,,,,,,,,
,,,,,,,,,,,,,,,
,,,,,,,,,,,,,,,
,,,,,,,,,,,,,,,
,,,,,,,,,,,,,,,
,,,,,,,,,,,,,,,
,,,,,,,,,,,,,,,
,,,,,,,,,,,,,,,
,,,,,,,,,,,,,,,
,,,,,,,,,,,,,,,
,,,,,,,,,,,,,,,
,,,,,,,,,,,,,,,
,,,,,,,,,,,,,,,
,,,,,,,,,,,,,,,
,,,,,,,,,,,,,,,
,,,,,,,,,,,,,,,
,,,,,,,,,,,,,,,
,,,,,,,,,,,,,,,
,,,,,,,,,,,,,,,
,,,,,,,,,,,,,,,
,,,,,,,,,,,,,,,
,,,,,,,,,,,,,,,
,,,,,,,,,,,,,,,
,,,,,,,,,,,,,,,
,,,,,,,,,,,,,,,
,,,,,,,,,,,,,,,
,,,,,,,,,,,,,,,
,,,,,,,,,,,,,,,
,,,,,,,,,,,,,,,
,,,,,,,,,,,,,,,
,,,,,,,,,,,,,,,
,,,,,,,,,,,,,,,
,,,,,,,,,,,,,,,
,,,,,,,,,,,,,,,
,,,,,,,,,,,,,,,
,,,,,,,,,,,,,,,
,,,,,,,,,,,,,,,
,,,,,,,,,,,,,,,
,,,,,,,,,,,,,,,
,,,,,,,,,,,,,,,
,,,,,,,,,,,,,,,
,,,,,,,,,,,,,,,
,,,,,,,,,,,,,,,
,,,,,,,,,,,,,,,
,,,,,,,,,,,,,,,
,,,,,,,,,,,,,,,
,,,,,,,,,,,,,,,
,,,,,,,,,,,,,,,
,,,,,,,,,,,,,,,
,,,,,,,,,,,,,,,
,,,,,,,,,,,,,,,
,,,,,,,,,,,,,,,
,,,,,,,,,,,,,,,
,,,,,,,,,,,,,,,
,,,,,,,,,,,,,,,
,,,,,,,,,,,,,,,
,,,,,,,,,,,,,,,
,,,,,,,,,,,,,,,
,,,,,,,,,,,,,,,
,,,,,,,,,,,,,,,
,,,,,,,,,,,,,,,
,,,,,,,,,,,,,,,
,,,,,,,,,,,,,,,
,,,,,,,,,,,,,,,
,,,,,,,,,,,,,,,
,,,,,,,,,,,,,,,
,,,,,,,,,,,,,,,
,,,,,,,,,,,,,,,
,,,,,,,,,,,,,,,
,,,,,,,,,,,,,,,
,,,,,,,,,,,,,,,
,,,,,,,,,,,,,,,
,,,,,,,,,,,,,,,
,,,,,,,,,,,,,,,
,,,,,,,,,,,,,,,
,,,,,,,,,,,,,,,
,,,,,,,,,,,,,,,
,,,,,,,,,,,,,,,
,,,,,,,,,,,,,,,
,,,,,,,,,,,,,,,
,,,,,,,,,,,,,,,
,,,,,,,,,,,,,,,
,,,,,,,,,,,,,,,
,,,,,,,,,,,,,,,
,,,,,,,,,,,,,,,
,,,,,,,,,,,,,,,
,,,,,,,,,,,,,,,
,,,,,,,,,,,,,,,
,,,,,,,,,,,,,,,
,,,,,,,,,,,,,,,
,,,,,,,,,,,,,,,
,,,,,,,,,,,,,,,
,,,,,,,,,,,,,,,
,,,,,,,,,,,,,,,
,,,,,,,,,,,,,,,
,,,,,,,,,,,,,,,
,,,,,,,,,,,,,,,
,,,,,,,,,,,,,,,
,,,,,,,,,,,,,,,
,,,,,,,,,,,,,,,
,,,,,,,,,,,,,,,
,,,,,,,,,,,,,,,
,,,,,,,,,,,,,,,
,,,,,,,,,,,,,,,
,,,,,,,,,,,,,,,
,,,,,,,,,,,,,,,
,,,,,,,,,,,,,,,
,,,,,,,,,,,,,,,
,,,,,,,,,,,,,,,
,,,,,,,,,,,,,,,
,,,,,,,,,,,,,,,
,,,,,,,,,,,,,,,
,,,,,,,,,,,,,,,
,,,,,,,,,,,,,,,
,,,,,,,,,,,,,,,
,,,,,,,,,,,,,,,
,,,,,,,,,,,,,,,
,,,,,,,,,,,,,,,
,,,,,,,,,,,,,,,
,,,,,,,,,,,,,,,
,,,,,,,,,,,,,,,
,,,,,,,,,,,,,,,
,,,,,,,,,,,,,,,
,,,,,,,,,,,,,,,
,,,,,,,,,,,,,,,
,,,,,,,,,,,,,,,
,,,,,,,,,,,,,,,
,,,,,,,,,,,,,,,
,,,,,,,,,,,,,,,
,,,,,,,,,,,,,,,
,,,,,,,,,,,,,,,
,,,,,,,,,,,,,,,
,,,,,,,,,,,,,,,
,,,,,,,,,,,,,,,
,,,,,,,,,,,,,,,
,,,,,,,,,,,,,,,
,,,,,,,,,,,,,,,
,,,,,,,,,,,,,,,
,,,,,,,,,,,,,,,
,,,,,,,,,,,,,,,
,,,,,,,,,,,,,,,
,,,,,,,,,,,,,,,
,,,,,,,,,,,,,,,
,,,,,,,,,,,,,,,
,,,,,,,,,,,,,,,
,,,,,,,,,,,,,,,
,,,,,,,,,,,,,,,
,,,,,,,,,,,,,,,
,,,,,,,,,,,,,,,
,,,,,,,,,,,,,,,
,,,,,,,,,,,,,,,
,,,,,,,,,,,,,,,
,,,,,,,,,,,,,,,
,,,,,,,,,,,,,,,
,,,,,,,,,,,,,,,
,,,,,,,,,,,,,,,
,,,,,,,,,,,,,,,
,,,,,,,,,,,,,,,
,,,,,,,,,,,,,,,
,,,,,,,,,,,,,,,
,,,,,,,,,,,,,,,
,,,,,,,,,,,,,,,
,,,,,,,,,,,,,,,
,,,,,,,,,,,,,,,
,,,,,,,,,,,,,,,
,,,,,,,,,,,,,,,
,,,,,,,,,,,,,,,
,,,,,,,,,,,,,,,
,,,,,,,,,,,,,,,
,,,,,,,,,,,,,,,
,,,,,,,,,,,,,,,
,,,,,,,,,,,,,,,
,,,,,,,,,,,,,,,
,,,,,,,,,,,,,,,
,,,,,,,,,,,,,,,
,,,,,,,,,,,,,,,
,,,,,,,,,,,,,,,
,,,,,,,,,,,,,,,
,,,,,,,,,,,,,,,
,,,,,,,,,,,,,,,
,,,,,,,,,,,,,,,
,,,,,,,,,,,,,,,
,,,,,,,,,,,,,,,
,,,,,,,,,,,,,,,
,,,,,,,,,,,,,,,
,,,,,,,,,,,,,,,
,,,,,,,,,,,,,,,
,,,,,,,,,,,,,,,
,,,,,,,,,,,,,,,
,,,,,,,,,,,,,,,
,,,,,,,,,,,,,,,
,,,,,,,,,,,,,,,
,,,,,,,,,,,,,,,
,,,,,,,,,,,,,,,
,,,,,,,,,,,,,,,
,,,,,,,,,,,,,,,
,,,,,,,,,,,,,,,
,,,,,,,,,,,,,,,
,,,,,,,,,,,,,,,
,,,,,,,,,,,,,,,
,,,,,,,,,,,,,,,
,,,,,,,,,,,,,,,
,,,,,,,,,,,,,,,
,,,,,,,,,,,,,,,
,,,,,,,,,,,,,,,
,,,,,,,,,,,,,,,
,,,,,,,,,,,,,,,
,,,,,,,,,,,,,,,
,,,,,,,,,,,,,,,
,,,,,,,,,,,,,,,
,,,,,,,,,,,,,,,
,,,,,,,,,,,,,,,
,,,,,,,,,,,,,,,
,,,,,,,,,,,,,,,
,,,,,,,,,,,,,,,
,,,,,,,,,,,,,,,
,,,,,,,,,,,,,,,
,,,,,,,,,,,,,,,
,,,,,,,,,,,,,,,
,,,,,,,,,,,,,,,
,,,,,,,,,,,,,,,
,,,,,,,,,,,,,,,
,,,,,,,,,,,,,,,
,,,,,,,,,,,,,,,
,,,,,,,,,,,,,,,
,,,,,,,,,,,,,,,
,,,,,,,,,,,,,,,
,,,,,,,,,,,,,,,
,,,,,,,,,,,,,,,
,,,,,,,,,,,,,,,
,,,,,,,,,,,,,,,
,,,,,,,,,,,,,,,
,,,,,,,,,,,,,,,
,,,,,,,,,,,,,,,
,,,,,,,,,,,,,,,
,,,,,,,,,,,,,,,
,,,,,,,,,,,,,,,
,,,,,,,,,,,,,,,
,,,,,,,,,,,,,,,
,,,,,,,,,,,,,,,
,,,,,,,,,,,,,,,
,,,,,,,,,,,,,,,
,,,,,,,,,,,,,,,
,,,,,,,,,,,,,,,
,,,,,,,,,,,,,,,
,,,,,,,,,,,,,,,
,,,,,,,,,,,,,,,
,,,,,,,,,,,,,,,
,,,,,,,,,,,,,,,
,,,,,,,,,,,,,,,
,,,,,,,,,,,,,,,
,,,,,,,,,,,,,,,
,,,,,,,,,,,,,,,
,,,,,,,,,,,,,,,
,,,,,,,,,,,,,,,
,,,,,,,,,,,,,,,
,,,,,,,,,,,,,,,
,,,,,,,,,,,,,,,
,,,,,,,,,,,,,,,
,,,,,,,,,,,,,,,
,,,,,,,,,,,,,,,
,,,,,,,,,,,,,,,
,,,,,,,,,,,,,,,
,,,,,,,,,,,,,,,
,,,,,,,,,,,,,,,
,,,,,,,,,,,,,,,
,,,,,,,,,,,,,,,
,,,,,,,,,,,,,,,
,,,,,,,,,,,,,,,
,,,,,,,,,,,,,,,
,,,,,,,,,,,,,,,
,,,,,,,,,,,,,,,
,,,,,,,,,,,,,,,
,,,,,,,,,,,,,,,
,,,,,,,,,,,,,,,
,,,,,,,,,,,,,,,
,,,,,,,,,,,,,,,
,,,,,,,,,,,,,,,
,,,,,,,,,,,,,,,
,,,,,,,,,,,,,,,
,,,,,,,,,,,,,,,
,,,,,,,,,,,,,,,
,,,,,,,,,,,,,,,
,,,,,,,,,,,,,,,
,,,,,,,,,,,,,,,
,,,,,,,,,,,,,,,
,,,,,,,,,,,,,,,
,,,,,,,,,,,,,,,
,,,,,,,,,,,,,,,
,,,,,,,,,,,,,,,
,,,,,,,,,,,,,,,
,,,,,,,,,,,,,,,
,,,,,,,,,,,,,,,
,,,,,,,,,,,,,,,
,,,,,,,,,,,,,,,
,,,,,,,,,,,,,,,
,,,,,,,,,,,,,,,
,,,,,,,,,,,,,,,
,,,,,,,,,,,,,,,
,,,,,,,,,,,,,,,
,,,,,,,,,,,,,,,
,,,,,,,,,,,,,,,
,,,,,,,,,,,,,,,
,,,,,,,,,,,,,,,
,,,,,,,,,,,,,,,
,,,,,,,,,,,,,,,
,,,,,,,,,,,,,,,
,,,,,,,,,,,,,,,
,,,,,,,,,,,,,,,
,,,,,,,,,,,,,,,
,,,,,,,,,,,,,,,
,,,,,,,,,,,,,,,
,,,,,,,,,,,,,,,
,,,,,,,,,,,,,,,
,,,,,,,,,,,,,,,
,,,,,,,,,,,,,,,
,,,,,,,,,,,,,,,
,,,,,,,,,,,,,,,
,,,,,,,,,,,,,,,
,,,,,,,,,,,,,,,
,,,,,,,,,,,,,,,
,,,,,,,,,,,,,,,
,,,,,,,,,,,,,,,
,,,,,,,,,,,,,,,
,,,,,,,,,,,,,,,
,,,,,,,,,,,,,,,
,,,,,,,,,,,,,,,
,,,,,,,,,,,,,,,
,,,,,,,,,,,,,,,
,,,,,,,,,,,,,,,
,,,,,,,,,,,,,,,
,,,,,,,,,,,,,,,
,,,,,,,,,,,,,,,
,,,,,,,,,,,,,,,
,,,,,,,,,,,,,,,
,,,,,,,,,,,,,,,
,,,,,,,,,,,,,,,
,,,,,,,,,,,,,,,
,,,,,,,,,,,,,,,
,,,,,,,,,,,,,,,
,,,,,,,,,,,,,,,
,,,,,,,,,,,,,,,
,,,,,,,,,,,,,,,
,,,,,,,,,,,,,,,
,,,,,,,,,,,,,,,
,,,,,,,,,,,,,,,
,,,,,,,,,,,,,,,
,,,,,,,,,,,,,,,
,,,,,,,,,,,,,,,
,,,,,,,,,,,,,,,
,,,,,,,,,,,,,,,
,,,,,,,,,,,,,,,
,,,,,,,,,,,,,,,
,,,,,,,,,,,,,,,
,,,,,,,,,,,,,,,
,,,,,,,,,,,,,,,
,,,,,,,,,,,,,,,
,,,,,,,,,,,,,,,
,,,,,,,,,,,,,,,
,,,,,,,,,,,,,,,
,,,,,,,,,,,,,,,
,,,,,,,,,,,,,,,
,,,,,,,,,,,,,,,
,,,,,,,,,,,,,,,
,,,,,,,,,,,,,,,
,,,,,,,,,,,,,,,
,,,,,,,,,,,,,,,
,,,,,,,,,,,,,,,
,,,,,,,,,,,,,,,
,,,,,,,,,,,,,,,
,,,,,,,,,,,,,,,
,,,,,,,,,,,,,,,
,,,,,,,,,,,,,,,
,,,,,,,,,,,,,,,
,,,,,,,,,,,,,,,
,,,,,,,,,,,,,,,
,,,,,,,,,,,,,,,
,,,,,,,,,,,,,,,
,,,,,,,,,,,,,,,
,,,,,,,,,,,,,,,
,,,,,,,,,,,,,,,
,,,,,,,,,,,,,,,
,,,,,,,,,,,,,,,
,,,,,,,,,,,,,,,
,,,,,,,,,,,,,,,
,,,,,,,,,,,,,,,
,,,,,,,,,,,,,,,
,,,,,,,,,,,,,,,
,,,,,,,,,,,,,,,
,,,,,,,,,,,,,,,
,,,,,,,,,,,,,,,
,,,,,,,,,,,,,,,
,,,,,,,,,,,,,,,
,,,,,,,,,,,,,,,
,,,,,,,,,,,,,,,
,,,,,,,,,,,,,,,
,,,,,,,,,,,,,,,
,,,,,,,,,,,,,,,
,,,,,,,,,,,,,,,
,,,,,,,,,,,,,,,
,,,,,,,,,,,,,,,
,,,,,,,,,,,,,,,
,,,,,,,,,,,,,,,
,,,,,,,,,,,,,,,
,,,,,,,,,,,,,,,
,,,,,,,,,,,,,,,
,,,,,,,,,,,,,,,
,,,,,,,,,,,,,,,
,,,,,,,,,,,,,,,
,,,,,,,,,,,,,,,
,,,,,,,,,,,,,,,
,,,,,,,,,,,,,,,
,,,,,,,,,,,,,,,
,,,,,,,,,,,,,,,
,,,,,,,,,,,,,,,
,,,,,,,,,,,,,,,
,,,,,,,,,,,,,,,
,,,,,,,,,,,,,,,
,,,,,,,,,,,,,,,
,,,,,,,,,,,,,,,
,,,,,,,,,,,,,,,
,,,,,,,,,,,,,,,
,,,,,,,,,,,,,,,
,,,,,,,,,,,,,,,
,,,,,,,,,,,,,,,
,,,,,,,,,,,,,,,
,,,,,,,,,,,,,,,
,,,,,,,,,,,,,,,
,,,,,,,,,,,,,,,
,,,,,,,,,,,,,,,
,,,,,,,,,,,,,,,
,,,,,,,,,,,,,,,
,,,,,,,,,,,,,,,
,,,,,,,,,,,,,,,
,,,,,,,,,,,,,,,
,,,,,,,,,,,,,,,
,,,,,,,,,,,,,,,
,,,,,,,,,,,,,,,
,,,,,,,,,,,,,,,
,,,,,,,,,,,,,,,
,,,,,,,,,,,,,,,
,,,,,,,,,,,,,,,
,,,,,,,,,,,,,,,
,,,,,,,,,,,,,,,
,,,,,,,,,,,,,,,
,,,,,,,,,,,,,,,
,,,,,,,,,,,,,,,
,,,,,,,,,,,,,,,
,,,,,,,,,,,,,,,
,,,,,,,,,,,,,,,
,,,,,,,,,,,,,,,
,,,,,,,,,,,,,,,
,,,,,,,,,,,,,,,
,,,,,,,,,,,,,,,
,,,,,,,,,,,,,,,
,,,,,,,,,,,,,,,
,,,,,,,,,,,,,,,
,,,,,,,,,,,,,,,
,,,,,,,,,,,,,,,
,,,,,,,,,,,,,,,
,,,,,,,,,,,,,,,
,,,,,,,,,,,,,,,
,,,,,,,,,,,,,,,
,,,,,,,,,,,,,,,
,,,,,,,,,,,,,,,
,,,,,,,,,,,,,,,
,,,,,,,,,,,,,,,
,,,,,,,,,,,,,,,
,,,,,,,,,,,,,,,
,,,,,,,,,,,,,,,
,,,,,,,,,,,,,,,
,,,,,,,,,,,,,,,
,,,,,,,,,,,,,,,
,,,,,,,,,,,,,,,
,,,,,,,,,,,,,,,
,,,,,,,,,,,,,,,
,,,,,,,,,,,,,,,
,,,,,,,,,,,,,,,
,,,,,,,,,,,,,,,
,,,,,,,,,,,,,,,
,,,,,,,,,,,,,,,
,,,,,,,,,,,,,,,
,,,,,,,,,,,,,,,
,,,,,,,,,,,,,,,
,,,,,,,,,,,,,,,
,,,,,,,,,,,,,,,
,,,,,,,,,,,,,,,
,,,,,,,,,,,,,,,
,,,,,,,,,,,,,,,
,,,,,,,,,,,,,,,
,,,,,,,,,,,,,,,
,,,,,,,,,,,,,,,
,,,,,,,,,,,,,,,
,,,,,,,,,,,,,,,
,,,,,,,,,,,,,,,
,,,,,,,,,,,,,,,
,,,,,,,,,,,,,,,
,,,,,,,,,,,,,,,
,,,,,,,,,,,,,,,
,,,,,,,,,,,,,,,
,,,,,,,,,,,,,,,
,,,,,,,,,,,,,,,
,,,,,,,,,,,,,,,
,,,,,,,,,,,,,,,
,,,,,,,,,,,,,,,
,,,,,,,,,,,,,,,
,,,,,,,,,,,,,,,
,,,,,,,,,,,,,,,
,,,,,,,,,,,,,,,
,,,,,,,,,,,,,,,
,,,,,,,,,,,,,,,
,,,,,,,,,,,,,,,
,,,,,,,,,,,,,,,
,,,,,,,,,,,,,,,
,,,,,,,,,,,,,,,
,,,,,,,,,,,,,,,
,,,,,,,,,,,,,,,
,,,,,,,,,,,,,,,
,,,,,,,,,,,,,,,
,,,,,,,,,,,,,,,
,,,,,,,,,,,,,,,
,,,,,,,,,,,,,,,
,,,,,,,,,,,,,,,
,,,,,,,,,,,,,,,
,,,,,,,,,,,,,,,
,,,,,,,,,,,,,,,
,,,,,,,,,,,,,,,
,,,,,,,,,,,,,,,
,,,,,,,,,,,,,,,
,,,,,,,,,,,,,,,
,,,,,,,,,,,,,,,
,,,,,,,,,,,,,,,
,,,,,,,,,,,,,,,
,,,,,,,,,,,,,,,
,,,,,,,,,,,,,,,
,,,,,,,,,,,,,,,
,,,,,,,,,,,,,,,
,,,,,,,,,,,,,,,
,,,,,,,,,,,,,,,
,,,,,,,,,,,,,,,
,,,,,,,,,,,,,,,
,,,,,,,,,,,,,,,
,,,,,,,,,,,,,,,
,,,,,,,,,,,,,,,
,,,,,,,,,,,,,,,
,,,,,,,,,,,,,,,
,,,,,,,,,,,,,,,
,,,,,,,,,,,,,,,
,,,,,,,,,,,,,,,
,,,,,,,,,,,,,,,
,,,,,,,,,,,,,,,
,,,,,,,,,,,,,,,
,,,,,,,,,,,,,,,
,,,,,,,,,,,,,,,
,,,,,,,,,,,,,,,
,,,,,,,,,,,,,,,
,,,,,,,,,,,,,,,
,,,,,,,,,,,,,,,
,,,,,,,,,,,,,,,
,,,,,,,,,,,,,,,
,,,,,,,,,,,,,,,
,,,,,,,,,,,,,,,
,,,,,,,,,,,,,,,
,,,,,,,,,,,,,,,
,,,,,,,,,,,,,,,
,,,,,,,,,,,,,,,
,,,,,,,,,,,,,,,
,,,,,,,,,,,,,,,
,,,,,,,,,,,,,,,
,,,,,,,,,,,,,,,
,,,,,,,,,,,,,,,
,,,,,,,,,,,,,,,
,,,,,,,,,,,,,,,
,,,,,,,,,,,,,,,
,,,,,,,,,,,,,,,
,,,,,,,,,,,,,,,
,,,,,,,,,,,,,,,
,,,,,,,,,,,,,,,
,,,,,,,,,,,,,,,
,,,,,,,,,,,,,,,
,,,,,,,,,,,,,,,
,,,,,,,,,,,,,,,
,,,,,,,,,,,,,,,
,,,,,,,,,,,,,,,
,,,,,,,,,,,,,,,
,,,,,,,,,,,,,,,
,,,,,,,,,,,,,,,
,,,,,,,,,,,,,,,
,,,,,,,,,,,,,,,
,,,,,,,,,,,,,,,
,,,,,,,,,,,,,,,
,,,,,,,,,,,,,,,
,,,,,,,,,,,,,,,
,,,,,,,,,,,,,,,
,,,,,,,,,,,,,,,
,,,,,,,,,,,,,,,
,,,,,,,,,,,,,,,
,,,,,,,,,,,,,,,
,,,,,,,,,,,,,,,
,,,,,,,,,,,,,,,
,,,,,,,,,,,,,,,
,,,,,,,,,,,,,,,
,,,,,,,,,,,,,,,
,,,,,,,,,,,,,,,
,,,,,,,,,,,,,,,
,,,,,,,,,,,,,,,
,,,,,,,,,,,,,,,
,,,,,,,,,,,,,,,
,,,,,,,,,,,,,,,
,,,,,,,,,,,,,,,
,,,,,,,,,,,,,,,
,,,,,,,,,,,,,,,
,,,,,,,,,,,,,,,
,,,,,,,,,,,,,,,
,,,,,,,,,,,,,,,
,,,,,,,,,,,,,,,
,,,,,,,,,,,,,,,
,,,,,,,,,,,,,,,
,,,,,,,,,,,,,,,
,,,,,,,,,,,,,,,
,,,,,,,,,,,,,,,
,,,,,,,,,,,,,,,
,,,,,,,,,,,,,,,
,,,,,,,,,,,,,,,
,,,,,,,,,,,,,,,
,,,,,,,,,,,,,,,
,,,,,,,,,,,,,,,
,,,,,,,,,,,,,,,
,,,,,,,,,,,,,,,
,,,,,,,,,,,,,,,
,,,,,,,,,,,,,,,
,,,,,,,,,,,,,,,
,,,,,,,,,,,,,,,
,,,,,,,,,,,,,,,
,,,,,,,,,,,,,,,
,,,,,,,,,,,,,,,
,,,,,,,,,,,,,,,
,,,,,,,,,,,,,,,
,,,,,,,,,,,,,,,
,,,,,,,,,,,,,,,
,,,,,,,,,,,,,,,
,,,,,,,,,,,,,,,
,,,,,,,,,,,,,,,
,,,,,,,,,,,,,,,
,,,,,,,,,,,,,,,
,,,,,,,,,,,,,,,
,,,,,,,,,,,,,,,
,,,,,,,,,,,,,,,
,,,,,,,,,,,,,,,
,,,,,,,,,,,,,,,
,,,,,,,,,,,,,,,
,,,,,,,,,,,,,,,
,,,,,,,,,,,,,,,
,,,,,,,,,,,,,,,
,,,,,,,,,,,,,,,
,,,,,,,,,,,,,,,
,,,,,,,,,,,,,,,
,,,,,,,,,,,,,,,
,,,,,,,,,,,,,,,
,,,,,,,,,,,,,,,
,,,,,,,,,,,,,,,
,,,,,,,,,,,,,,,
,,,,,,,,,,,,,,,
,,,,,,,,,,,,,,,
,,,,,,,,,,,,,,,
,,,,,,,,,,,,,,,
,,,,,,,,,,,,,,,
,,,,,,,,,,,,,,,
,,,,,,,,,,,,,,,
,,,,,,,,,,,,,,,
,,,,,,,,,,,,,,,
,,,,,,,,,,,,,,,
,,,,,,,,,,,,,,,
,,,,,,,,,,,,,,,
,,,,,,,,,,,,,,,
,,,,,,,,,,,,,,,
,,,,,,,,,,,,,,,
,,,,,,,,,,,,,,,
,,,,,,,,,,,,,,,
,,,,,,,,,,,,,,,
,,,,,,,,,,,,,,,
,,,,,,,,,,,,,,,
,,,,,,,,,,,,,,,
,,,,,,,,,,,,,,,
,,,,,,,,,,,,,,,
,,,,,,,,,,,,,,,
,,,,,,,,,,,,,,,
,,,,,,,,,,,,,,,
,,,,,,,,,,,,,,,
,,,,,,,,,,,,,,,
,,,,,,,,,,,,,,,
,,,,,,,,,,,,,,,
,,,,,,,,,,,,,,,
,,,,,,,,,,,,,,,
,,,,,,,,,,,,,,,
,,,,,,,,,,,,,,,
,,,,,,,,,,,,,,,
,,,,,,,,,,,,,,,
,,,,,,,,,,,,,,,
,,,,,,,,,,,,,,,
,,,,,,,,,,,,,,,
,,,,,,,,,,,,,,,
,,,,,,,,,,,,,,,
,,,,,,,,,,,,,,,
,,,,,,,,,,,,,,,
,,,,,,,,,,,,,,,
,,,,,,,,,,,,,,,
,,,,,,,,,,,,,,,
,,,,,,,,,,,,,,,
,,,,,,,,,,,,,,,
,,,,,,,,,,,,,,,
,,,,,,,,,,,,,,,
,,,,,,,,,,,,,,,
,,,,,,,,,,,,,,,
,,,,,,,,,,,,,,,
,,,,,,,,,,,,,,,
,,,,,,,,,,,,,,,
,,,,,,,,,,,,,,,
,,,,,,,,,,,,,,,
,,,,,,,,,,,,,,,
,,,,,,,,,,,,,,,
,,,,,,,,,,,,,,,
,,,,,,,,,,,,,,,
,,,,,,,,,,,,,,,
,,,,,,,,,,,,,,,
,,,,,,,,,,,,,,,
,,,,,,,,,,,,,,,
,,,,,,,,,,,,,,,
,,,,,,,,,,,,,,,
,,,,,,,,,,,,,,,
,,,,,,,,,,,,,,,
,,,,,,,,,,,,,,,
,,,,,,,,,,,,,,,
,,,,,,,,,,,,,,,
,,,,,,,,,,,,,,,
,,,,,,,,,,,,,,,
,,,,,,,,,,,,,,,
,,,,,,,,,,,,,,,
,,,,,,,,,,,,,,,
,,,,,,,,,,,,,,,
,,,,,,,,,,,,,,,
,,,,,,,,,,,,,,,
,,,,,,,,,,,,,,,
,,,,,,,,,,,,,,,
,,,,,,,,,,,,,,,
,,,,,,,,,,,,,,,
,,,,,,,,,,,,,,,
,,,,,,,,,,,,,,,
,,,,,,,,,,,,,,,
,,,,,,,,,,,,,,,
,,,,,,,,,,,,,,,
,,,,,,,,,,,,,,,
,,,,,,,,,,,,,,,
,,,,,,,,,,,,,,,
,,,,,,,,,,,,,,,
,,,,,,,,,,,,,,,
,,,,,,,,,,,,,,,
,,,,,,,,,,,,,,,
,,,,,,,,,,,,,,,
,,,,,,,,,,,,,,,
,,,,,,,,,,,,,,,
,,,,,,,,,,,,,,,
,,,,,,,,,,,,,,,
,,,,,,,,,,,,,,,
,,,,,,,,,,,,,,,
,,,,,,,,,,,,,,,
,,,,,,,,,,,,,,,
,,,,,,,,,,,,,,,
,,,,,,,,,,,,,,,
,,,,,,,,,,,,,,,
,,,,,,,,,,,,,,,
,,,,,,,,,,,,,,,
,,,,,,,,,,,,,,,
,,,,,,,,,,,,,,,
,,,,,,,,,,,,,,,
,,,,,,,,,,,,,,,
,,,,,,,,,,,,,,,
,,,,,,,,,,,,,,,
,,,,,,,,,,,,,,,
,,,,,,,,,,,,,,,
,,,,,,,,,,,,,,,
,,,,,,,,,,,,,,,
,,,,,,,,,,,,,,,
,,,,,,,,,,,,,,,
,,,,,,,,,,,,,,,
,,,,,,,,,,,,,,,
,,,,,,,,,,,,,,,
,,,,,,,,,,,,,,,
,,,,,,,,,,,,,,,
,,,,,,,,,,,,,,,
,,,,,,,,,,,,,,,
,,,,,,,,,,,,,,,
,,,,,,,,,,,,,,,
,,,,,,,,,,,,,,,
,,,,,,,,,,,,,,,
,,,,,,,,,,,,,,,
,,,,,,,,,,,,,,,
,,,,,,,,,,,,,,,
,,,,,,,,,,,,,,,
,,,,,,,,,,,,,,,
,,,,,,,,,,,,,,,
,,,,,,,,,,,,,,,
,,,,,,,,,,,,,,,
,,,,,,,,,,,,,,,
,,,,,,,,,,,,,,,
,,,,,,,,,,,,,,,
,,,,,,,,,,,,,,,
,,,,,,,,,,,,,,,
,,,,,,,,,,,,,,,
,,,,,,,,,,,,,,,
,,,,,,,,,,,,,,,
,,,,,,,,,,,,,,,
,,,,,,,,,,,,,,,
,,,,,,,,,,,,,,,
,,,,,,,,,,,,,,,
,,,,,,,,,,,,,,,
,,,,,,,,,,,,,,,
,,,,,,,,,,,,,,,
,,,,,,,,,,,,,,,
,,,,,,,,,,,,,,,
,,,,,,,,,,,,,,,
,,,,,,,,,,,,,,,
,,,,,,,,,,,,,,,
,,,,,,,,,,,,,,,
,,,,,,,,,,,,,,,
,,,,,,,,,,,,,,,
,,,,,,,,,,,,,,,
,,,,,,,,,,,,,,,
,,,,,,,,,,,,,,,
,,,,,,,,,,,,,,,
,,,,,,,,,,,,,,,
,,,,,,,,,,,,,,,
,,,,,,,,,,,,,,,
,,,,,,,,,,,,,,,
,,,,,,,,,,,,,,,
,,,,,,,,,,,,,,,
,,,,,,,,,,,,,,,
,,,,,,,,,,,,,,,
,,,,,,,,,,,,,,,
,,,,,,,,,,,,,,,
,,,,,,,,,,,,,,,
,,,,,,,,,,,,,,,
,,,,,,,,,,,,,,,
,,,,,,,,,,,,,,,
,,,,,,,,,,,,,,,
,,,,,,,,,,,,,,,
,,,,,,,,,,,,,,,
,,,,,,,,,,,,,,,
,,,,,,,,,,,,,,,
,,,,,,,,,,,,,,,
,,,,,,,,,,,,,,,
,,,,,,,,,,,,,,,
,,,,,,,,,,,,,,,
,,,,,,,,,,,,,,,
,,,,,,,,,,,,,,,
,,,,,,,,,,,,,,,
,,,,,,,,,,,,,,,
,,,,,,,,,,,,,,,
,,,,,,,,,,,,,,,
,,,,,,,,,,,,,,,
,,,,,,,,,,,,,,,
,,,,,,,,,,,,,,,
,,,,,,,,,,,,,,,
,,,,,,,,,,,,,,,
,,,,,,,,,,,,,,,
,,,,,,,,,,,,,,,
,,,,,,,,,,,,,,,
,,,,,,,,,,,,,,,
,,,,,,,,,,,,,,,
,,,,,,,,,,,,,,,
,,,,,,,,,,,,,,,
,,,,,,,,,,,,,,,
,,,,,,,,,,,,,,,
,,,,,,,,,,,,,,,
,,,,,,,,,,,,,,,
,,,,,,,,,,,,,,,
,,,,,,,,,,,,,,,
,,,,,,,,,,,,,,,
,,,,,,,,,,,,,,,
,,,,,,,,,,,,,,,
,,,,,,,,,,,,,,,
,,,,,,,,,,,,,,,
,,,,,,,,,,,,,,,
,,,,,,,,,,,,,,,
,,,,,,,,,,,,,,,
,,,,,,,,,,,,,,,
,,,,,,,,,,,,,,,
,,,,,,,,,,,,,,,
,,,,,,,,,,,,,,,
,,,,,,,,,,,,,,,
,,,,,,,,,,,,,,,
,,,,,,,,,,,,,,,
,,,,,,,,,,,,,,,
,,,,,,,,,,,,,,,
,,,,,,,,,,,,,,,
,,,,,,,,,,,,,,,
,,,,,,,,,,,,,,,
,,,,,,,,,,,,,,,
,,,,,,,,,,,,,,,
,,,,,,,,,,,,,,,
,,,,,,,,,,,,,,,
,,,,,,,,,,,,,,,
,,,,,,,,,,,,,,,
,,,,,,,,,,,,,,,
,,,,,,,,,,,,,,,
,,,,,,,,,,,,,,,
,,,,,,,,,,,,,,,
,,,,,,,,,,,,,,,
,,,,,,,,,,,,,,,
,,,,,,,,,,,,,,,
,,,,,,,,,,,,,,,
,,,,,,,,,,,,,,,
,,,,,,,,,,,,,,,
,,,,,,,,,,,,,,,
,,,,,,,,,,,,,,,
,,,,,,,,,,,,,,,
,,,,,,,,,,,,,,,
,,,,,,,,,,,,,,,
,,,,,,,,,,,,,,,
,,,,,,,,,,,,,,,
,,,,,,,,,,,,,,,
,,,,,,,,,,,,,,,
,,,,,,,,,,,,,,,
,,,,,,,,,,,,,,,
,,,,,,,,,,,,,,,
,,,,,,,,,,,,,,,
,,,,,,,,,,,,,,,
,,,,,,,,,,,,,,,
,,,,,,,,,,,,,,,
,,,,,,,,,,,,,,,
,,,,,,,,,,,,,,,
,,,,,,,,,,,,,,,
,,,,,,,,,,,,,,,
,,,,,,,,,,,,,,,
,,,,,,,,,,,,,,,
,,,,,,,,,,,,,,,
,,,,,,,,,,,,,,,
,,,,,,,,,,,,,,,
,,,,,,,,,,,,,,,
,,,,,,,,,,,,,,,
,,,,,,,,,,,,,,,
,,,,,,,,,,,,,,,
,,,,,,,,,,,,,,,
,,,,,,,,,,,,,,,
,,,,,,,,,,,,,,,
,,,,,,,,,,,,,,,
,,,,,,,,,,,,,,,
,,,,,,,,,,,,,,,
,,,,,,,,,,,,,,,
,,,,,,,,,,,,,,,
,,,,,,,,,,,,,,,
,,,,,,,,,,,,,,,
,,,,,,,,,,,,,,,
,,,,,,,,,,,,,,,
,,,,,,,,,,,,,,,
,,,,,,,,,,,,,,,
,,,,,,,,,,,,,,,
,,,,,,,,,,,,,,,
,,,,,,,,,,,,,,,
,,,,,,,,,,,,,,,
,,,,,,,,,,,,,,,
,,,,,,,,,,,,,,,
,,,,,,,,,,,,,,,
,,,,,,,,,,,,,,,
,,,,,,,,,,,,,,,
,,,,,,,,,,,,,,,
,,,,,,,,,,,,,,,
,,,,,,,,,,,,,,,
,,,,,,,,,,,,,,,
,,,,,,,,,,,,,,,
,,,,,,,,,,,,,,,
,,,,,,,,,,,,,,,
,,,,,,,,,,,,,,,
,,,,,,,,,,,,,,,
,,,,,,,,,,,,,,,
,,,,,,,,,,,,,,,
,,,,,,,,,,,,,,,
,,,,,,,,,,,,,,,
,,,,,,,,,,,,,,,
,,,,,,,,,,,,,,,
,,,,,,,,,,,,,,,
,,,,,,,,,,,,,,,
,,,,,,,,,,,,,,,
,,,,,,,,,,,,,,,
,,,,,,,,,,,,,,,
,,,,,,,,,,,,,,,
,,,,,,,,,,,,,,,
,,,,,,,,,,,,,,,
,,,,,,,,,,,,,,,
,,,,,,,,,,,,,,,
,,,,,,,,,,,,,,,
,,,,,,,,,,,,,,,
,,,,,,,,,,,,,,,
,,,,,,,,,,,,,,,
,,,,,,,,,,,,,,,
,,,,,,,,,,,,,,,
,,,,,,,,,,,,,,,
,,,,,,,,,,,,,,,
,,,,,,,,,,,,,,,
,,,,,,,,,,,,,,,
,,,,,,,,,,,,,,,
,,,,,,,,,,,,,,,
,,,,,,,,,,,,,,,
,,,,,,,,,,,,,,,
,,,,,,,,,,,,,,,
,,,,,,,,,,,,,,,
,,,,,,,,,,,,,,,
,,,,,,,,,,,,,,,
,,,,,,,,,,,,,,,
,,,,,,,,,,,,,,,
,,,,,,,,,,,,,,,
,,,,,,,,,,,,,,,
,,,,,,,,,,,,,,,
,,,,,,,,,,,,,,,
,,,,,,,,,,,,,,,
,,,,,,,,,,,,,,,
,,,,,,,,,,,,,,,
,,,,,,,,,,,,,,,
,,,,,,,,,,,,,,,
,,,,,,,,,,,,,,,
,,,,,,,,,,,,,,,
,,,,,,,,,,,,,,,
,,,,,,,,,,,,,,,
,,,,,,,,,,,,,,,
,,,,,,,,,,,,,,,
,,,,,,,,,,,,,,,
,,,,,,,,,,,,,,,
,,,,,,,,,,,,,,,
,,,,,,,,,,,,,,,
,,,,,,,,,,,,,,,
,,,,,,,,,,,,,,,
,,,,,,,,,,,,,,,
,,,,,,,,,,,,,,,
,,,,,,,,,,,,,,,
,,,,,,,,,,,,,,,
,,,,,,,,,,,,,,,
,,,,,,,,,,,,,,,
,,,,,,,,,,,,,,,
,,,,,,,,,,,,,,,
,,,,,,,,,,,,,,,
,,,,,,,,,,,,,,,
,,,,,,,,,,,,,,,
,,,,,,,,,,,,,,,
,,,,,,,,,,,,,,,
,,,,,,,,,,,,,,,
,,,,,,,,,,,,,,,
,,,,,,,,,,,,,,,
,,,,,,,,,,,,,,,
,,,,,,,,,,,,,,,
,,,,,,,,,,,,,,,
,,,,,,,,,,,,,,,
,,,,,,,,,,,,,,,
,,,,,,,,,,,,,,,
,,,,,,,,,,,,,,,
,,,,,,,,,,,,,,,
,,,,,,,,,,,,,,,
,,,,,,,,,,,,,,,
,,,,,,,,,,,,,,,
,,,,,,,,,,,,,,,
,,,,,,,,,,,,,,,
,,,,,,,,,,,,,,,
,,,,,,,,,,,,,,,
,,,,,,,,,,,,,,,
,,,,,,,,,,,,,,,
,,,,,,,,,,,,,,,
,,,,,,,,,,,,,,,
,,,,,,,,,,,,,,,
,,,,,,,,,,,,,,,
,,,,,,,,,,,,,,,
,,,,,,,,,,,,,,,
,,,,,,,,,,,,,,,
,,,,,,,,,,,,,,,
,,,,,,,,,,,,,,,
,,,,,,,,,,,,,,,
,,,,,,,,,,,,,,,
,,,,,,,,,,,,,,,
,,,,,,,,,,,,,,,
,,,,,,,,,,,,,,,
,,,,,,,,,,,,,,,
,,,,,,,,,,,,,,,
,,,,,,,,,,,,,,,
,,,,,,,,,,,,,,,
,,,,,,,,,,,,,,,
,,,,,,,,,,,,,,,
,,,,,,,,,,,,,,,
,,,,,,,,,,,,,,,
,,,,,,,,,,,,,,,
,,,,,,,,,,,,,,,
,,,,,,,,,,,,,,,
,,,,,,,,,,,,,,,
,,,,,,,,,,,,,,,
,,,,,,,,,,,,,,,
,,,,,,,,,,,,,,,
,,,,,,,,,,,,,,,
,,,,,,,,,,,,,,,
,,,,,,,,,,,,,,,
,,,,,,,,,,,,,,,
,,,,,,,,,,,,,,,
,,,,,,,,,,,,,,,
,,,,,,,,,,,,,,,
,,,,,,,,,,,,,,,
,,,,,,,,,,,,,,,
,,,,,,,,,,,,,,,
,,,,,,,,,,,,,,,
,,,,,,,,,,,,,,,
,,,,,,,,,,,,,,,
,,,,,,,,,,,,,,,
,,,,,,,,,,,,,,,
,,,,,,,,,,,,,,,
,,,,,,,,,,,,,,,
,,,,,,,,,,,,,,,
,,,,,,,,,,,,,,,
,,,,,,,,,,,,,,,
,,,,,,,,,,,,,,,
,,,,,,,,,,,,,,,
,,,,,,,,,,,,,,,
,,,,,,,,,,,,,,,
,,,,,,,,,,,,,,,
,,,,,,,,,,,,,,,
,,,,,,,,,,,,,,,
,,,,,,,,,,,,,,,
,,,,,,,,,,,,,,,
,,,,,,,,,,,,,,,
,,,,,,,,,,,,,,,
,,,,,,,,,,,,,,,
,,,,,,,,,,,,,,,
,,,,,,,,,,,,,,,
,,,,,,,,,,,,,,,
,,,,,,,,,,,,,,,
,,,,,,,,,,,,,,,
,,,,,,,,,,,,,,,
,,,,,,,,,,,,,,,
,,,,,,,,,,,,,,,
,,,,,,,,,,,,,,,
,,,,,,,,,,,,,,,
,,,,,,,,,,,,,,,
,,,,,,,,,,,,,,,
,,,,,,,,,,,,,,,
,,,,,,,,,,,,,,,
,,,,,,,,,,,,,,,
,,,,,,,,,,,,,,,
,,,,,,,,,,,,,,,
,,,,,,,,,,,,,,,
,,,,,,,,,,,,,,,
,,,,,,,,,,,,,,,
,,,,,,,,,,,,,,,
,,,,,,,,,,,,,,,
,,,,,,,,,,,,,,,
,,,,,,,,,,,,,,,
,,,,,,,,,,,,,,,
,,,,,,,,,,,,,,,
,,,,,,,,,,,,,,,
,,,,,,,,,,,,,,,
,,,,,,,,,,,,,,,
,,,,,,,,,,,,,,,
,,,,,,,,,,,,,,,
,,,,,,,,,,,,,,,
,,,,,,,,,,,,,,,
,,,,,,,,,,,,,,,
,,,,,,,,,,,,,,,
,,,,,,,,,,,,,,,
,,,,,,,,,,,,,,,
,,,,,,,,,,,,,,,
,,,,,,,,,,,,,,,
,,,,,,,,,,,,,,,
,,,,,,,,,,,,,,,
,,,,,,,,,,,,,,,
,,,,,,,,,,,,,,,
,,,,,,,,,,,,,,,
,,,,,,,,,,,,,,,
,,,,,,,,,,,,,,,
,,,,,,,,,,,,,,,
,,,,,,,,,,,,,,,
,,,,,,,,,,,,,,,
,,,,,,,,,,,,,,,
,,,,,,,,,,,,,,,
,,,,,,,,,,,,,,,
,,,,,,,,,,,,,,,
,,,,,,,,,,,,,,,
,,,,,,,,,,,,,,,
,,,,,,,,,,,,,,,
,,,,,,,,,,,,,,,
,,,,,,,,,,,,,,,
,,,,,,,,,,,,,,,
,,,,,,,,,,,,,,,
,,,,,,,,,,,,,,,
,,,,,,,,,,,,,,,
,,,,,,,,,,,,,,,
,,,,,,,,,,,,,,,
,,,,,,,,,,,,,,,
,,,,,,,,,,,,,,,
,,,,,,,,,,,,,,,
,,,,,,,,,,,,,,,
,,,,,,,,,,,,,,,
,,,,,,,,,,,,,,,
,,,,,,,,,,,,,,,
,,,,,,,,,,,,,,,
,,,,,,,,,,,,,,,
,,,,,,,,,,,,,,,
,,,,,,,,,,,,,,,
,,,,,,,,,,,,,,,
,,,,,,,,,,,,,,,
,,,,,,,,,,,,,,,
,,,,,,,,,,,,,,,
,,,,,,,,,,,,,,,
,,,,,,,,,,,,,,,
,,,,,,,,,,,,,,,
,,,,,,,,,,,,,,,
,,,,,,,,,,,,,,,
,,,,,,,,,,,,,,,
,,,,,,,,,,,,,,,
,,,,,,,,,,,,,,,
,,,,,,,,,,,,,,,
,,,,,,,,,,,,,,,
,,,,,,,,,,,,,,,
,,,,,,,,,,,,,,,
,,,,,,,,,,,,,,,
,,,,,,,,,,,,,,,
,,,,,,,,,,,,,,,
,,,,,,,,,,,,,,,
,,,,,,,,,,,,,,,
,,,,,,,,,,,,,,,
,,,,,,,,,,,,,,,
,,,,,,,,,,,,,,,
,,,,,,,,,,,,,,,
,,,,,,,,,,,,,,,
,,,,,,,,,,,,,,,
,,,,,,,,,,,,,,,
,,,,,,,,,,,,,,,
,,,,,,,,,,,,,,,
,,,,,,,,,,,,,,,
,,,,,,,,,,,,,,,
,,,,,,,,,,,,,,,
,,,,,,,,,,,,,,,
,,,,,,,,,,,,,,,
,,,,,,,,,,,,,,,
,,,,,,,,,,,,,,,
,,,,,,,,,,,,,,,
,,,,,,,,,,,,,,,
,,,,,,,,,,,,,,,
,,,,,,,,,,,,,,,
,,,,,,,,,,,,,,,
,,,,,,,,,,,,,,,
,,,,,,,,,,,,,,,
,,,,,,,,,,,,,,,
,,,,,,,,,,,,,,,
,,,,,,,,,,,,,,,
,,,,,,,,,,,,,,,
,,,,,,,,,,,,,,,
,,,,,,,,,,,,,,,
,,,,,,,,,,,,,,,
,,,,,,,,,,,,,,,
,,,,,,,,,,,,,,,
,,,,,,,,,,,,,,,
,,,,,,,,,,,,,,,
,,,,,,,,,,,,,,,
,,,,,,,,,,,,,,,
,,,,,,,,,,,,,,,
,,,,,,,,,,,,,,,
,,,,,,,,,,,,,,,
,,,,,,,,,,,,,,,
,,,,,,,,,,,,,,,
,,,,,,,,,,,,,,,
,,,,,,,,,,,,,,,
,,,,,,,,,,,,,,,
,,,,,,,,,,,,,,,
,,,,,,,,,,,,,,,
,,,,,,,,,,,,,,,
,,,,,,,,,,,,,,,
,,,,,,,,,,,,,,,
,,,,,,,,,,,,,,,
,,,,,,,,,,,,,,,
,,,,,,,,,,,,,,,
,,,,,,,,,,,,,,,
,,,,,,,,,,,,,,,
,,,,,,,,,,,,,,,
,,,,,,,,,,,,,,,
,,,,,,,,,,,,,,,
,,,,,,,,,,,,,,,
,,,,,,,,,,,,,,,
,,,,,,,,,,,,,,,
,,,,,,,,,,,,,,,
,,,,,,,,,,,,,,,
,,,,,,,,,,,,,,,
,,,,,,,,,,,,,,,
,,,,,,,,,,,,,,,
,,,,,,,,,,,,,,,
,,,,,,,,,,,,,,,
,,,,,,,,,,,,,,,
,,,,,,,,,,,,,,,
,,,,,,,,,,,,,,,
,,,,,,,,,,,,,,,
,,,,,,,,,,,,,,,
,,,,,,,,,,,,,,,
,,,,,,,,,,,,,,,
,,,,,,,,,,,,,,,
,,,,,,,,,,,,,,,
,,,,,,,,,,,,,,,
,,,,,,,,,,,,,,,
,,,,,,,,,,,,,,,
,,,,,,,,,,,,,,,
,,,,,,,,,,,,,,,
,,,,,,,,,,,,,,,
,,,,,,,,,,,,,,,
,,,,,,,,,,,,,,,
,,,,,,,,,,,,,,,
,,,,,,,,,,,,,,,
,,,,,,,,,,,,,,,
,,,,,,,,,,,,,,,
,,,,,,,,,,,,,,,
,,,,,,,,,,,,,,,
,,,,,,,,,,,,,,,
,,,,,,,,,,,,,,,
,,,,,,,,,,,,,,,
,,,,,,,,,,,,,,,
,,,,,,,,,,,,,,,
,,,,,,,,,,,,,,,
,,,,,,,,,,,,,,,
,,,,,,,,,,,,,,,
,,,,,,,,,,,,,,,
,,,,,,,,,,,,,,,
,,,,,,,,,,,,,,,
,,,,,,,,,,,,,,,
,,,,,,,,,,,,,,,
,,,,,,,,,,,,,,,
,,,,,,,,,,,,,,,
,,,,,,,,,,,,,,,
,,,,,,,,,,,,,,,
,,,,,,,,,,,,,,,
,,,,,,,,,,,,,,,
,,,,,,,,,,,,,,,
,,,,,,,,,,,,,,,
,,,,,,,,,,,,,,,
,,,,,,,,,,,,,,,
,,,,,,,,,,,,,,,
,,,,,,,,,,,,,,,
,,,,,,,,,,,,,,,
,,,,,,,,,,,,,,,
,,,,,,,,,,,,,,,
,,,,,,,,,,,,,,,
,,,,,,,,,,,,,,,
,,,,,,,,,,,,,,,
,,,,,,,,,,,,,,,
,,,,,,,,,,,,,,,
,,,,,,,,,,,,,,,
,,,,,,,,,,,,,,,
,,,,,,,,,,,,,,,
,,,,,,,,,,,,,,,
,,,,,,,,,,,,,,,
,,,,,,,,,,,,,,,
,,,,,,,,,,,,,,,
,,,,,,,,,,,,,,,
,,,,,,,,,,,,,,,
,,,,,,,,,,,,,,,
,,,,,,,,,,,,,,,
,,,,,,,,,,,,,,,
,,,,,,,,,,,,,,,
,,,,,,,,,,,,,,,
,,,,,,,,,,,,,,,
,,,,,,,,,,,,,,,
,,,,,,,,,,,,,,,
,,,,,,,,,,,,,,,
,,,,,,,,,,,,,,,
,,,,,,,,,,,,,,,
,,,,,,,,,,,,,,,
,,,,,,,,,,,,,,,
,,,,,,,,,,,,,,,
,,,,,,,,,,,,,,,
,,,,,,,,,,,,,,,
,,,,,,,,,,,,,,,
,,,,,,,,,,,,,,,
,,,,,,,,,,,,,,,
,,,,,,,,,,,,,,,
,,,,,,,,,,,,,,,
,,,,,,,,,,,,,,,
,,,,,,,,,,,,,,,
,,,,,,,,,,,,,,,
,,,,,,,,,,,,,,,
,,,,,,,,,,,,,,,
,,,,,,,,,,,,,,,
,,,,,,,,,,,,,,,
,,,,,,,,,,,,,,,
,,,,,,,,,,,,,,,
,,,,,,,,,,,,,,,
,,,,,,,,,,,,,,,
,,,,,,,,,,,,,,,
,,,,,,,,,,,,,,,
,,,,,,,,,,,,,,,
,,,,,,,,,,,,,,,
,,,,,,,,,,,,,,,
,,,,,,,,,,,,,,,
,,,,,,,,,,,,,,,
,,,,,,,,,,,,,,,
,,,,,,,,,,,,,,,
,,,,,,,,,,,,,,,
,,,,,,,,,,,,,,,
,,,,,,,,,,,,,,,
,,,,,,,,,,,,,,,
,,,,,,,,,,,,,,,
,,,,,,,,,,,,,,,
,,,,,,,,,,,,,,,
,,,,,,,,,,,,,,,
,,,,,,,,,,,,,,,
,,,,,,,,,,,,,,,
,,,,,,,,,,,,,,,
,,,,,,,,,,,,,,,
,,,,,,,,,,,,,,,
,,,,,,,,,,,,,,,
,,,,,,,,,,,,,,,
,,,,,,,,,,,,,,,
,,,,,,,,,,,,,,,
,,,,,,,,,,,,,,,
,,,,,,,,,,,,,,,
,,,,,,,,,,,,,,,
,,,,,,,,,,,,,,,
,,,,,,,,,,,,,,,
,,,,,,,,,,,,,,,
,,,,,,,,,,,,,,,
,,,,,,,,,,,,,,,
,,,,,,,,,,,,,,,
,,,,,,,,,,,,,,,
,,,,,,,,,,,,,,,
,,,,,,,,,,,,,,,
,,,,,,,,,,,,,,,
,,,,,,,,,,,,,,,
,,,,,,,,,,,,,,,
,,,,,,,,,,,,,,,
,,,,,,,,,,,,,,,
,,,,,,,,,,,,,,,
,,,,,,,,,,,,,,,
,,,,,,,,,,,,,,,
,,,,,,,,,,,,,,,
,,,,,,,,,,,,,,,
,,,,,,,,,,,,,,,
,,,,,,,,,,,,,,,
,,,,,,,,,,,,,,,
,,,,,,,,,,,,,,,
,,,,,,,,,,,,,,,
,,,,,,,,,,,,,,,
,,,,,,,,,,,,,,,
,,,,,,,,,,,,,,,
,,,,,,,,,,,,,,,
,,,,,,,,,,,,,,,
,,,,,,,,,,,,,,,
,,,,,,,,,,,,,,,
,,,,,,,,,,,,,,,
,,,,,,,,,,,,,,,
,,,,,,,,,,,,,,,
,,,,,,,,,,,,,,,
,,,,,,,,,,,,,,,
,,,,,,,,,,,,,,,
,,,,,,,,,,,,,,,
,,,,,,,,,,,,,,,
,,,,,,,,,,,,,,,
,,,,,,,,,,,,,,,
,,,,,,,,,,,,,,,
,,,,,,,,,,,,,,,
,,,,,,,,,,,,,,,
,,,,,,,,,,,,,,,
,,,,,,,,,,,,,,,
,,,,,,,,,,,,,,,
,,,,,,,,,,,,,,,
,,,,,,,,,,,,,,,
,,,,,,,,,,,,,,,
,,,,,,,,,,,,,,,
,,,,,,,,,,,,,,,
,,,,,,,,,,,,,,,
,,,,,,,,,,,,,,,
,,,,,,,,,,,,,,,
,,,,,,,,,,,,,,,
,,,,,,,,,,,,,,,
,,,,,,,,,,,,,,,
,,,,,,,,,,,,,,,
,,,,,,,,,,,,,,,
,,,,,,,,,,,,,,,
,,,,,,,,,,,,,,,
,,,,,,,,,,,,,,,
,,,,,,,,,,,,,,,
,,,,,,,,,,,,,,,
,,,,,,,,,,,,,,,
,,,,,,,,,,,,,,,
,,,,,,,,,,,,,,,
,,,,,,,,,,,,,,,
,,,,,,,,,,,,,,,
,,,,,,,,,,,,,,,
,,,,,,,,,,,,,,,
,,,,,,,,,,,,,,,
,,,,,,,,,,,,,,,
,,,,,,,,,,,,,,,
,,,,,,,,,,,,,,,
,,,,,,,,,,,,,,,
,,,,,,,,,,,,,,,
,,,,,,,,,,,,,,,
,,,,,,,,,,,,,,,
,,,,,,,,,,,,,,,
,,,,,,,,,,,,,,,
,,,,,,,,,,,,,,,
,,,,,,,,,,,,,,,
,,,,,,,,,,,,,,,
,,,,,,,,,,,,,,,
,,,,,,,,,,,,,,,
,,,,,,,,,,,,,,,
,,,,,,,,,,,,,,,
,,,,,,,,,,,,,,,
,,,,,,,,,,,,,,,
,,,,,,,,,,,,,,,
,,,,,,,,,,,,,,,
,,,,,,,,,,,,,,,
,,,,,,,,,,,,,,,
,,,,,,,,,,,,,,,
,,,,,,,,,,,,,,,
,,,,,,,,,,,,,,,
,,,,,,,,,,,,,,,
,,,,,,,,,,,,,,,
,,,,,,,,,,,,,,,
,,,,,,,,,,,,,,,
,,,,,,,,,,,,,,,
,,,,,,,,,,,,,,,
,,,,,,,,,,,,,,,
,,,,,,,,,,,,,,,
,,,,,,,,,,,,,,,
,,,,,,,,,,,,,,,
,,,,,,,,,,,,,,,
,,,,,,,,,,,,,,,
,,,,,,,,,,,,,,,
,,,,,,,,,,,,,,,
,,,,,,,,,,,,,,,
,,,,,,,,,,,,,,,
,,,,,,,,,,,,,,,
,,,,,,,,,,,,,,,
,,,,,,,,,,,,,,,
,,,,,,,,,,,,,,,
,,,,,,,,,,,,,,,
,,,,,,,,,,,,,,,
,,,,,,,,,,,,,,,
,,,,,,,,,,,,,,,
,,,,,,,,,,,,,,,
,,,,,,,,,,,,,,,
,,,,,,,,,,,,,,,
,,,,,,,,,,,,,,,
,,,,,,,,,,,,,,,
,,,,,,,,,,,,,,,
,,,,,,,,,,,,,,,
,,,,,,,,,,,,,,,
,,,,,,,,,,,,,,,
,,,,,,,,,,,,,,,
,,,,,,,,,,,,,,,
,,,,,,,,,,,,,,,
,,,,,,,,,,,,,,,
,,,,,,,,,,,,,,,
,,,,,,,,,,,,,,,
,,,,,,,,,,,,,,,
,,,,,,,,,,,,,,,
,,,,,,,,,,,,,,,
,,,,,,,,,,,,,,,
,,,,,,,,,,,,,,,
,,,,,,,,,,,,,,,
,,,,,,,,,,,,,,,
,,,,,,,,,,,,,,,
,,,,,,,,,,,,,,,
,,,,,,,,,,,,,,,
,,,,,,,,,,,,,,,
,,,,,,,,,,,,,,,
,,,,,,,,,,,,,,,
,,,,,,,,,,,,,,,
,,,,,,,,,,,,,,,
,,,,,,,,,,,,,,,
,,,,,,,,,,,,,,,
,,,,,,,,,,,,,,,
,,,,,,,,,,,,,,,
,,,,,,,,,,,,,,,
,,,,,,,,,,,,,,,
,,,,,,,,,,,,,,,
,,,,,,,,,,,,,,,
,,,,,,,,,,,,,,,
,,,,,,,,,,,,,,,
,,,,,,,,,,,,,,,
,,,,,,,,,,,,,,,
,,,,,,,,,,,,,,,
,,,,,,,,,,,,,,,
,,,,,,,,,,,,,,,
,,,,,,,,,,,,,,,
,,,,,,,,,,,,,,,
,,,,,,,,,,,,,,,
,,,,,,,,,,,,,,,
,,,,,,,,,,,,,,,
,,,,,,,,,,,,,,,
,,,,,,,,,,,,,,,
,,,,,,,,,,,,,,,
,,,,,,,,,,,,,,,
,,,,,,,,,,,,,,,
,,,,,,,,,,,,,,,
,,,,,,,,,,,,,,,
,,,,,,,,,,,,,,,
,,,,,,,,,,,,,,,
,,,,,,,,,,,,,,,
,,,,,,,,,,,,,,,
,,,,,,,,,,,,,,,
,,,,,,,,,,,,,,,
,,,,,,,,,,,,,,,
,,,,,,,,,,,,,,,
,,,,,,,,,,,,,,,
,,,,,,,,,,,,,,,
,,,,,,,,,,,,,,,
,,,,,,,,,,,,,,,
,,,,,,,,,,,,,,,
,,,,,,,,,,,,,,,
,,,,,,,,,,,,,,,
,,,,,,,,,,,,,,,
,,,,,,,,,,,,,,,
,,,,,,,,,,,,,,,
,,,,,,,,,,,,,,,
,,,,,,,,,,,,,,,
,,,,,,,,,,,,,,,
,,,,,,,,,,,,,,,
,,,,,,,,,,,,,,,
,,,,,,,,,,,,,,,
,,,,,,,,,,,,,,,
,,,,,,,,,,,,,,,
,,,,,,,,,,,,,,,
,,,,,,,,,,,,,,,
,,,,,,,,,,,,,,,
,,,,,,,,,,,,,,,
,,,,,,,,,,,,,,,
,,,,,,,,,,,,,,,
,,,,,,,,,,,,,,,
,,,,,,,,,,,,,,,
,,,,,,,,,,,,,,,
,,,,,,,,,,,,,,,
,,,,,,,,,,,,,,,
