This file was created by CMPT_VAR_RETS using the 201712 CRSP database.,,,,,,,,,,,,,,,
It contains value- and equal-weighted returns for portfolios formed on VAR.,,,,,,,,,,,,,,,
,,,,,,,,,,,,,,,
The portfolios are constructed at the end of each month.,,,,,,,,,,,,,,,
,,,,,,,,,,,,,,,
The residual return variance is measured over 60 days up to formation monthend requiring at least 20 non-missing daily returns.  ,,,,,,,,,,,,,,,
Annual returns are from January to December.,,,,,,,,,,,,,,,
,,,,,,,,,,,,,,,
Missing data are indicated by -99.99 or -999.,,,,,,,,,,,,,,,
,,,,,,,,,,,,,,,
The break points include utilities and include financials.,,,,,,,,,,,,,,,
,,,,,,,,,,,,,,,
The  portfolios  include utilities and include financials.,,,,,,,,,,,,,,,
,,,,,,,,,,,,,,,
,,,,,,,,,,,,,,,
  Value Weighted Returns -- Monthly,,,,,,,,,,,,,,,
,Lo 20,Qnt 2,Qnt 3,Qnt 4,Hi 20,Lo 10,2-Dec,3-Dec,4-Dec,5-Dec,6-Dec,7-Dec,8-Dec,9-Dec,Hi 10
196307,0.49,-1.41,-0.6,-0.36,-1.27,0.34,1.07,-1.27,-1.6,-0.08,-1.44,0.95,-2.37,-1.07,-1.45
196308,4.68,6.47,5.63,6.58,7.67,4.27,6.23,6.23,6.76,5.82,5.25,6.32,7.02,10.05,5.22
196309,-0.76,-1.82,-2.07,-2.34,-2.37,-0.32,-2.25,-2,-1.54,-1.38,-2.79,-3.59,-0.3,-2.53,-2.2
196310,3.2,2.29,1.83,2.74,2.74,4.11,0.87,1.87,2.76,1.69,1.99,1.97,3.9,4.33,1.38
196311,-0.35,-1.17,-0.28,-0.96,-1.21,-0.08,-0.85,-0.72,-1.72,-0.86,0.4,-0.38,-1.62,-0.04,-2.22
196312,2.94,1.29,1.5,1.67,-0.24,1.51,4.61,1.37,1.18,1.79,1.21,1.96,1.22,-0.36,-0.14
196401,3.39,1.72,1.88,2.78,-0.99,3.7,2.94,0.9,2.34,1.47,2.43,1.63,3.97,-0.39,-1.45
196402,1.29,2,1.87,5.25,1.88,1.1,1.8,1.49,2.82,2.15,1.44,5.69,4.51,2.45,1.46
196403,1.16,2.45,2.46,2.92,1.69,0.84,1.68,2.89,1.46,2.72,2.06,3.24,2.55,2.16,1.38
196404,1.33,-0.44,-0.28,-2.44,-1.27,1.4,1.16,-0.97,0.62,-0.09,-0.51,-1.68,-3.8,-3.28,0.67
196405,1.72,1.23,1.16,1.51,3.99,1.91,1.06,0.73,1.96,1.5,0.66,1.59,1.4,5.96,1.71
196406,1.6,1.92,1.84,1.56,-0.48,1.8,1.14,1.91,1.93,2.21,1.24,1.52,1.61,0.51,-1.69
196407,1.99,3.09,1.27,2.29,-0.07,1.62,3.08,2.69,3.51,2.17,0.39,1.9,2.69,-1.21,1.46
196408,-1.24,-1.05,-0.52,-0.95,-1.91,-1.36,-0.83,-1.41,-0.4,-0.17,-0.93,-0.28,-1.94,-2.5,-1.18
196409,2.55,2.18,3.85,5.55,6.11,2.58,2.43,1.69,2.68,3.14,4.59,5.7,5.31,6.77,5.17
196410,0.66,1.46,1.12,1.92,-1.22,0.92,-0.17,1.65,1.23,1.25,1,2.3,1.39,-1.73,-0.57
196411,0.49,-0.01,0.77,0.63,-2.93,0.45,0.59,0.01,-0.03,0.96,0.55,2.25,-1.36,-3.14,-2.66
196412,0.77,-0.22,0.22,-0.51,-0.66,1.04,-0.07,-0.01,-0.61,-0.4,0.86,-0.89,0.01,0.23,-1.79
196501,3.08,4.68,4.94,3.95,7.46,1.99,5.69,4.52,4.96,4.58,5.5,3.11,5.65,4.96,9.91
196502,-0.53,1.76,2.3,3.23,4.74,-0.84,0.32,1.4,2.48,2.47,2.1,3.37,3.01,5.12,4.33
196503,-1.18,-0.97,-0.67,-0.8,0.62,-1.41,-0.41,-0.81,-1.21,-0.71,-0.62,-0.53,-1.14,0.93,0.36
196504,3.29,2.56,4.01,5.69,3.18,3.78,1.56,1.84,3.79,3.44,4.66,5.85,5.48,2.96,3.43
196505,-0.5,0.18,-0.11,-1.42,-1.4,-0.34,-0.93,0.6,-0.2,-0.12,-0.09,-0.91,-2.23,-0.26,-2.35
196506,-4.12,-4.79,-6.53,-8.4,-11.17,-4.06,-4.28,-4.07,-6.16,-6.6,-6.46,-8.14,-8.76,-9.17,-12.9
196507,1.54,1.09,1.77,2.9,5.64,1.59,1.44,0.73,1.92,0.88,2.93,3.5,1.99,7.87,3.36
196508,2.14,3.18,4.69,6.04,7.39,1.63,3.29,3.05,3.36,4.75,4.63,6.52,5.27,7.88,6.79
196509,2.94,2.83,4.02,4.12,4.34,3.22,1.99,2.45,3.29,4.08,3.97,3.94,4.3,5.14,3.42
196510,1.57,2.81,5.33,5.78,7.52,1.56,1.61,2.43,3.31,4.99,5.73,5.51,6.19,6.89,8.39
196511,-1.43,0.02,3.16,4.8,6.69,-2.13,0.65,-0.63,0.88,2.73,3.96,3.11,6.8,3.41,10.52
196512,0.13,2.14,2.56,4.61,3.74,-0.49,1.49,2.94,1.21,2.38,2.75,4.07,5.17,3.46,4.06
196601,-0.78,1.62,3.66,6.22,5.56,-1.16,0.18,1.74,1.47,2.99,4.39,6.94,5.23,4.47,7.08
196602,-2.17,-2.12,1.71,2.52,5.56,-2.78,-0.87,-2.33,-1.8,1.65,1.8,1.38,3.73,4.84,6.34
196603,-2.88,-1.11,-1.19,-0.89,-2.21,-3.19,-2.03,-0.57,-1.7,-3.4,1.91,0.87,-3.05,-2.87,-1.67
196604,1.74,1.22,4.62,4.25,5.09,1.67,1.91,1.1,1.38,4.01,5.46,2.85,5.56,3.8,6.51
196605,-4.14,-3.76,-6.42,-8.22,-11.86,-4.05,-4.55,-3.2,-4.31,-6.5,-6.31,-7.72,-8.88,-10.8,-12.91
196606,-2.03,-0.16,-0.71,-0.39,2.37,-2.24,-1.47,0.08,-0.44,-1.49,0.46,-1.19,0.59,2.39,2.35
196607,-0.51,-2.04,-2.09,-1.71,-2.35,-0.31,-0.91,-3,-0.63,-1.54,-3.09,-2.95,-0.32,-1.01,-3.68
196608,-6.28,-8.75,-8.12,-8.86,-10.21,-5.86,-7.04,-7.92,-9.68,-8.3,-7.77,-8.8,-8.93,-9.14,-11.72
196609,-0.2,0.67,-0.47,-2.72,-4.6,0.35,-1.69,-0.3,2.17,0.64,-1.86,-1.29,-4.86,-4.89,-4.2
196610,5.78,5.26,5.52,2.33,-6.54,6.34,4.2,6.87,3.43,6.16,4.72,4.44,-0.82,-5.04,-9.04
196611,-0.89,1.33,2.59,5.97,13.91,-1.48,0.06,1.99,0.58,2.5,2.7,4.09,8.3,14.29,13.13
196612,-0.12,0.64,1.62,1.03,1.51,-0.38,0.33,1.07,0.21,2.67,0.3,0.08,2.39,2.22,0.3
196701,6.92,7.4,10.07,11.62,18.56,7.52,5.58,6.8,8.11,9.23,10.85,10.04,14.12,15.1,23.06
196702,0.67,0.66,1.81,1.82,4.4,1.36,-0.68,-0.29,1.67,2.05,1.49,2.31,1.26,2.73,5.99
196703,3.82,4.58,4.85,6.85,4.96,3.28,4.68,5.28,3.82,4.4,5.57,6.05,8.3,3.54,6.5
196704,3.98,3.41,5.79,4.97,5.16,3.47,4.98,2.57,4.35,4.17,7.88,5.73,4.03,6.54,3.84
196705,-4.4,-3.83,-3.97,-2.58,-2.26,-3.97,-5.26,-3.69,-4,-4.21,-3.72,-3.61,-1.4,-1.68,-2.83
196706,1.47,1.4,3.78,6.34,10.68,1.48,1.44,1.25,1.64,4.19,3.32,5.84,7,8.85,12.18
196707,3.59,5.37,5.69,7.75,8.25,2.58,6.13,6.88,4.1,5.25,6.27,8.03,7.38,7.2,9.44
196708,-0.74,-0.34,0.14,-0.87,-1.62,-1.01,-0.46,0.98,-1.63,0.7,-0.7,-0.32,-1.68,-1.29,-1.96
196709,3.45,2.74,3.33,3.26,5.32,4.49,2.58,2.63,2.89,3.81,2.92,2.35,4.61,4.28,6.29
196710,-1.6,-4.87,-5.11,-0.53,-2.29,0.29,-3.46,-5.36,-4.37,-5.22,-4.97,-0.68,-0.32,-1.64,-2.9
196711,0.88,-0.34,0.66,1.92,0.92,0.6,1.51,-0.93,0.29,0.92,0.4,2.06,1.7,1.58,0.31
196712,2.65,2.6,2.03,5.59,9.36,2.14,3.99,1.47,3.97,2.31,1.72,4.72,6.95,6.41,12.6
196801,-2.2,-5.29,-4.88,-5.76,-4.08,-1.86,-3.13,-5.34,-5.22,-2.81,-6.66,-5.39,-6.27,-6.24,-2.37
196802,-1.85,-3.78,-3.7,-5.51,-9.16,-1.62,-2.33,-2.86,-5.03,-3.96,-3.39,-6.33,-4.25,-8.05,-10.03
196803,0.62,-0.09,1,2.34,-0.48,1.13,-0.54,-0.67,0.64,1.58,0.23,1.83,2.95,1.73,-2.27
196804,7.25,9.93,10.39,13.47,17.09,6.83,8.62,10.11,9.7,10.02,10.84,13.67,13.28,17.28,16.91
196805,0.95,3.07,3.88,4.89,8.78,0.9,1.09,3.33,2.64,4.15,3.65,4.85,4.95,8.03,9.51
196806,1.76,1.18,1.03,-0.09,-1.6,1.43,2.57,0.82,1.69,0.97,1.1,-0.36,0.36,-0.97,-2.13
196807,-1,-2.66,-3.09,-6.43,-4.6,-0.61,-1.79,-3.08,-2.14,-2.68,-3.44,-6.78,-6.06,-5.47,-3.92
196808,1.19,2.09,3.11,1.96,3.06,1.41,0.94,1.95,2.28,3.98,2.18,2.28,1.6,2.64,3.31
196809,2.86,4.51,5.25,7.13,9.68,3.31,2.3,5.01,3.79,5.22,5.27,6.94,7.32,8.12,10.85
196810,1.1,1.52,1.88,0.07,-2.33,1.28,0.76,0.92,2.28,2.79,0.7,0.06,0.09,-2,-2.57
196811,4.37,6.53,7.41,8.16,9.33,4.32,4.46,7.01,5.94,7.26,7.56,7.88,8.48,9.42,9.26
196812,-4.55,-2.87,-3.16,-2.47,-0.86,-4.65,-4.31,-2.59,-3.24,-3.32,-2.94,-2.76,-2.19,-2.38,0.45
196901,-0.77,0.15,-0.68,-1.71,-2.42,-1.02,-0.02,0.27,0.01,0.29,-1.63,-1.11,-2.32,-3.4,-1.55
196902,-2.99,-5.82,-7.19,-8.17,-10.81,-2.32,-4.87,-5.8,-5.85,-6.6,-7.89,-6.91,-9.56,-10.74,-10.89
196903,3.44,3.33,3.05,2.12,1.9,3.38,3.56,3.4,3.24,3.03,3.07,1.28,3.05,2.53,1.3
196904,2.51,1.65,1.06,1.81,1.67,2.76,1.95,1.43,1.93,0.75,1.44,1.33,2.34,1.96,1.39
196905,0.73,0.38,-0.72,0.24,-0.12,0.49,1.31,0.72,0.03,-0.62,-0.81,1.69,-2.39,0.27,-0.52
196906,-3.69,-6.81,-8.99,-10.46,-14.5,-3.21,-4.76,-6.94,-6.68,-8.07,-10.08,-9.86,-11.4,-12.6,-16.09
196907,-4.98,-6.74,-7.38,-8.44,-11.4,-5.29,-4.07,-6.24,-7.17,-7.06,-7.8,-7.08,-10.42,-10.95,-11.77
196908,3.77,5.12,7.05,7.31,8.01,3.69,4.02,5.66,4.6,7.15,6.91,6.58,8.15,7.67,8.32
196909,-2.51,-1.11,-3.7,-3.04,-2.47,-2.6,-2.17,-1.48,-0.49,-3.58,-3.83,-4.51,-0.54,-1.97,-2.91
196910,4.93,4.95,5.65,8.8,7.7,3.75,7.33,6.15,3.85,4.37,7.77,9.41,8.16,7.61,7.79
196911,-2.76,-3.22,-3.34,-4.42,-6.11,-2.56,-3.29,-3.36,-3.06,-2.65,-4.2,-3.73,-5.02,-4.78,-7.37
196912,-0.69,-2.44,-2.08,-3.55,-6.48,-0.64,-0.84,-2.71,-2.07,-2.65,-1.14,-3.73,-3.32,-3.98,-8.65
197001,-6.24,-7.38,-9.49,-10.52,-9.64,-6.26,-6.2,-6.69,-8.27,-8.84,-10.09,-10.26,-10.81,-10.31,-9.06
197002,5.34,6.08,7.05,6.91,2.65,5.4,5.2,7.23,4.9,7.24,6.86,7.11,6.6,4.19,1.2
197003,0.31,0.62,-1.08,-2.6,-5.18,1.35,-2.28,1.62,-0.96,-0.14,-2.26,-2.14,-3.16,-4.58,-5.8
197004,-8.18,-9.16,-13.1,-14.39,-19.94,-8.24,-8.02,-8.5,-9.92,-11.97,-14.68,-13.18,-16.1,-17.2,-22.48
197005,-5.51,-5.6,-7.18,-8.66,-12.01,-5.63,-5.21,-5.58,-5.62,-7.98,-6.38,-7.48,-9.96,-11.03,-13.1
197006,-4.21,-4.41,-5.39,-9.31,-11.95,-4.52,-3.42,-2.94,-6.34,-3.94,-7.06,-8.84,-9.8,-12.01,-11.91
197007,7.27,7.2,9.27,7.34,6.67,7.52,6.5,5.68,8.98,10.36,7.92,7.11,7.74,9.52,3.74
197008,4.34,3.97,6.35,8.16,9.34,4.54,3.8,3.43,4.64,4.88,8.37,6.26,10.41,10.38,8.3
197009,2.29,4.37,7.05,10.38,17.8,1.82,3.54,3.66,5.35,6.28,8.04,9.63,11.27,15.2,20.59
197010,-0.43,-0.87,-3.25,-6.35,-10.12,-0.55,-0.07,-0.15,-1.56,-2.9,-3.68,-4.76,-8.48,-8.6,-11.77
197011,5.99,4.59,4.81,3.76,-0.98,6.3,5.07,4.33,4.91,4.68,4.95,3.78,3.73,0.58,-2.53
197012,5.36,7.28,6.72,8.76,6.38,5.46,5.08,6.66,8.01,6.67,6.79,7.7,10.56,9.03,3.58
197101,3.46,5.91,7.09,11.45,13.24,2.94,5.12,4.23,7.66,6.1,8.13,10.21,13.14,11.62,15.04
197102,1.11,1.92,2.78,2.96,4.13,1,1.43,2.03,1.76,1.79,4.23,3.23,2.62,3.29,4.97
197103,4.13,3.76,5.77,5.58,6.03,4.18,3.99,3.64,3.92,5.8,5.74,4.82,6.85,6.17,5.88
197104,3.19,2.86,4.89,5.49,3.34,2.69,4.69,2.02,3.91,4.47,5.33,5.43,5.57,3.09,3.58
197105,-3.96,-2.77,-2.61,-4.52,-5.65,-4.2,-3.15,-2.96,-2.55,-2.99,-1.97,-3.93,-5.4,-5.17,-6.15
197106,0.8,0.98,-0.06,-0.92,-3.85,0.43,1.73,0.49,1.77,0.76,-1.21,-0.34,-1.69,-3.72,-3.97
197107,-3.3,-3.75,-4.24,-6.5,-9.06,-3.29,-3.32,-3.19,-4.56,-4.06,-4.51,-6.5,-6.49,-8.4,-9.75
197108,3.87,3.65,4.86,6.69,5.98,3.96,3.68,3.99,3.19,3.98,5.72,6.96,6.29,8.4,3.9
197109,0.25,-1.21,-0.67,-1.57,-1.36,0.67,-0.88,-1.82,-0.46,-0.51,-0.91,-1.98,-0.9,0.03,-2.59
197110,-2.57,-3.87,-5.79,-7.15,-7.82,-1.58,-4.75,-3.43,-4.81,-5.49,-6.32,-6.94,-7.4,-5.94,-9.52
197111,0.75,-0.1,-0.66,-1.45,-4.19,0.96,0.36,-0.06,-0.16,0.35,-2.45,-0.45,-2.96,-4.28,-4.11
197112,8.3,8.61,9.51,12.31,13.77,7.89,9.46,8.96,8.14,9.38,9.69,11.45,13.56,13.9,13.66
197201,1.89,1.04,4.44,5.43,10.39,2.41,0.85,0.48,1.78,2.97,6.21,4.05,7.13,8.65,12.38
197202,2.59,3.14,3.85,4.49,4.08,1.5,4.7,2.29,4.42,4.68,3.1,4.76,4.15,4.37,3.77
197203,1.57,0.43,-0.02,-0.21,-0.87,1.82,0.96,0.53,0.29,-0.78,0.95,-0.08,-0.35,-1.02,-0.72
197204,0.12,1.51,0.68,1.65,-0.79,-0.36,1.13,2.08,0.45,0.87,0.35,0.03,3.08,0.67,-2.2
197205,2.3,1.83,0.61,0.45,-1.49,2.42,2.02,2.75,0.57,0.88,0.02,0.82,0.05,-0.11,-2.78
197206,-1.42,-1.74,-3.39,-4.96,-3.34,-1.14,-2.14,-1.36,-2.16,-3.68,-3.04,-5.4,-4.49,-3.62,-3.05
197207,1.22,-0.59,-2.37,-4.9,-5.66,1.37,0.85,-1.03,-0.06,-2.2,-2.57,-5.04,-4.71,-3.58,-7.82
197208,3.68,4.43,3.62,3.3,-0.02,3.37,4.51,4.66,4.09,3.54,3.72,3.78,2.65,1.22,-1.25
197209,0.25,-0.75,-1.21,-3.03,-5.05,-0.02,0.72,0.05,-1.59,-1.11,-1.37,-3.05,-3,-4.34,-5.86
197210,1.26,1.45,0.79,0.37,-3.05,-0.22,3.32,1.41,1.5,1.35,0.03,1.69,-1.27,-1.39,-4.68
197211,4.01,6.05,6.84,5.35,5.66,4.27,3.43,6.28,5.82,6.15,8.16,4.54,6.18,6.99,4.35
197212,2.01,0.89,-0.1,-2.03,-2.36,2.45,1.07,1.38,0.17,-0.22,0.07,-1.58,-2.43,-1.06,-3.67
197301,-0.28,-3.97,-6.32,-7.16,-9.56,0.66,-2.26,-2.89,-5.71,-6.56,-5.98,-6.01,-8.45,-8.33,-10.93
197302,-3.1,-4.28,-5.73,-6.72,-10.01,-3.09,-3.11,-3.27,-5.57,-5.17,-6.5,-7.35,-6.15,-9.22,-10.83
197303,-0.45,-0.5,-1.06,-1.19,-2.82,-0.25,-0.97,0.7,-1.84,-1.32,-0.75,-0.16,-2.86,-1.97,-3.96
197304,-3.29,-5.13,-7.72,-7.98,-10.93,-2.85,-4.34,-5.07,-5.2,-8.02,-7.42,-6.15,-10.25,-9.99,-11.62
197305,-0.76,-2.8,-2.7,-5.61,-10.33,-1.3,0.28,-2.69,-2.92,-2.39,-3.01,-5.05,-6.14,-9.84,-10.73
197306,0.05,-1.27,-2.64,-3.44,-4.73,-0.4,0.79,-0.76,-2.09,-3.71,-1.1,-3.16,-3.76,-5.61,-3.85
197307,2.14,5.74,12.29,13.56,17.86,1.46,3.81,4.19,7.82,12.66,11.76,13.29,13.94,16.65,19.18
197308,-3.47,-2.69,-2.29,-1.76,-6.28,-3.9,-2.26,-3.19,-1.9,-0.35,-4.6,-1.01,-2.73,-3.97,-8.85
197309,2.53,7.89,7.94,9.58,11.3,1.64,5.2,6.56,10.16,6.98,9.42,9.85,9.2,12.34,10.32
197310,-0.37,1.75,-1.91,-1.38,-3.41,-0.78,0.49,2.66,0.13,-1.45,-2.55,0.51,-3.94,-3.51,-3.33
197311,-9.79,-11.66,-14.5,-18.29,-21.51,-9.9,-9.59,-12.25,-11.12,-13.94,-15.45,-18.42,-18.15,-22.44,-20.6
197312,1.58,1.98,0.33,-1.33,-1.78,0.98,3.06,1.8,2.28,0.61,-0.12,-0.11,-3.05,-0.84,-2.73
197401,-0.44,-1.09,1.34,5.42,9.72,-0.49,-0.31,-1.96,0.2,0.39,2.39,2.43,10.05,6.92,12.66
197402,0.14,-0.09,0.05,0.81,-0.42,-0.34,1.25,0.48,-0.86,-0.17,0.33,0.18,1.53,-0.23,-0.62
197403,-2.13,-2.72,-1.47,-3.4,-3.37,-1.94,-2.51,-2.63,-2.84,-1.45,-1.52,-4.51,-1.87,-5.3,-0.75
197404,-4.18,-4.43,-4.81,-6.31,-7.42,-4.18,-4.16,-4.27,-4.65,-3.83,-6.19,-5.55,-7.43,-6.38,-8.64
197405,-2.64,-4.45,-5.22,-5.92,-9.49,-1.8,-5.04,-5.03,-3.67,-4.4,-6.43,-4.03,-8.67,-9.49,-9.49
197406,-1.48,-1.85,-3.87,-3.99,-5.95,-0.84,-3.56,-0.19,-4,-4.19,-3.57,-2.62,-6.11,-4.83,-7.06
197407,-7.87,-7.95,-5.89,-5.04,-6.27,-8.6,-5.43,-8.7,-6.76,-6.05,-5.64,-5.41,-4.65,-7.45,-4.29
197408,-8.01,-10.41,-8.7,-9.71,-10.43,-7.58,-9.25,-9.76,-11.36,-9.3,-8.08,-10.1,-9.18,-10.04,-10.96
197409,-11.19,-9.96,-9.03,-12.32,-11.8,-10.99,-11.71,-11.2,-8.4,-9.17,-8.89,-13.21,-11.14,-10.98,-12.67
197410,14.91,18.52,19.04,20.44,17.13,13.71,17.81,17.88,19.16,16.42,21.99,20.85,19.79,18.36,15.22
197411,-4.41,-4.25,-1.42,-4.12,-6.36,-4.82,-3.56,-5.5,-2.81,-1.51,-1.28,-4.12,-4.11,-5.67,-7.42
197412,-0.88,-3.93,-4.94,-4.35,-8.61,-1.16,-0.43,-3.97,-3.88,-5.02,-4.84,-4.06,-4.64,-5.9,-12.27
197501,10.9,16.61,15.27,21.61,29.34,10.04,12.23,14.12,20.7,12.91,17.69,21.19,22.07,27.89,31.36
197502,6.09,5.57,6.08,6.48,5.66,3.62,9.01,4.89,6.64,4.59,8.2,4.82,8.82,7.48,2.87
197503,1.58,2.82,5.79,6.94,10.23,1.47,1.72,2.98,2.57,5.62,6.01,6.9,6.99,9.69,11.17
197504,4.37,4.35,5.21,6.36,4.16,4,5,3.81,5.62,6.13,3.73,6.18,6.56,6.19,1.29
197505,4.71,6.2,6.38,8.37,8.93,4.44,5.22,5.66,6.99,4.7,8.4,8.37,8.37,8.47,9.65
197506,4.59,6.16,6.19,5.89,6.79,4.21,5.43,5.58,6.81,5.76,6.89,5.16,7.01,7.08,6.39
197507,-6.05,-6.28,-6.53,-5.77,-5.55,-6.11,-5.89,-6.12,-6.54,-7.35,-5.25,-6.1,-5.38,-6.15,-4.78
197508,-1.87,-2,-3.32,-4.22,-6.75,-1.85,-1.92,-1.5,-2.66,-2.87,-4.06,-3.96,-4.53,-6.09,-7.54
197509,-3.03,-4.44,-4.2,-4.69,-5.97,-3.05,-2.97,-3.6,-5.45,-4.3,-4.06,-4.33,-5.21,-5.63,-6.37
197510,6.15,6.14,6.07,5.21,0.87,6.8,4.64,6.71,5.39,6.04,6.11,5.79,4.45,1.89,-0.53
197511,3.15,2.65,3.22,4.46,1.63,3.28,2.8,2.39,2.98,2.95,3.58,4.53,4.38,2.07,1.05
197512,-1.3,-0.91,-1.51,-0.32,-0.02,-1.03,-1.79,-1.2,-0.6,-1.6,-1.37,0.1,-0.84,-0.74,0.8
197601,11.09,12.15,16.41,16.34,19.61,10.34,13.55,10.32,15.67,15.85,17.26,15.24,17.64,18.44,21.16
197602,-0.58,0.05,2.29,5.59,10.43,-0.63,-0.45,-1.04,1.54,2.43,2.1,4.33,6.94,7.77,14.2
197603,3.07,1.71,2.57,2.08,2.34,3.05,3.15,1.9,1.39,2.48,2.66,2.08,2.07,3.46,1.19
197604,-0.38,-1.69,-1.7,-2.85,-3.03,-0.5,-0.08,-2.01,-0.99,-0.78,-2.75,-3.89,-1.65,-2.48,-3.53
197605,-1.02,-0.7,-0.41,-1.18,-2.56,-1.41,-0.1,-0.98,-0.32,0.18,-1.23,-1.9,-0.21,-1.45,-3.67
197606,4.02,4.94,5.87,6.1,4.62,3.77,4.71,4.76,5.19,6.54,5.12,6.32,5.75,5.37,3.8
197607,-0.51,0.12,-1.35,-1.39,-1.41,-0.62,-0.22,-0.8,1.43,-1.35,-1.34,-1.61,-1.09,-1.16,-1.64
197608,0.69,-0.49,-0.7,-2.07,-3.79,0.76,0.5,-0.97,0.19,-0.76,-0.63,-1.65,-2.63,-3.62,-4.02
197609,2.68,1.86,2.53,2.23,2.73,2.49,3.02,1.67,2.15,2.5,2.58,2.12,2.41,3.8,1.33
197610,-1.75,-1.86,-2.83,-3.64,-2.95,-1.69,-1.85,-1.31,-2.63,-3.5,-1.88,-3.83,-3.35,-2.19,-3.81
197611,0.07,0.13,2.66,3.55,3.9,0.16,-0.16,-0.86,1.54,2.7,2.62,2.74,4.97,4.99,2.59
197612,5.32,5.67,7.57,9.31,10.11,5.23,5.55,5.68,5.66,7.28,7.97,9.01,9.66,8.22,12.18
197701,-4.2,-3.27,-4.28,-1.41,0.78,-3.46,-6.04,-2.93,-3.77,-4.22,-4.35,-2.44,-0.19,-0.5,2.28
197702,-1.29,-2.1,-1.66,-2.22,-2.63,-1.25,-1.38,-2.02,-2.23,-1.58,-1.75,-2.21,-2.23,-3.76,-1.58
197703,-1.5,-0.33,0.02,-0.45,0.12,-1.5,-1.51,-0.43,-0.2,0.14,-0.11,-0.61,-0.22,0.38,-0.08
197704,0.24,0.5,1.42,1.55,0.66,0.16,0.43,1.26,-0.37,1.13,1.81,1.13,2.2,1.16,0.22
197705,-0.73,-1.07,-2.39,-1.03,-0.59,-0.43,-1.38,-0.67,-1.52,-3.06,-1.42,-1.27,-0.78,-0.62,-0.56
197706,4.15,5.61,6.13,7.86,8.03,4.02,4.43,5.77,5.41,5.48,7.49,7.49,8.26,8.69,7.29
197707,-0.83,-2.08,-0.79,-2.29,-1.38,-0.7,-1.18,-1.77,-2.54,-0.49,-1.21,-3.1,-1.13,-1.29,-1.48
197708,-1.99,-0.49,0.04,-0.75,-0.89,-1.83,-2.33,-0.28,-0.74,-0.47,0.78,-1.12,-0.28,-0.26,-1.63
197709,0.32,-0.3,0.2,0.05,0.3,0.52,-0.11,-0.02,-0.66,0.45,-0.07,0.5,-0.56,0.12,0.5
197710,-3.65,-4.22,-3.82,-4.1,-4.07,-3.44,-4.15,-4.55,-3.6,-3.58,-4.12,-3.56,-4.79,-3.7,-4.57
197711,3.09,5.39,5.86,7.8,8.67,2.55,4.1,5.09,5.73,5.78,5.97,7.03,8.81,10.18,6.82
197712,0.49,0.78,1.94,1.01,1.03,0.81,-0.32,1.35,-0.06,1.65,2.32,-0.21,2.64,1.57,0.37
197801,-5.51,-6.75,-4.84,-4.67,-2.07,-5.3,-5.98,-6.81,-6.66,-4.87,-4.78,-4.47,-4.9,-3.02,-1.01
197802,-1.01,-1.9,0.06,0.32,1.16,-0.55,-2.01,-2.37,-1.07,0.07,0.05,0.56,0.07,0.81,1.52
197803,1.99,4.51,5.36,5.77,7.08,1.44,2.87,4.09,5.02,4.97,5.87,5.62,5.92,7.65,6.49
197804,7.81,9.19,9.67,8.87,7.86,7.01,9.24,9.06,9.34,9.88,9.4,9.3,8.31,9.18,6.54
197805,0.5,2.8,3.93,7.47,7.92,-0.07,2.02,2.21,3.54,3.72,4.3,7.17,7.85,7.36,8.53
197806,-1.43,-0.51,-2.21,0.34,-0.5,-1.27,-1.86,-1,0.18,-2.27,-2.1,1.57,-1.31,-1.12,0.27
197807,4.57,5.96,7.71,8.51,5.61,4.21,5.31,5.93,6,8.14,7.03,9.59,7.39,7.39,3.73
197808,2.92,3.97,6.5,7.47,8.19,3.2,2.32,4.67,2.77,5.67,7.68,7.78,7.2,6.41,9.86
197809,0.01,-1.9,-0.82,-0.88,-2.57,0.14,-0.27,-1.74,-2.12,0.3,-2.16,-0.84,-0.92,-2.84,-2.29
197810,-7.25,-10.98,-14.71,-18.93,-26.04,-6.38,-8.97,-10.81,-11.16,-13.24,-16.62,-16.57,-21.78,-24.46,-27.37
197811,2.38,3.03,4.86,6.87,8.63,2.8,1.47,2.85,3.38,4.08,6.07,5.87,7.99,8.1,9.04
197812,1.77,1.08,2.53,2.26,0.83,1.92,1.53,0.84,1.48,2.04,3.08,2.37,2.09,1.76,-0.01
197901,3.84,4.72,6.45,7.99,9.68,3.79,3.92,4.13,5.74,6.52,6.34,6.71,9.66,10.11,9.32
197902,-2.5,-3.53,-3.12,-3.51,-2.24,-2.47,-2.59,-3.24,-3.97,-3.26,-2.94,-4.13,-2.8,-1.99,-2.45
197903,4.39,7.27,9.74,11.34,11.37,3.99,5.39,6.83,8.11,9.03,10.91,11.42,11.27,12.27,10.62
197904,0.36,0.74,1.08,1.58,2.69,0.09,1.04,0.81,0.65,1.24,0.86,2,1.19,1.82,3.46
197905,-1.22,-1.3,-2.02,-0.85,-2.14,-1.28,-1.08,-1.24,-1.36,-2.47,-1.31,-0.54,-1.2,-1.56,-2.72
197906,3.1,5.98,7.39,6.93,6.05,2.64,4.29,5.59,6.45,6.63,8.63,6.29,7.62,6.58,5.56
197907,0.85,2.86,2.74,3.46,0.17,0.42,1.81,3.95,1.77,3.19,2.12,3.22,3.71,1.47,-1.11
197908,5.26,7.02,8.48,8.33,6.1,4.68,6.4,6.11,8.23,8.72,8.05,8.22,8.48,7.77,4.72
197909,-0.58,0.75,1.73,-0.54,-0.3,-1.74,1.36,-0.11,1.82,1.96,1.41,-0.84,-0.19,-0.01,-0.62
197910,-6.2,-7.44,-7.81,-8.77,-11.05,-5.83,-7.05,-7.59,-7.23,-8.46,-7.06,-9.78,-7.78,-9.98,-12.13
197911,4.39,6.97,9.06,10.38,8.27,3.96,5.36,6.95,7.02,8.81,9.32,11.26,9.41,9.41,7.14
197912,0.32,2.82,5.86,7.42,7.57,-0.45,1.91,1.85,3.9,5.41,6.29,6.1,8.84,7.51,7.62
198001,4.04,6.93,9.77,9.54,9.57,3.64,4.97,6.39,7.74,8.91,10.87,9.43,9.65,8.59,10.44
198002,-1.36,-1.62,3.63,-0.66,0.38,-0.37,-2.49,-0.14,-3.46,4.63,2.51,-0.85,-0.47,-0.2,1
198003,-6.76,-9.7,-14.06,-18.26,-23.24,-5.84,-7.96,-7.82,-12.26,-13.65,-14.63,-17.79,-18.84,-21.48,-25.49
198004,4.83,5.95,4.49,4.89,6.8,5.63,3.71,5.88,6.02,4.92,3.68,4.31,5.54,7.05,6.45
198005,5.39,5.01,7.35,7.24,7.17,5.08,5.96,4.95,5.06,5.92,8.97,6.26,8.6,6.83,7.61
198006,3.27,4.17,2.13,5.31,5.35,2.72,4.5,4.61,3.66,2.37,1.82,4.77,5.85,6.03,4.58
198007,5.4,7.2,8.64,11.52,8.08,4.92,6.38,8.32,6.32,6.71,11.16,11.2,11.83,9.87,5.82
198008,1.36,1.07,3.99,5.12,6.91,1.55,1.01,0.28,1.85,4.26,3.61,4.97,5.23,7.36,6.5
198009,1.02,4.43,6.18,2.83,4.45,0.23,2.51,3.1,6.36,7.45,3.92,2.81,2.85,4.69,4.17
198010,0.32,2.12,4.19,3.28,3.84,0.65,-0.2,2.86,0.89,4.69,3.54,4.95,1.48,3.12,4.66
198011,7.55,10.08,15.25,12.84,13.02,4.51,11.89,9.9,10.25,13.64,17.41,12.93,12.77,15.76,9.87
198012,0.83,-2.84,-6.08,-7.38,-6.63,0.46,1.56,-2.79,-2.9,-6.22,-5.91,-6.26,-8.66,-4.97,-8.13
198101,-0.7,-5.06,-6.52,-7.04,-4.73,0.16,-2.61,-5.56,-4.55,-7.2,-5.32,-6.88,-7.24,-3.89,-5.57
198102,2.22,2.16,1.1,0.34,0.55,2.56,1.71,2.51,1.91,0.11,2.37,0.11,0.61,0.48,0.62
198103,2.71,5.75,6.66,6.2,5.99,2.37,3.41,5.59,5.9,6.63,6.71,5.4,7.28,7.4,4.79
198104,-0.51,-0.67,-2.43,-1.81,-0.62,-0.86,0.25,-0.25,-1.1,-1.52,-3.33,-1.51,-2.01,0.83,-1.75
198105,0.62,1.24,0.22,4.42,2.07,1,0.08,1.22,1.27,-0.04,0.55,3.99,4.84,3.07,1.1
198106,0.59,-1.65,0.06,-2.96,-5.83,0.46,0.81,-1.09,-2.22,1.1,-1.1,-1.94,-3.93,-6.17,-5.56
198107,-1.54,0.19,-0.11,2.14,1.03,-1.16,-2.23,-0.44,1.03,-0.82,0.73,1.15,2.95,1.55,0.48
198108,-3.79,-6.62,-5.82,-8.37,-7.93,-3.48,-4.37,-5.83,-7.57,-6.43,-4.87,-8.57,-8.12,-8.69,-7.16
198109,-2.89,-4.9,-6.67,-9.02,-13.97,-1.73,-4.68,-4.72,-5.09,-5.97,-7.75,-7.38,-10.47,-13.3,-14.43
198110,3.78,5.96,7.9,10.3,10.39,2,7.21,7.06,4.76,7.86,7.94,9.22,11.57,11.14,9.68
198111,4.87,4.34,4.42,4.54,2.66,5.45,3.49,4.5,4.11,5.32,2.99,2.78,7.01,2.72,2.61
198112,-1.73,-3.1,-2.82,-2.97,-5.62,-1.55,-2.15,-3.43,-2.69,-2.47,-3.25,-2.89,-3.1,-4.2,-7.18
198201,-0.15,-2.98,-3.83,-4.87,-6.96,0.78,-1.93,-3.26,-2.69,-3.58,-4.11,-4.41,-5.47,-6.05,-7.95
198202,-3.11,-4.81,-6.63,-8.47,-7.98,-2.29,-4.19,-4.57,-5.09,-5.21,-8.37,-6.85,-10.1,-7.65,-8.3
198203,-0.05,-0.51,-1.56,-2.37,-3.58,0.54,-1.06,0.3,-1.51,-1.19,-1.9,-2.28,-2.48,-3.26,-3.86
198204,3,4.92,5.86,6.04,5.6,2.68,3.83,4.63,5.4,5.53,6.2,6.46,5.45,7.06,3.46
198205,-1.76,-2.84,-4.43,-3.62,-4.71,-1.69,-1.91,-2.95,-2.7,-5.4,-3.55,-3.61,-3.62,-3.98,-5.71
198206,-0.85,-2.88,-2.55,-2.79,-5.07,-0.77,-1.05,-3.25,-2.51,-2.24,-2.89,-2.56,-3.04,-2.66,-7.92
198207,-0.53,-3.16,-3.5,-3.51,-5.16,0.22,-2.06,-2.43,-3.92,-2.5,-4.66,-3.56,-3.45,-5.96,-4.28
198208,11.61,12.22,12.29,13.39,9.75,11.2,12.4,12.69,11.75,12.07,12.53,13.34,13.48,11.81,7.19
198209,1.51,2.78,1.86,1.55,1.3,1.5,1.53,2.65,2.95,1.85,1.88,1.61,1.49,2.36,-0.32
198210,9.1,11.97,13.61,17.53,15.36,8.92,9.43,12.62,11.42,13.55,13.7,18,16.95,18.99,11.88
198211,4.76,4.05,6.59,7.43,6.3,4.16,6.14,2.43,6.49,6.49,6.71,9.58,5.5,7.93,4.48
198212,1.67,0.84,0.55,1.56,1.28,2.93,0.09,0.76,0.97,0.4,0.71,0.98,2.18,0.38,2.08
198301,3.91,3.04,3.44,7,8.23,5.07,2.2,2.52,3.46,3.48,3.4,5.63,8.94,8.19,8.27
198302,2.63,4.2,3.98,3.24,1.7,1.9,4.02,4.83,3.4,5.55,2.66,3.67,2.67,4.49,-0.74
198303,2.25,4.95,4.63,3.7,1.96,2.13,2.41,5.51,4.19,3.94,5.27,4.27,2.9,2.07,1.84
198304,7.61,6.36,7.19,7.13,9.21,7.82,7.32,5.91,6.93,6.7,7.6,7.97,5.78,9.19,9.23
198305,-1.74,1.73,1.09,5.31,8.36,-1.95,-1.42,2.48,1.1,-0.21,3.44,3.99,6.82,6.92,10.08
198306,2.63,3.35,4.32,6.1,5.69,1.71,4.06,1.19,5.25,3.91,4.87,7.29,4.3,7.37,3.89
198307,-1.43,-3.29,-3.95,-5.26,-6.89,-0.43,-2.8,-2.88,-3.68,-2.75,-5.21,-4.84,-5.72,-6.91,-6.87
198308,1.53,0.35,0.68,-1.95,-2.32,2.44,0.27,0.49,0.17,-0.38,2.14,-2.23,-1.66,-0.67,-3.97
198309,3.19,1.52,0.35,1.16,-0.75,3.51,2.76,1.08,2.31,1.71,-0.97,1.03,1.3,1.11,-2.34
198310,0.44,-2.33,-4.05,-5.42,-10.41,0.75,-0.01,-0.2,-4.24,-4.21,-3.78,-4.98,-5.98,-9.55,-11.26
198311,0.75,2.98,4.55,5.19,5.23,-0.6,2.78,3.27,2.54,2.42,7.02,5.23,5.16,6.31,4.31
198312,-0.91,-0.44,-0.66,-0.98,-3.3,-0.39,-1.82,-1.51,0.6,0.48,-1.96,-1.88,-0.13,-2.63,-3.91
198401,-0.54,-0.89,-0.83,-3.81,-1.4,-0.34,-0.95,-1.31,-0.45,0.91,-3.23,-3.03,-4.48,-2.95,-0.06
198402,-3.81,-3.37,-3.66,-5.63,-5.49,-3.34,-5.3,-2.71,-4.38,-2.87,-4.72,-6.71,-4.48,-5.81,-5.22
198403,1.31,2.01,1.61,1.87,-0.43,0.98,2.05,1.2,3.2,0.81,2.49,1.59,2.16,0.74,-1.37
198404,1.05,0.72,-0.16,-0.64,-1.05,1.54,0.3,0.69,0.74,-0.94,0.63,0.3,-1.64,-1.37,-0.79
198405,-3.62,-5.84,-6.27,-5.96,-7.03,-3.53,-3.76,-6.78,-4.87,-5.52,-7.22,-5.5,-6.41,-7.62,-6.58
198406,2.25,2.44,2.55,4.87,1.8,1.96,2.81,2.33,2.56,2.49,2.61,5.07,4.62,1.77,1.82
198407,-0.07,-1.87,-3.41,-3.65,-6,0.46,-1.12,-1.67,-2.12,-2.14,-4.79,-3.83,-3.47,-4.84,-7.19
198408,8.97,11.5,12.88,14.8,12.74,8.28,10.41,11.68,11.3,12.61,13.3,15.81,13.8,14.58,10.65
198409,1.46,-0.82,0.24,-1.72,-1.93,1.73,0.95,-1.05,-0.56,0.03,0.53,-0.6,-3.11,-1.33,-2.56
198410,1.33,0.17,0.17,-1.81,-3,1.46,1.11,0.03,0.28,0.59,-0.33,-1.26,-2.41,-1.82,-4.4
198411,-0.3,-0.52,-1.15,-2.1,-4.67,-0.26,-0.37,-0.98,-0.08,-0.89,-1.39,-2.38,-1.83,-4.19,-5.16
198412,2.23,3.25,2.85,2.16,1.58,2.17,2.34,3.65,2.81,2.66,3.2,2.52,1.79,3.44,-0.3
198501,6.75,7.55,10.92,10.77,13.49,5.94,8.52,7.23,7.94,9.94,11.99,9.58,12.37,12.83,14.34
198502,1.57,2.31,1.77,1.63,1.74,1.61,1.5,2.94,1.43,1.4,2.23,0.86,2.52,0.85,2.67
198503,0.68,0.49,-0.62,-2.09,-3.22,0.4,1.19,1.39,-0.72,-0.97,-0.32,-2.11,-2.06,-0.38,-6.61
198504,0.68,0.56,-0.91,-1.74,-3.96,0.79,0.53,1.28,-0.42,-1.19,-0.54,-2.65,-0.79,-3.61,-4.4
198505,5.87,7.2,6.1,4.96,2.34,5.29,6.75,6.25,8.33,5.99,6.23,5.58,4.18,3.47,0.93
198506,1.94,2.18,2.16,1.56,0.5,2.14,1.61,2.91,1.03,2.34,1.97,2.52,0.59,0.92,0.02
198507,-0.53,-0.87,0.42,1.09,1.38,-0.34,-0.76,-1.65,0.19,-0.03,0.89,0.92,1.28,1.54,1.17
198508,-0.04,-0.56,-0.25,-0.66,-2.44,-0.25,0.22,-0.88,-0.27,-0.83,0.41,-0.47,-0.84,-2.57,-2.29
198509,-3.01,-4.04,-4.16,-3.8,-8.06,-3.22,-2.69,-3.68,-4.57,-3.61,-4.84,-3.96,-3.63,-7.42,-8.82
198510,4.73,4.88,4.76,4.93,3.02,4.51,5.25,4.83,4.92,4.46,5.1,5.01,4.83,3.77,2.04
198511,6.59,8.51,6.93,7.35,5.18,7.49,4.96,8.83,8.08,6.75,7.13,7.45,7.27,5.96,4.16
198512,5.32,4.28,4,3.73,3.18,6.37,3.59,3.02,5.45,4.05,3.94,2.56,4.93,2.71,3.82
198601,0.72,1.65,1.93,0.4,1.29,1.46,-0.27,1.73,1.52,1.63,2.23,0.49,0.32,0.81,1.92
198602,7.81,8.45,7.23,6.93,5.69,7.26,8.66,7.73,9.32,7.61,6.76,5.23,8.81,6.31,4.87
198603,5.34,6.2,5.74,4.63,3.89,4.69,6.3,6.17,6.25,5.35,6.13,5.21,3.97,4.18,3.51
198604,-1.06,-1.27,0.41,-1.65,0.87,-0.7,-1.46,-0.25,-2.57,-0.62,1.34,-1.46,-1.82,1.34,0.07
198605,4.43,5.87,6.3,5.36,3.7,3.34,5.8,5.95,5.75,6.36,6.25,5.43,5.27,3.2,4.36
198606,2.36,1.74,1.09,0.81,-0.83,3.01,1.45,1.58,1.97,0.8,1.45,-0.37,2.15,-0.69,-1.02
198607,-3.16,-6.54,-6.76,-9.27,-10.77,-2.54,-4.01,-7.1,-5.92,-7.74,-5.71,-8.95,-9.64,-9.53,-12.13
198608,7.32,6.83,6.46,5.65,3.66,7.67,6.66,6.78,6.91,6.24,6.77,4.97,6.64,5.27,1.25
198609,-8.6,-8.87,-7.52,-7.04,-6.06,-8.2,-9.35,-9.35,-8.36,-8.46,-6.07,-6.75,-7.38,-5.4,-6.82
198610,4.43,6.4,5.89,5.36,3.52,3.44,6.2,7.21,5.57,5.56,6.31,6.78,3.89,5.91,0.29
198611,2.7,1.39,0.83,0.49,-1.67,2.89,2.45,0.84,1.97,1.18,0.47,1.08,-0.25,0.1,-3.85
198612,-2.46,-2.39,-2.57,-3.48,-4.83,-1.58,-3.34,-2.21,-2.59,-1.84,-3.36,-3.42,-3.53,-4.67,-5.04
198701,12.95,12.02,12.76,15.18,12.07,12.5,13.59,11.42,13.11,12.92,12.58,15.91,14.34,13.03,10.49
198702,2.84,4.6,6.81,8.56,7.2,2.33,3.79,3.5,6.55,7.02,6.59,7.76,9.29,7.87,6.47
198703,1.77,2.39,3.05,1.44,2.3,0.4,3.06,0.87,4.43,3.68,2.49,1.33,1.61,2.8,1.6
198704,-1.67,-1.29,-2.65,-1.83,-1.5,-3.1,-0.33,-0.57,-2.32,-3.03,-2.21,-1.39,-2.45,-0.74,-2.32
198705,0.47,0.12,1.31,0.77,0.46,0.15,0.8,-0.31,0.56,2.49,-0.27,-0.18,1.73,1.6,-0.78
198706,5.26,6.49,3.9,2.57,-0.3,4.97,5.61,6.73,6.12,4.64,2.65,2.74,2.34,0.78,-1.68
198707,3.02,5.11,5.82,5.69,4.23,1.26,4.85,5.81,4.25,5.69,5.99,5.9,5.42,3.75,4.98
198708,4.94,3.91,3.46,2.6,2.16,4.74,5.17,4.2,3.49,3.44,3.47,2.21,2.95,3.31,0.77
198709,-2.46,-2.93,-1.17,-1.15,-1.16,-2.58,-2.31,-3.53,-2.25,-1.54,-0.73,-0.38,-1.85,-0.72,-1.77
198710,-17.86,-22.31,-25.67,-30.05,-30.8,-14.37,-20.86,-20.46,-24.46,-24.7,-26.9,-29.81,-30.26,-31.42,-30.08
198711,-7.23,-8.01,-7.65,-6.48,-7.24,-6.49,-8.2,-7.78,-8.29,-7.44,-7.92,-6.53,-6.42,-8.06,-6.31
198712,4.57,9,10.21,10.84,5.48,3.06,6.5,8.16,9.88,9.84,10.67,10.3,11.61,6.62,4.14
198801,5.16,5.03,4.47,2.6,1.61,6.1,3.52,5.03,5.03,6.23,2.08,1.73,3.79,0.56,2.89
198802,2.72,5.89,7.85,9.68,8.23,1.98,3.9,6.48,5.24,7.16,8.62,9.2,10.28,8.51,7.88
198803,-3.55,-2.47,-0.68,2.49,3.92,-4.5,-1.94,-3.29,-1.2,-1.45,0.38,1.92,3.16,4.29,3.54
198804,1.09,0.84,0.99,1.81,0.51,1.8,0.31,0.11,1.75,0.78,1.21,2.01,1.61,0.14,0.93
198805,1.53,-0.09,-0.66,-1.2,-3.14,1.49,1.57,0.98,-1.4,-0.32,-1.08,-1.19,-1.22,-2.92,-3.45
198806,4.13,5.83,6.7,6.52,6.03,3.88,4.48,5.34,6.47,6.43,6.99,5.42,8.01,6.53,5.27
198807,0.08,-0.98,-1.53,-2.49,-1.22,-0.29,0.55,-1.28,-0.59,-2.12,-0.76,-2.69,-2.14,-1.63,-0.5
198808,-2.47,-2.39,-3.69,-3.28,-2.48,-2.71,-2.04,-2.41,-2.37,-3.32,-4.13,-2.52,-4.53,-2.16,-3.12
198809,4.11,4.48,3.61,3.45,1.85,4.14,4.07,4.43,4.55,3.77,3.42,4.28,2.69,2.68,0.26
198810,3.53,1.09,-0.18,0.91,-1.63,2.95,4.49,1.1,1.07,-0.29,0,2.24,-0.52,-0.87,-2.99
198811,-0.99,-1.72,-2.44,-2.55,-2.87,-1.19,-0.65,-1.22,-2.41,-2.9,-1.92,-1.89,-3.25,-4.74,-0.71
198812,1.45,1.89,3,3.15,3.59,1.75,1.11,1.1,2.88,2.31,3.91,2.99,3.31,5.16,1.48
198901,6.41,7.31,6.93,6.4,5.26,5.9,7,6.9,7.88,6.46,7.65,6.64,6.13,4.96,5.65
198902,-2.74,-1.77,-0.68,1.17,0.27,-2.82,-2.59,-1.6,-2.04,-0.7,-0.65,0.9,1.49,0.34,0.16
198903,2.3,3.02,2.1,1.35,0.91,1.62,3.4,4.29,1.37,2.07,2.13,0.89,1.87,0.67,1.23
198904,4.7,6.48,4.52,4.91,3.58,4.27,5.37,6.56,6.37,4.67,4.34,4.79,5.06,5.62,0.77
198905,3.93,4.85,3.46,5.15,3.51,3.97,3.88,4.41,5.49,2.84,4.44,5.33,4.85,4.56,1.61
198906,0.11,-0.58,-1.32,-1.56,-1.83,0.73,-0.36,-0.93,-0.13,-0.53,-2.49,-1.66,-1.4,-1.73,-2.02
198907,8.45,9.57,7.66,5.61,2.63,6.16,10.87,9.84,9.24,8.32,6.92,6.93,4.5,4.35,-0.28
198908,1.25,2.55,3.34,3.16,1.74,0.51,1.96,2.33,2.83,3.42,3.23,3,3.31,2.86,0.26
198909,0.29,-0.16,-0.55,-0.7,0.43,-0.77,1.26,0.02,-0.37,-1.26,0.62,-0.48,-0.91,0.35,0.54
198910,-0.96,-2.32,-4.92,-5.97,-7.71,-0.58,-1.19,-2.1,-2.67,-5.05,-4.73,-5.13,-6.83,-6.62,-9.55
198911,2.95,1.43,1.6,0.69,-0.95,3.34,2.62,1.78,0.81,1.29,1.94,1.11,0.02,-0.69,-1.4
198912,3.32,1.59,0.05,1.01,-0.92,4.62,2.42,2.1,0.33,0.22,-0.13,1.01,1.01,-0.69,-1.23
199001,-6.18,-7.57,-7.71,-7.56,-11.35,-4.74,-7.47,-7.7,-7.37,-7.74,-7.67,-9.52,-4.9,-11.69,-10.53
199002,0.86,1.44,2.63,3.44,2.74,0.48,1.12,1.84,0.99,2.76,2.46,3.02,4,2.73,2.76
199003,2.49,2.37,2.03,3.23,2.64,2.13,2.77,2.84,1.74,2.36,1.71,3.05,3.4,3.22,1.33
199004,-1.67,-2.88,-3.56,-4.56,-3.62,-1.33,-1.98,-3.19,-2.31,-3.31,-3.82,-4.93,-4.19,-3.12,-4.59
199005,8.82,8.45,10.46,10.01,8.66,7.96,9.81,8.04,9.21,11.25,9.56,9.78,10.38,9.96,5.93
199006,-0.06,-0.78,-0.83,-1.49,-0.22,-0.23,0.16,0.19,-1.93,-1.42,-0.18,-1.78,-1.17,-0.64,0.53
199007,1.09,-1.3,-3.61,-4.72,-5.99,1.68,0.09,-1.87,-0.59,-3.18,-4.04,-4.48,-5.02,-6.16,-5.67
199008,-8.02,-9.49,-9.89,-12.03,-14.06,-8.61,-7.42,-9.49,-9.5,-9.54,-10.39,-12.07,-11.98,-13.72,-14.73
199009,-3.37,-5.31,-6.29,-9.15,-10.89,-3.06,-3.85,-4.44,-6.29,-4.87,-8.04,-8.24,-10.49,-9.59,-13.96
199010,1.8,-0.93,-3.26,-7.15,-6.82,3.54,-0.17,0.28,-2.29,-3.9,-2.76,-6.5,-8.14,-5.83,-8.71
199011,5.38,6.28,10.01,9.95,8.18,5.65,5.04,5.84,7.13,9.42,10.74,8.74,11.86,8.71,7.12
199012,2.16,2.71,4.85,6.7,0.6,2.37,1.91,2.52,2.99,5.21,4.44,7.4,5.56,2.36,-3.21
199101,1.28,7.42,8.42,10.69,10.76,0.7,2.15,7.31,7.61,6.37,10.84,10.6,10.84,11.8,8.11
199102,6.91,6.96,7.53,11.49,14.72,7.1,6.71,6.52,7.76,6.05,9.22,11.29,11.79,13.99,16.56
199103,2.8,2.03,3.97,3.99,8.22,2.2,3.33,2.19,1.85,4.54,3.44,3.25,5.08,8.41,7.71
199104,0.71,-0.51,0.63,0,0.03,0.32,1.01,-0.58,-0.39,1,0.23,-0.4,0.59,0.33,-0.79
199105,2.39,4.81,7.5,4.58,3.28,2.19,2.61,4.4,5.43,8.54,6.17,4.87,4.17,4.8,-0.49
199106,-2.8,-5.11,-6.02,-6.61,-6.94,-2.56,-2.99,-4.3,-5.91,-6.06,-5.97,-6.08,-7.39,-7.02,-6.74
199107,4.57,4.02,4.8,6.08,5.55,4.4,4.78,5.61,1.7,4.78,4.82,6.59,5.1,6.27,3.83
199108,2.3,2.93,2.21,4.25,4.68,2.68,1.86,3.81,1.8,2.36,2.02,4.02,4.56,4.62,4.82
199109,-0.29,-2.27,-1.97,-1.61,-0.45,0.39,-1.22,-1.25,-3.56,-1.94,-1.99,-2.52,-0.65,-0.02,-1.46
199110,2.1,1.13,1.48,0.44,3.3,2.51,1.55,0.77,1.62,2.14,0.93,-0.61,2.03,3.23,3.46
199111,-2.87,-3.31,-5.83,-4.9,-5.38,-2.32,-3.59,-2.61,-4.53,-5.64,-6.05,-4.31,-5.76,-4.17,-7.76
199112,10.29,12.49,11.79,12.09,10.03,8.74,11.67,13.2,11.61,13.42,9.88,12.37,11.69,11.46,7.38
199201,-3.48,-0.02,1.71,5.67,11.28,-4.15,-2.99,-1.07,1.07,1.31,2.18,3.49,8.88,9.15,15.23
199202,-0.46,3.02,2.29,2.92,3.14,-0.74,-0.23,2.21,4.24,0.93,3.84,3.79,1.68,4.13,1.03
199203,-1.63,-1.72,-2.28,-4.89,-5.64,-1.42,-1.81,-1.65,-1.82,-1.74,-2.93,-5.33,-4.33,-5.9,-5.17
199204,3.1,2.69,-0.11,-2.03,-6.47,4.14,2.11,3.25,1.97,0.16,-0.46,-2.17,-1.87,-4.98,-8.72
199205,0.85,0.35,1.38,-0.35,-0.71,1.19,0.44,1.13,-0.74,0.96,2.24,-0.14,-0.55,-0.57,-0.91
199206,-0.7,-1.82,-3.17,-3.33,-6.27,-0.17,-1.21,-1.83,-1.81,-2.98,-3.42,-4.64,-1.8,-5.94,-6.79
199207,4.64,3.62,3.3,4.49,3.8,5.16,4.27,4.35,2.86,3.73,2.84,4.55,4.43,4.67,2.6
199208,-0.9,-2.08,-3.7,-2.9,-4.07,-0.6,-1.12,-1.62,-3.1,-4.58,-2.59,-2.6,-3.37,-2.72,-5.89
199209,1.28,0.92,2.75,0.89,2.06,2.16,0.61,0.09,2.13,3.3,2.13,1.16,0.53,2.41,1.55
199210,0.03,1.08,1.87,4.23,4.57,-1.19,1.22,-0.12,2.71,1.92,1.8,4.1,4.36,5.35,3.31
199211,2.28,4,6.49,6.74,9.73,2.21,2.33,3.46,4.76,6,7.19,6.27,7.3,10.8,8.05
199212,1.86,2.28,0.04,2.68,2.77,2.81,0.87,2.25,2.33,-2.02,3.05,2.94,2.35,3.45,1.79
199301,0.07,-0.08,3.09,4.21,3.01,1.28,-1.08,-0.47,0.39,1.17,5.15,5.99,2.69,2.37,4.06
199302,2.58,0.78,-1.87,-1.28,-4.49,3.85,1.75,0.11,1.9,-1.78,-1.99,-1.03,-1.49,-4.19,-4.95
199303,2.19,2.62,2.87,3.29,2.28,2.09,2.25,2.02,3.29,2.49,3.39,1.89,4.44,2.31,2.23
199304,-1.93,-4.23,-2.93,-2.06,-3.08,-1.19,-2.28,-4.68,-3.77,-2.73,-3.15,-0.56,-4.01,-3.5,-2.53
199305,1.52,1.81,3.87,5.73,7.03,0.14,2.61,2.11,1.53,4.25,3.45,4.82,7.21,7.53,6.14
199306,1.78,0.17,0.12,-1.1,0.37,2.25,1.5,0.83,-0.47,1.21,-1.04,-1.77,-0.2,0.51,0.09
199307,0.86,-0.74,-0.65,-0.7,-0.28,1.57,0.45,-0.01,-1.32,-1.56,0.62,-0.55,-0.85,-0.37,-0.14
199308,2.64,4.13,5.71,4.32,4.6,3.24,2.11,4.76,3.42,4.69,7.11,4.35,4.29,5.24,3.86
199309,-0.69,-0.01,0.36,0.65,2.97,-0.18,-1,-0.23,0.2,0.66,0,-0.55,1.95,3.85,1.72
199310,-0.28,1.79,2.95,2.83,3.8,-0.64,-0.02,2.17,1.24,4.85,0.58,2.29,3.27,3.26,4.52
199311,-2.85,-0.52,-0.6,-2.13,-2.75,-2.8,-2.9,-1.02,0.27,-0.65,-0.52,-1.79,-2.51,-2,-3.8
199312,1.98,1.39,1.25,3.31,2.14,2.63,1.28,0.32,2.69,0.45,2.27,2.65,4.08,3.5,0.34
199401,1.91,3.67,3.85,2.86,4.46,2.53,1.19,3.3,4.16,3.65,4.16,3.52,2.1,4.61,4.28
199402,-3.08,-2.69,-2.71,0.09,-0.78,-3.3,-2.76,-3.79,-1.13,-2.22,-3.21,0.22,-0.06,-0.87,-0.66
199403,-3.75,-4.52,-4.08,-5.81,-6.43,-3.67,-3.88,-4.24,-4.85,-3.74,-4.46,-5.01,-6.71,-4.59,-8.3
199404,1.93,1.38,-0.12,1.06,-2.24,1.65,2.39,1.94,0.28,-1.19,1.27,2.72,-0.79,-1.25,-3.21
199405,0.96,2.02,0.79,-0.19,-1.02,0.63,1.4,2.73,1.37,0.11,1.58,-0.35,0.01,-0.23,-1.75
199406,-2.42,-2.14,-2.44,-2.5,-5.9,-2.79,-1.7,-2.79,-1.33,-2.54,-2.29,-3.84,-1.15,-4.97,-6.75
199407,3.34,2.97,3.08,3.46,2.19,3,3.67,3.22,2.68,1.69,4.25,2.74,4.12,2.81,1.5
199408,3.14,3.82,3.64,7.21,7.73,3.53,2.69,2.1,6.06,3.16,4.16,6.94,7.64,7.24,8.18
199409,-2.67,-2.22,-2.21,-1.33,0.39,-2.8,-2.55,-1.31,-3.48,-3.47,-0.86,-0.86,-1.99,-0.1,0.93
199410,2.03,0.84,1.87,2.31,2.28,2.37,1.57,0.4,1.37,1.4,2.35,1.42,3.24,2.91,1.58
199411,-3.28,-3.13,-4.98,-5.01,-3.42,-3.47,-3.05,-3.18,-3.05,-5.14,-4.77,-4.48,-5.61,-3.04,-3.91
199412,1.74,1.26,2.08,0.11,0,0.97,2.7,1.95,0.47,1.47,2.97,0.65,-0.42,0.82,-0.99
199501,4.05,2.14,0.36,0.18,0.25,4.35,3.7,2.08,2.24,1.16,-0.42,1.53,-1.07,0.34,0.16
199502,2.98,4.64,5.73,4.62,3.38,2.48,3.41,4.34,5.08,5.7,5.77,4.68,4.57,3.51,3.23
199503,1.74,3.22,3.49,3.3,2.63,1.69,1.78,3.44,2.92,3.55,3.43,3.23,3.38,2.88,2.37
199504,3.02,1.91,3.38,1.49,2.04,2.65,3.32,1.87,1.96,4.34,1.9,1.71,1.16,1.81,2.27
199505,3.91,3.7,3.54,2.89,1.64,3.77,4.05,4.07,3.14,4.3,2.39,3.98,1.41,2.86,0.59
199506,1.05,2.05,3.77,6.19,8.69,0.04,1.91,2.11,1.97,4.41,2.14,5.21,7.21,8.47,8.92
199507,1.9,3.85,4.72,5.68,8.49,2.26,1.49,4.43,3.29,4.42,5.23,5.26,6.18,8.6,8.36
199508,1.83,0.07,1.11,0.84,1.41,1.77,1.88,0.31,-0.15,0.74,1.54,1.51,0.23,1,1.79
199509,6.29,3.68,1.77,1.28,2.52,5.07,7.46,5.4,1.74,2.15,1.29,1.03,1.5,3.34,1.69
199510,0.8,-1.47,-2.26,0.33,-4.62,1.24,0.5,-0.83,-2.32,-1.93,-2.65,-1.62,1.75,-3.2,-5.93
199511,4.81,5.85,5.43,0.57,3.05,3.44,5.65,5.79,5.94,4.88,6.04,-0.94,3.53,4.81,1.43
199512,3.9,2,1.11,-0.04,-2.6,3.85,3.93,2.65,1.03,1.05,1.19,-0.06,-0.01,-2.95,-2.32
199601,2.43,3.78,3.04,2.13,0.23,2.8,2.26,3.89,3.63,3.45,2.43,2.84,1.34,0.94,-0.34
199602,0.11,1.24,2.15,4.24,3.48,-0.6,0.47,1.86,0.44,0.97,3.59,2.82,5.83,3.88,3.19
199603,1.06,1.34,0.85,1.82,0.57,0.61,1.33,1.71,1.02,1.68,-0.3,4.65,-1.28,1.44,-0.06
199604,-0.87,0.79,2.1,4.87,10.29,-1.73,-0.09,0.53,1.1,2.16,2.03,4.83,4.92,7.57,12.68
199605,3.23,1.63,2.85,2.41,4.68,4.2,2.48,1.27,2.14,2.25,3.36,1.94,3.15,4.66,4.71
199606,2.08,0.16,-0.93,-1.55,-7.26,2.95,1.19,0.73,-0.6,0.32,-2.46,-0.3,-3.27,-5.09,-8.89
199607,-3.7,-4.24,-4.29,-7.91,-12.95,-2.84,-4.18,-4.35,-4.12,-4.25,-4.34,-8.4,-7.26,-10.34,-14.81
199608,2.9,1.47,3.26,5.27,5.6,1.84,4.06,1.53,1.4,3.69,2.68,4.43,6.41,4.73,6.38
199609,4.91,5.66,4.53,5.25,7.23,4.74,5.1,4.74,6.9,4.14,5.14,5.75,4.71,6.53,7.83
199610,3.7,2.33,1.53,-0.54,-4.52,4.51,3.1,2.82,1.75,2.91,-0.75,-0.55,-0.53,-2.64,-6.2
199611,6.55,7.63,6.24,7.87,4.81,6.53,6.57,8.44,5.91,5.55,6.75,6.79,8.7,6.36,3.53
199612,-1.45,-1.42,-0.68,-1.48,-1.23,-1.1,-1.87,-2.23,-0.65,-0.52,-0.83,0.28,-3.42,-0.15,-2.14
199701,4.99,7.26,3.58,6.22,4.67,4.46,5.51,6.28,8.41,4.29,2.49,6.43,5.91,4.85,4.53
199702,2.24,2.32,-1.5,-2,-6.18,2.53,2.04,3.05,1.2,0.22,-3.29,0.25,-4.54,-4.99,-7.19
199703,-2.85,-4.84,-4.72,-4.94,-7.5,-2.42,-3.1,-4.4,-5.32,-5.53,-2.91,-4.87,-5,-5.91,-8.94
199704,4.49,5.94,7.25,2.64,-0.97,3.31,5.37,6.83,4.83,7.62,6.84,1.61,4.14,0.76,-2.71
199705,5.67,5.19,5.87,8.85,14.32,6.19,5.28,5.3,5.09,5.61,6.3,7.1,11.6,13.42,15.42
199706,4.98,5.13,3.87,4.49,2.89,4.99,4.97,5.54,4.53,4.74,3.04,4.81,4.06,2.74,3.09
199707,7.51,5.65,9.58,10.62,8.08,8.1,7.06,5.27,6.27,12.53,5.75,8.19,13.07,8.12,8.04
199708,-6.23,-4.96,-3.11,-2.66,1.8,-7.36,-5.22,-5.64,-4.16,-4.73,-0.81,-4.08,-0.39,0.9,2.77
199709,6.31,4.86,6.06,5.76,6.2,6.47,6.17,5.17,4.59,5.43,7.2,5.63,5.91,5.74,6.68
199710,-2.27,-2.31,-3.05,-3.49,-7.66,-1.4,-2.7,-2.31,-2.3,-3.54,-2.13,-2.81,-4.3,-8.2,-7.06
199711,5.83,4.36,3.2,1.67,-2.91,5.97,5.75,4.59,4.13,1.95,5.07,4.32,-0.25,-2.21,-3.5
199712,4.63,1.59,1.23,-0.38,-1.61,3.66,5.36,1.63,1.54,2.49,0.2,-2.74,1.37,0.05,-3.42
199801,-0.2,0.36,1.8,1.71,0.27,-0.59,0.11,-1.68,2.77,1.64,2,1.83,1.6,1.38,-1.1
199802,6.77,7.45,7.78,6.98,8.8,5.5,7.71,7.68,7.26,8,7.55,8.58,5.77,8.71,8.92
199803,6.22,4.82,4.18,5.51,4.21,7.49,4.7,5.54,3.49,3.33,5.79,7.21,3.87,5.32,3.04
199804,-0.16,1.16,2.95,-0.2,2.99,-0.28,-0.04,0.45,2.05,2.1,3.84,-2.25,2.29,2.34,3.83
199805,-2.04,0.36,-2.69,-5.49,-6.94,-2,-2.07,0.39,0.32,-2.28,-3.18,-1.8,-7.89,-6.13,-8.13
199806,3.02,3.19,5.88,4.24,1.39,3.92,2.4,2.89,3.57,6.66,4.85,4.47,3.96,1.98,0.5
199807,-4.23,-1.63,0.36,-1.01,-5.13,-3.01,-5.36,-1.15,-2.34,1.79,-2.17,-1.87,0.34,-3.85,-6.44
199808,-11,-15.54,-14.96,-16.94,-24.41,-9.2,-12.71,-16.16,-14.98,-14.59,-15.31,-16.13,-18.45,-22.83,-26.52
199809,6.52,5.21,4.7,10.04,11.08,1.8,9.49,4.35,5.97,4.15,5.5,11.09,8.35,11.56,10.5
199810,5.37,8.23,7.99,10.25,7.37,3.15,7.03,8.29,8.14,5.37,11.19,11.13,9.19,7.33,7.42
199811,6.46,4.86,6.79,7.47,8.96,5.65,7.05,5.4,4.27,7.8,5.46,7.15,7.85,9.77,7.91
199812,5.88,6,7.82,7.14,7.97,4.95,6.5,4.19,8.11,6.55,9.23,5.96,8.64,8.12,7.77
199901,-0.7,4.2,5.91,5.74,11.77,-2.24,0.56,4.61,3.74,3.49,8.74,5.21,6.35,8.74,15.6
199902,-0.5,-3.71,-4.3,-5.33,-8.24,-2.28,0.81,-5.45,-1.3,-4.77,-3.35,-4.6,-6.16,-8.51,-7.86
199903,2.97,3.82,1.75,3.02,11.52,3.8,2.43,3.28,4.15,0.55,3.21,2.44,3.46,12.56,10.22
199904,3.16,4.2,5.76,4.21,9.08,-0.52,5.11,1.09,8.11,4.62,7.61,6.14,2.37,5.65,12.54
199905,-2.92,-0.97,-1.5,-2.76,-2.08,-2.03,-3.49,-2.2,1.86,-1.85,-1.02,-1.18,-4.17,-0.17,-4.09
199906,4.57,5,5.5,3.57,9.09,3.06,5.05,5.15,4.81,4.17,7.28,4.21,3.12,10.24,7.82
199907,-3.08,-3.44,-2.42,-1.9,-4.57,-2.14,-3.35,-3.06,-4.18,-4.27,-0.29,-2.38,-1.6,-3.38,-5.55
199908,-0.34,-2.77,0.15,-0.29,-0.3,-1.17,0.04,-0.49,-4.65,-0.52,1.02,-2.94,2.15,-0.17,-0.43
199909,-2.76,-3.64,-3.44,-1.2,1.8,-0.49,-3.76,-4.27,-2.62,-1.74,-6.2,-2.88,-0.02,-1.08,4.13
199910,8.18,6.06,4.54,1.69,10.51,9.65,6.94,7.39,4.25,4.65,4.4,-1.54,5.95,12.22,8.6
199911,0,1.06,1.82,7.05,14.72,-3.52,1.55,-1.47,2.82,-1.88,7.54,5.15,9.19,11.72,17.98
199912,6.25,2.89,7.5,5.96,20.54,9.23,4.45,3.93,1.51,4.57,11.1,3.62,9.97,17.7,24.66
200001,-3.69,-6.2,-5.51,2.44,-4.36,-7.67,-1.97,-3.44,-9.13,-4.72,-6.99,1.73,3.47,-5.66,-3.13
200002,-3.04,-11.37,-3.77,7.98,25.26,-4.23,-2.48,-11.13,-11.58,-4.7,-1.26,4.06,13.79,23.64,26.54
200003,11.66,11.3,10.82,7.6,-6.74,13.91,10.36,12.4,10.65,12.43,8.39,12.21,3.85,2.45,-13.49
200004,2.93,-0.8,-5.49,-5.48,-15.61,2.25,3.46,-3.98,2.89,-8.16,-0.5,-4.93,-6.14,-10.78,-19.98
200005,2.31,-0.07,-2.61,-8.02,-10.86,0.85,4.23,0.86,-1.06,-4.04,-1.73,-8.65,-7.54,-6.96,-14.03
200006,-3.32,-0.15,3.66,7.22,17.18,-0.64,-5.3,-1.95,0.93,4.46,2.55,8.24,4.87,7.28,25.07
200007,1.21,1.83,-2.14,-3.22,-7.03,-0.96,2.76,-1.23,3.75,-3.87,0.89,-2.52,-4.45,-5.55,-7.97
200008,7.23,5.18,5.3,6.95,14.34,4.5,8.1,4.29,5.87,4.76,5.8,4.79,8.64,14.03,14.56
200009,-4.89,-1.31,-2.62,-7.67,-9.11,3.41,-9.52,-4.83,3.49,-4.78,0.05,-8.76,-6.9,-10.33,-8.38
200010,-1.1,1.61,0.56,-2.93,-9.76,0.1,-1.97,4.26,-0.49,4.24,-3.79,-2.23,-3.63,-5.42,-14.96
200011,-1.6,-3.31,-4.9,-13.6,-24.87,2.12,-4.08,-3.2,-3.47,0.24,-10.62,-11.08,-17.95,-20.9,-31.44
200012,3.69,3.23,6.05,-3.12,-0.94,6.63,2.44,2.8,3.65,4.41,8.37,-2.96,-3.33,-0.71,-1.24
200101,-4.76,-4.46,3.84,9.75,16.28,-6.42,-4.13,-4.8,-3.92,2.55,5.35,9.27,10.23,15.51,17.22
200102,-1.26,-1.68,-4.17,-15.97,-28.15,-0.08,-1.79,0.13,-2.77,0.05,-8.05,-14.41,-17.96,-24.22,-32.68
200103,-4.77,-4.04,-4.6,-8.35,-17.07,-4.07,-5.33,-4.29,-3.67,-3.17,-5.7,-9.84,-6.88,-14.48,-20.29
200104,5.2,5.24,8.88,9.71,18.2,6.47,3.99,6.53,3.54,4.95,13.37,10.06,9.12,14.45,22.55
200105,2.26,2.17,1.48,2.15,-3.1,3.16,1.71,3.45,1.5,0.86,2.34,3,0.88,-2.51,-3.65
200106,-1.32,-2.7,-2.41,-1.1,0.3,-2.61,-0.77,-2.17,-3.14,-1.78,-3.31,-2.39,-0.02,1.83,-1.46
200107,-2.26,2.16,0.21,-3.6,-9.85,0.4,-3.65,3.43,0.8,0.97,-0.74,-4.15,-2.78,-7.29,-13.28
200108,-2.88,-6.01,-6.2,-9.05,-12.76,-2.26,-3.29,-6.12,-5.83,-6.04,-6.45,-10.6,-7.32,-10.41,-15.41
200109,-3.42,-8.13,-7.51,-17.13,-21.84,-4.22,-2.9,-6.65,-10.18,-5.81,-10.56,-16.95,-17.4,-19.01,-25.01
200110,1.41,0.32,1.45,6.94,14.6,0.26,2.24,-1.65,1.85,0.6,2.18,7.03,6.82,11.35,18.63
200111,4.3,8.58,9.48,10.14,14.76,4.59,4.1,6.83,11.9,8.54,10.46,8.2,11.2,16.08,13.14
200112,0.79,2.67,2.57,0.04,3.74,2.81,-0.61,3.83,0.9,1.26,4.85,0.48,-0.27,2.36,5.31
200201,-1.77,-0.37,-3.54,0.81,-4.63,-2.67,-0.83,-1.67,1.22,-1.66,-5.85,3.3,-1.96,-4.11,-5.4
200202,0.36,0.8,-4.28,-5.18,-14.48,0.53,0.2,1.29,0.07,-7.01,0.05,-5.55,-4.71,-14.22,-14.97
200203,3.59,2.84,3.82,6.06,11.12,3.85,3.3,1.68,4.93,2.51,6.71,5.82,6.34,8.54,15.26
200204,-4.35,-4.16,-2.53,-5.76,-14.52,-2.26,-5.84,-3.88,-4.53,-2.19,-2.79,-6.35,-5.13,-13.01,-16.75
200205,-0.63,0.27,-0.56,-1.77,-6.9,0,-1.34,-0.55,1.3,-0.94,-0.14,-2.14,-1.41,-5.92,-8.38
200206,-4.46,-4.15,-11.09,-9.29,-15.71,-4.13,-4.81,-3.95,-4.35,-12.61,-8.34,-8.27,-10.37,-11.59,-22.03
200207,-5.72,-6.75,-10.41,-9.78,-11.73,-5.9,-5.57,-8.36,-4.98,-10.83,-9.49,-9.72,-9.84,-8.81,-16.98
200208,1,0.91,0.5,0.78,0.07,2.44,0.05,-0.37,1.93,0.94,-0.25,3.09,-1.85,-1.53,3.78
200209,-10.15,-7.91,-9.47,-10.53,-15.8,-8.62,-11.35,-8.21,-7.28,-8.48,-10.82,-11.8,-8.09,-16.03,-15.39
200210,5.6,7.03,9.94,9.33,12.05,4.49,6.59,6.76,7.46,8.7,11.42,9.71,8.69,11.67,12.67
200211,1.73,3.6,7.71,11.32,21.28,0.68,2.63,4.62,2.37,4.96,10.06,4.94,18.2,17.15,28.11
200212,-3.44,-5.1,-4.16,-8.63,-12.84,-1.73,-4.54,-5.14,-5.02,-3.35,-4.93,-8.72,-8.49,-12.16,-13.65
200301,-2.79,-2.59,-4.09,-1.65,0.21,-2.41,-3.09,-3.06,-2.03,-4.18,-3.98,-1.55,-1.82,-1.48,2.48
200302,-1.45,-1.06,-4.01,-1.04,-3.99,-1.93,-1.18,-0.48,-1.94,-3.3,-4.82,-2.53,0.67,-3.37,-5.09
200303,2.04,-0.11,1.75,-1.02,1.7,1.34,2.79,0.61,-1.63,1.14,2.57,0.53,-2.54,1.92,1.26
200304,6.97,7.95,8.08,10.82,15.7,8.34,5.61,6.2,9.47,8.39,7.6,10.84,10.78,14.9,17.34
200305,3.27,4.4,7.73,11.16,17.74,2.8,3.87,4.45,4.33,8.24,7.11,8.06,15.16,15.68,21.54
200306,0.9,1.26,1.79,2.06,3.94,0.37,1.57,0.52,2.02,2.54,1.17,2.21,1.83,3.96,3.92
200307,1.99,0.86,3.07,2.99,6.62,2.37,1.25,0.91,0.76,1.89,4.67,4.38,1.23,5.15,8.33
200308,0.61,0.99,4.76,6.58,6.37,1.8,-1.26,-0.77,4.22,3.09,6.67,5.55,7.44,6.87,5.78
200309,0.27,-2.43,-2.45,-1.89,-1.55,-0.61,1.32,-1.72,-3.19,-3.41,-1.49,-1.06,-2.9,-2.71,-0.3
200310,3.7,5.57,8.18,9.88,11.08,4.99,2.39,4.87,6.62,7.43,9.01,10.04,9.7,9.82,12.21
200311,0.96,0.17,2.04,2.7,3.36,0.23,1.87,0.49,-0.18,2.13,1.97,1.94,3.43,3.32,3.41
200312,4.81,4.71,6.1,1.69,1.65,4.62,5,4.15,5.43,6.37,5.78,2.19,1.18,1.76,1.55
200401,1.24,1.65,2.59,2.67,7.31,1.17,1.36,1.62,1.71,2.54,2.64,2.5,2.86,5.3,9.43
200402,1.56,2,0.85,1.89,0.21,2.02,0.94,2.23,1.6,1.36,0.32,1.48,2.37,0.99,-0.52
200403,-1.89,-0.92,-0.34,-0.45,-1.13,-1.41,-2.73,-1.67,0.84,0.78,-1.78,-0.03,-0.92,-0.9,-1.33
200404,-0.71,-0.86,-1.59,-4.69,-6.37,-0.21,-1.39,-0.62,-1.08,-1.96,-1.25,-4.79,-4.57,-5.18,-7.65
200405,0.84,1.02,1.63,1.69,3.28,1.78,-0.57,-0.36,2.73,0.83,2.55,0.72,3.13,2.69,3.86
200406,1.28,2.99,1.81,3.22,1.72,1.53,0.95,3.09,2.81,1.2,2.6,3.04,3.49,1.35,2.07
200407,-1.79,-4.12,-4.69,-6.34,-11.03,-1.7,-1.94,-2.55,-5.98,-5.09,-4.29,-6.22,-6.47,-9.55,-12.24
200408,1.81,-0.26,-0.15,-2.45,-3.44,2.22,0.93,-0.98,0.89,0.35,-0.67,-3.78,-0.48,-2.66,-4.2
200409,-0.19,1.54,5.22,3.68,5.21,-0.44,0.25,1.48,1.66,5.31,5.12,2.38,5.46,5.51,4.86
200410,0.89,1.03,2.22,3.38,2.12,0.5,1.5,0.81,1.47,2,2.43,2.22,4.42,2.84,1.32
200411,3.72,4.19,4.74,7,7.63,3.31,4.36,3.52,5.04,5.17,4.41,8.25,5.74,7.56,7.71
200412,3.22,2.95,4.12,3.27,6.37,2.91,3.92,3.29,2.63,4.65,3.66,3.31,3.23,5.68,6.99
200501,-1.92,-1.55,-3.15,-2.53,-5.82,-1.71,-2.32,-0.87,-2.37,-2.91,-3.41,-3.76,-1.17,-5.86,-5.76
200502,1.26,2.77,2.4,2.11,3.23,1.63,0.59,3.04,2.37,2.23,2.69,2.5,1.59,5.22,0.89
200503,-1.87,-1.18,-0.65,-1.14,-4.04,-1.69,-2.06,-1.96,0.15,-0.35,-1.05,-0.9,-1.5,-3.12,-4.95
200504,-0.56,-3.54,-3.31,-4.02,-4.92,-0.1,-1.25,-3.68,-3.32,-2.66,-4.47,-3.87,-4.16,-5.63,-4.29
200505,2.25,3.34,4.62,7.63,7.49,1.45,3.58,4.69,1.96,3.98,5.53,6.82,8.13,6.34,8.39
200506,-1.13,1.94,1.75,3.75,2.75,-1.59,-0.1,1.45,2.72,1.67,1.85,5.28,2.39,2.53,2.99
200507,2.07,5.52,4.65,7.34,7.3,1.55,3.08,4.47,7.48,4.58,4.76,7.03,7.63,7.04,7.56
200508,-1.08,-2.12,1.19,0.25,-1.69,-0.84,-1.56,-1.37,-3.13,1.16,1.24,-0.35,0.89,-1.61,-1.79
200509,-0.01,0.24,1.7,3.17,1.17,-0.09,0.11,1.29,-1.34,1.61,1.8,4.64,1.19,1.48,0.7
200510,-0.24,-2.38,-2.44,-3.32,-3.59,0.52,-2.3,-2.35,-2.42,-2.64,-2.19,-5.09,-1.61,-3.63,-3.53
200511,3.57,4,2.51,6.5,4.37,4,2.78,4.5,3.43,2.1,3.01,6.3,6.76,3.67,5.62
200512,-0.27,-0.72,0.5,0.86,2.09,-0.6,0.49,-1.44,0.21,1.69,-0.99,1.21,0.62,2.27,1.83
200601,1.41,1.34,2.04,9.19,9.65,0.56,2.58,0.87,1.65,0.4,4.76,8.4,10.15,8.72,10.96
200602,1.26,1.33,0.4,-3.22,-3.54,1.8,0.63,1.08,1.6,0.75,-0.06,-1.67,-4.83,-4.65,-2.01
200603,1.23,1.7,2.02,2.05,4.41,1.1,1.45,1.21,2.24,3.01,0.7,0.05,4.64,4.14,4.82
200604,1.53,0.63,-1.14,1.76,2.74,1.93,0.91,1.22,-0.17,-1.29,-0.95,1.73,1.8,3.85,1.75
200605,-1.39,-3.2,-4.11,-4.17,-7.12,-1.08,-2,-3.37,-2.85,-3.49,-4.42,-4.54,-3.63,-6.82,-7.47
200606,0.33,-0.55,0.14,1.2,-1.43,-0.17,1.24,-1.45,0.75,0.09,0.18,0.37,2.19,-2.52,-0.38
200607,2.34,-0.74,-3.24,-1.56,-6.8,2.41,2.25,0.05,-1.98,-4.4,-2.19,-1.5,-1.64,-5.09,-8.38
200608,2.15,2.47,2.7,1.38,3.81,2.7,1.44,2.8,1.95,2.01,3.73,2.14,0.26,3.19,4.38
200609,2.56,3.04,2.07,0.74,1.14,2.81,2.24,2.51,3.92,0.81,3.86,0.37,1.27,1.75,0.49
200610,2.54,4.48,2.91,5.36,5.03,2.39,2.75,4.57,4.37,3.22,2.47,4.43,6.26,5.09,4.95
200611,0.77,2.13,2.37,3.31,6.14,0.63,0.97,0.3,3.74,1.76,3.08,3.72,2.92,6.99,4.79
200612,2.94,1.55,0.46,-1.55,-1.4,3.21,2.46,1.18,1.88,0.95,-0.22,0.04,-3.39,-1.11,-1.72
200701,0.77,2.34,2.31,2.71,2.92,0.32,1.25,3.68,1.1,3.07,1.7,2.79,2.55,3.38,2.42
200702,-2.06,-1.89,-1.31,-0.87,-0.67,-1.42,-2.61,-1.86,-1.92,-1.93,-0.69,-1.49,0.17,0.12,-1.61
200703,0.73,1.11,1.81,1.17,2.16,0.19,1.21,0.81,1.44,1.16,2.55,0.84,1.66,3.61,0.5
200704,3.52,4.19,5.06,3.87,3.33,3.74,3.17,4.72,3.22,5.66,4.11,3.16,4.56,3.73,2.82
200705,2.71,4.4,4.54,4.19,4.19,2.32,3.24,3.81,5.26,2.85,5.96,3.96,4.43,4.88,3.52
200706,-1.77,-1.41,-1.46,-1.24,-0.72,-2.29,-1.21,-1.48,-1.28,-2.34,-0.37,-1.31,-1.15,-0.7,-0.75
200707,-3.05,-3.44,-3.33,-3.1,-5.1,-3.21,-2.77,-3.84,-2.84,-4.37,-2.24,-3.23,-2.9,-6.1,-3.95
200708,2.36,0.83,0.73,0.51,-0.64,2.83,1.53,1.25,0.23,1.21,-0.09,0.51,0.5,-1.06,-0.15
200709,3.78,2.71,2.18,5.47,4.43,3.97,3.27,3.1,2.12,2.04,2.34,6.72,4.22,5.11,3.69
200710,1.46,2.7,2.42,3.72,2.61,1.27,1.88,2.78,2.62,1.69,3.22,1.44,6.27,4.43,0.8
200711,-2.63,-5.31,-5.84,-7.49,-10.27,-2.5,-2.88,-3.98,-6.73,-5.35,-6.43,-7.8,-7.14,-9.08,-12.2
200712,-0.71,-0.17,0.48,-2.17,-0.93,-0.26,-1.73,-0.93,0.43,-0.32,1.33,-2.86,-1.34,-0.66,-1.2
200801,-5.31,-5.56,-8.05,-7.26,-7.99,-5.06,-5.83,-4.98,-6.2,-8.51,-7.37,-6.25,-8.51,-5.98,-10.26
200802,-2.08,-4.11,-2.99,-1.01,-6.24,-2.3,-1.54,-2.71,-6.44,-3.76,-1.95,0.56,-2.65,-4.16,-8.94
200803,0.61,-2.06,0.29,-3.7,-4.37,1.19,-0.42,-2.17,-1.92,2.85,-2.68,-2.83,-4.9,-3.36,-6.07
200804,2.86,4.36,7.93,7.74,7.19,2.19,3.81,2.66,6.16,6.85,9.55,9.17,5.95,8.22,6.1
200805,1.66,2.16,1.6,2.87,3.88,0.86,2.86,2.46,1.79,1.61,1.59,1.16,4.38,5.83,2.02
200806,-7.44,-8.63,-10.58,-7.75,-7.4,-7.49,-7.39,-8.01,-9.46,-12.38,-8.19,-8.13,-7.4,-6.18,-8.5
200807,-0.32,4.59,-2.66,-8.71,-6.19,1.91,-2.26,4.34,4.88,-2.12,-3.28,-10.61,-6.74,-9.23,-0.54
200808,2.51,2.47,1.01,-0.52,-3.06,2.35,2.68,3.14,1.72,-0.15,2.57,0.97,-1.47,-2.93,-3.23
200809,-5.08,-9.61,-9.96,-15.44,-21.87,-3.65,-7.84,-9.37,-10.17,-9.09,-10.88,-14.33,-16.79,-18.81,-25.55
200810,-12.92,-18.17,-20.68,-22.26,-24.11,-11.53,-15.13,-19.86,-16.42,-17.52,-23.78,-21.68,-23.44,-26.08,-19.18
200811,-3.62,-8.12,-14.23,-11.96,-16.6,-3.72,-3.48,-6.52,-9.93,-11.67,-16.7,-10.51,-13.64,-14.41,-19.16
200812,1.38,1.64,0.36,5.8,2.77,0.95,2.51,3.57,-0.73,-0.98,3.04,7.78,3.5,2.49,3.49
200901,-6.48,-10.72,-8.07,-7.64,-12.29,-7.02,-5.29,-8.36,-13.04,-8.72,-7.11,-7.66,-7.61,-15.84,-2.49
200902,-8.55,-10.04,-10.27,-14.35,-18.3,-8.49,-8.67,-8.59,-11.69,-13.02,-5.87,-12.11,-18.45,-17.88,-19.37
200903,6.17,10.44,11.8,14.75,18.4,5.23,7.53,11.5,8.96,12.04,11.58,11.21,18.72,17.59,20.05
200904,4.62,11.29,14.9,23.43,31.87,3.6,5.86,10.23,13.45,14.66,15.23,18.68,30.86,31.23,33.03
200905,3.56,3.39,7.17,11.92,15.1,3.4,3.84,2.23,5.42,7.65,6.36,11.03,13.25,15.18,14.89
200906,1.41,0.41,-2.04,-0.36,-2.16,1.01,2,2.21,-2.25,-3.49,-0.07,-1.29,0.53,-3.17,0.25
200907,7.08,6.96,8.06,10.56,15.18,6.05,8.84,6.38,8.16,7.81,8.25,7.33,14.83,16.02,13.44
200908,1.59,3.88,4.9,6.2,12.83,1.14,2.23,4.4,3.03,5.42,4.21,7.13,4.99,10.24,16.38
200909,2.81,4.97,6.37,4.97,7.43,2.29,3.48,5.26,4.58,6.21,6.55,3.86,6.96,7.53,7.25
200910,-0.21,-2.79,-5.04,-5.45,-12.98,0.5,-1.15,-1.74,-4.02,-5.1,-4.95,-4.7,-6.48,-10.96,-15.09
200911,5.44,6.08,5.14,5.3,4.98,5.77,5.15,5.6,7.05,3.82,7.26,5.38,5.19,4.9,5.11
200912,1.58,2.99,3.75,3.78,7.07,0.56,2.76,2.36,4.09,2.33,6.22,6.75,0.56,8.31,5.33
201001,-3.54,-2.91,-3.34,-3.5,-3.3,-2.06,-5.06,-2.92,-2.9,-4.2,-2.2,-3.02,-4.38,-2.23,-4.5
201002,2.35,3.53,4.59,4.38,5.97,2.38,2.32,4.19,2.71,5.03,3.97,3.37,6.19,6.54,5.04
201003,4.58,7.47,6.83,9.27,9.12,3.9,5.9,6.16,9.21,5.99,7.87,9.19,9.44,10.01,7.98
201004,1.01,2.34,1.94,3.81,6.49,0.76,1.4,1.43,3.69,3.13,0.75,3.76,3.86,5.3,7.82
201005,-7.65,-8.02,-8.09,-8.57,-8.72,-7.28,-8.24,-7.57,-8.8,-8.79,-7.26,-8.43,-8.79,-6.51,-10.99
201006,-4.16,-5.53,-7.57,-8.12,-10.36,-2.21,-6.94,-4.68,-6.76,-6.74,-8.63,-8.6,-7.63,-9.79,-11.03
201007,6.31,6.9,7.7,8.46,9.4,6.59,5.92,7.54,6.2,7.5,7.96,8.64,8.1,10.56,8.27
201008,-3.05,-6.27,-6.93,-6.05,-4.87,-2.64,-3.6,-7.05,-4.9,-7.51,-5.68,-6.16,-5.89,-3.35,-6.81
201009,7.6,9.65,12.21,12.68,13.77,7.1,8.32,8.94,10.58,12.05,12.42,12.28,13.25,12.58,15.05
201010,2.9,4.52,4.45,5.39,3.89,2.81,3.11,4.01,5.45,4.75,4.06,3.92,6.88,3.26,4.59
201011,-0.41,1.08,0.73,2.86,2.98,-0.46,-0.31,0.11,2.41,3.51,-1.59,1.53,5.15,2.97,2.99
201012,5.57,7.73,7.37,9.53,6.16,4.46,7.25,7.28,8.19,8.47,6.32,9.89,9,6.27,6.03
201101,1.59,3.27,1.46,3.51,-0.71,1.66,1.5,4.02,2.45,3.01,0.1,4.35,2.7,-0.74,-0.67
201102,3.4,3.23,4.54,4.39,2.01,3.35,3.47,2.64,3.9,4.3,4.96,4.65,4.13,1.28,2.9
201103,0.18,0.4,0.82,0.82,0.74,0.82,-0.42,0.95,-0.31,0.37,1.46,0.84,0.79,1.34,0.01
201104,3.37,2.96,2.86,1.48,2.28,2.95,3.72,2.76,3.41,2.55,3.16,1.56,1.4,1.5,3.32
201105,-0.8,-1.16,-1.82,-2.19,-2.33,0.25,-1.93,-1.42,-0.66,-1.54,-2.17,-2.21,-2.15,-3.31,-1.18
201106,-1.43,-1.88,-1.72,-2.03,-3.04,-1.51,-1.35,-2.04,-1.61,-2.39,-1.05,-1.71,-2.4,-2.88,-3.25
201107,-2.81,-2.67,-0.45,-2.79,-2.33,-2.47,-3.29,-4.16,-0.66,-0.82,0.08,-2.79,-2.78,-1.92,-2.99
201108,-2.96,-7.1,-9.44,-9.12,-10.53,-1.78,-4.29,-7.64,-6.58,-8.79,-10.53,-8.79,-9.45,-9.92,-11.63
201109,-4.56,-9.03,-10.12,-11.92,-15.15,-3.83,-5.48,-7.87,-10.94,-9.08,-11.24,-11.13,-13.21,-15.31,-14.88
201110,8.27,14.2,15.62,17,12.16,7.03,10.57,12.65,16.23,16.23,15.03,16.43,17.75,12.64,11.56
201111,1,-0.69,-1.58,-2.15,-4.48,1.3,0.56,-0.14,-1.72,-1.35,-1.82,-1.22,-3.08,-6.2,-2.02
201112,2.94,-0.21,-1.97,-3.53,-2.21,3.2,2.53,-0.24,-0.16,-2.04,-1.88,-2.81,-4.34,-2.18,-2.25
201201,1.55,6.82,8.45,10.81,11.48,0.63,2.81,7.08,6.41,8.46,8.43,11.63,9.8,9.79,13.83
201202,2.55,6.74,3.98,5.77,6.06,2.28,2.98,8.06,4.28,4.35,3.66,4.65,7.62,5.52,6.85
201203,2.98,4.36,2.99,1.84,0.69,3.01,2.95,5.11,2.84,2.7,3.38,0.98,2.8,0.91,0.34
201204,-0.02,-0.62,-2.36,-2.08,-2.97,0.36,-0.54,-0.26,-1.08,-2.46,-2.2,-4.26,0.34,-0.97,-5.66
201205,-4.45,-6.51,-6.93,-10.24,-10.09,-3.13,-6.6,-7.29,-5.14,-8.55,-5.85,-11.06,-8.92,-10.72,-9.19
201206,4.94,3.14,1.83,3.62,4,5.41,4.18,3.67,2.5,1.76,1.9,3.05,5.09,5.07,2.37
201207,1.62,0.72,0.29,-0.08,-2.45,2.15,0.79,0.13,1.38,1.59,-2.15,0.09,-0.25,-1.63,-3.5
201208,0.51,3.93,4.14,5.88,4.06,-0.5,1.64,1.82,6.14,3.7,4.67,5.97,5.74,3.82,4.43
201209,2.49,2.83,3.01,2.99,2.82,2.8,2.08,1.9,4.58,2.78,3.28,2.89,3.17,2.16,3.65
201210,-1.21,-1.87,-2.43,-2.07,-4.07,-1.64,-0.58,-0.47,-3.38,0.02,-4.44,-2.57,-1.34,-4.03,-4.13
201211,0,0.82,1.77,2.4,2.02,-0.2,0.27,0.91,0.67,1.14,2.92,2.43,2.36,0.8,3.56
201212,0.38,2.3,0.08,2.8,3.12,0.22,0.61,1.92,2.85,-1.38,2.72,2.67,2.95,2.94,3.32
201301,5.91,5.76,3.58,6.34,8.15,5.89,5.93,5.98,5.51,7.88,-0.08,6.5,6.18,7.91,8.4
201302,2.29,1.2,0.34,0.3,-1.04,2.57,1.9,0.77,1.65,0.21,0.54,-0.16,0.81,-0.88,-1.41
201303,3.88,3.94,4.51,4.57,3.46,3.12,4.82,3.88,4.03,4.6,4.39,4.16,5.16,2.77,5.07
201304,1.94,2.03,0.64,0.07,0.76,2.54,1.03,1.73,2.48,1.29,-0.11,-0.8,1.53,-0.13,3.1
201305,1.22,3.38,4.29,2.93,5.87,1.19,1.24,3.49,3.22,4.75,3.8,2.75,3.35,6.5,5.01
201306,-0.25,-0.36,-2.25,-4.52,-0.64,-0.25,-0.26,-1.08,0.52,-1.38,-2.92,-5.66,-2.31,-0.78,-0.42
201307,5.6,4.47,5.09,8.58,8.51,5.57,5.66,4.26,4.69,4.62,5.51,7.65,9.93,8.89,8.05
201308,-4.23,-2.98,-0.84,-1.34,-1.22,-4.6,-3.53,-2.98,-2.97,-1.72,-0.03,-1.98,-0.75,-2.57,-0.17
201309,2.25,4.49,5.86,3.83,5.69,1.85,3.07,4.56,4.43,5.68,6.12,2.4,5.96,4.26,8.2
201310,4.38,4.65,4.18,4.33,1.86,4.31,4.56,4.84,4.47,4.5,3.58,2.38,5.92,3.47,-1.02
201311,3.06,2.76,3.12,4.13,3.07,3.41,2.52,2.78,2.75,2.21,4.62,3.44,4.52,3.09,3.03
201312,2.11,3.13,2.9,2.97,3.92,1.57,3.28,3.11,3.16,2.39,3.67,2.32,3.98,4.32,3.21
201401,-4.39,-4.06,-3.09,-0.7,0.96,-4.55,-4.24,-3.88,-4.19,-3.41,-2.6,-2.93,1.41,-0.25,3.04
201402,3.64,4.97,5.62,4.84,7.83,3.09,4.32,4.94,5.01,6.16,4.91,4.51,5.61,6.96,8.59
201403,2.03,1.17,-1.52,-1.45,-5.8,3.12,0.98,1.07,1.28,-0.39,-2.8,-1.38,-1.6,-5.57,-6.08
201404,0.9,-0.85,0.87,-1.91,-5.51,0.99,0.79,-1.4,-0.15,-0.81,3.3,-1.59,-2.35,-3.91,-7.46
201405,1.54,2.27,2.68,3.37,0.6,1.12,2.5,2.58,1.77,3.1,1.92,2.64,4,0.26,0.95
201406,1.89,2.03,2.83,4.06,7.31,1.78,2.14,2.07,1.99,1.94,3.73,3.92,4.3,5.84,9.09
201407,-2.06,-1.86,-1.31,-1.82,-5.47,-2.66,-1.06,-2.13,-1.62,-1.65,-1.05,-1.19,-2.86,-4.43,-6.58
201408,3.56,4.8,3.97,5.45,5.37,3.58,3.52,5.26,3.85,3.08,5.23,4.53,6.41,4.48,6.5
201409,-0.79,-1.94,-3.31,-3.93,-4.48,-0.74,-0.88,-1.59,-2.58,-2.64,-4.09,-3.68,-4.41,-5.08,-3.71
201410,2.58,2.15,3.28,1.31,2.82,1.68,4.73,2.38,1.8,4.47,1.52,1.39,1.2,3.69,1.78
201411,2.65,2.77,4.03,0.43,-1.17,2.36,3.15,2.19,3.34,4.55,3.39,0.2,0.87,-2.07,0.24
201412,0.07,0.16,-0.41,-0.67,-0.45,0.05,0.11,-0.09,0.46,0.05,-0.87,-1.86,1.51,-1.02,0.46
201501,-3.44,-2.98,-4.09,-0.98,-0.3,-5.09,-1.65,-2.55,-3.6,-4.26,-3.81,0.01,-2.52,0.98,-2.94
201502,6.27,4.16,7.41,6.5,7.37,6.78,5.65,3.88,4.61,7.45,7.31,6.18,6.8,6.89,8.71
201503,-1.42,-0.19,-1.3,-1.52,-1.16,-1.89,-0.88,0.45,-0.9,-1.74,-0.33,-2.15,-0.6,-1.66,0.15
201504,0.18,-0.28,1.7,1.5,1.99,0.49,-0.32,-0.62,0.39,1.99,1.46,2.09,0.67,3.19,0.41
201505,1.18,2.12,1.58,0.29,1.64,1.36,0.89,2.29,1.82,1,2.33,-0.55,1.58,1.6,1.71
201506,-1.41,-1.39,-0.52,-3.18,-1.94,-1.23,-1.78,-2.12,-0.29,-0.06,-1.11,-4.03,-1.68,-1.38,-2.68
201507,2.34,2.73,0.38,0.13,-3.45,2.4,2.26,3.37,1.9,0.95,-0.39,-1.06,1.72,-2.71,-4.6
201508,-6.36,-5.62,-6.22,-5.14,-6.87,-6.22,-6.53,-6.04,-5.08,-6.68,-5.54,-5.68,-4.63,-6.36,-7.56
201509,-1.89,-2.44,-4.29,-4.92,-10.4,-1.79,-2.04,-2.96,-2.05,-4.25,-4.36,-4.58,-5.36,-8.57,-13.88
201510,7.45,7.38,8.81,8.85,6,7.43,7.48,7.09,7.67,8.68,9.01,7.62,10.16,4.65,9.13
201511,0.44,1.04,0.18,0.14,1.8,0.46,0.4,0.89,1.21,-0.29,1.05,0.38,-0.25,1.87,1.64
201512,-1.26,-2.28,-2,-5.38,-4.58,-1.57,-0.82,-1.16,-3.35,-1.46,-2.83,-6.97,-3.89,-5.48,-2.78
,,,,,,,,,,,,,,,
,,,,,,,,,,,,,,,
,,,,,,,,,,,,,,,
,,,,,,,,,,,,,,,
,,,,,,,,,,,,,,,
,,,,,,,,,,,,,,,
,,,,,,,,,,,,,,,
,,,,,,,,,,,,,,,
,,,,,,,,,,,,,,,
,,,,,,,,,,,,,,,
,,,,,,,,,,,,,,,
,,,,,,,,,,,,,,,
,,,,,,,,,,,,,,,
,,,,,,,,,,,,,,,
,,,,,,,,,,,,,,,
,,,,,,,,,,,,,,,
,,,,,,,,,,,,,,,
,,,,,,,,,,,,,,,
,,,,,,,,,,,,,,,
,,,,,,,,,,,,,,,
,,,,,,,,,,,,,,,
,,,,,,,,,,,,,,,
,,,,,,,,,,,,,,,
,,,,,,,,,,,,,,,
,,,,,,,,,,,,,,,
,,,,,,,,,,,,,,,
,,,,,,,,,,,,,,,
,,,,,,,,,,,,,,,
,,,,,,,,,,,,,,,
,,,,,,,,,,,,,,,
,,,,,,,,,,,,,,,
,,,,,,,,,,,,,,,
,,,,,,,,,,,,,,,
,,,,,,,,,,,,,,,
,,,,,,,,,,,,,,,
,,,,,,,,,,,,,,,
,,,,,,,,,,,,,,,
,,,,,,,,,,,,,,,
,,,,,,,,,,,,,,,
,,,,,,,,,,,,,,,
,,,,,,,,,,,,,,,
,,,,,,,,,,,,,,,
,,,,,,,,,,,,,,,
,,,,,,,,,,,,,,,
,,,,,,,,,,,,,,,
,,,,,,,,,,,,,,,
,,,,,,,,,,,,,,,
,,,,,,,,,,,,,,,
,,,,,,,,,,,,,,,
,,,,,,,,,,,,,,,
,,,,,,,,,,,,,,,
,,,,,,,,,,,,,,,
,,,,,,,,,,,,,,,
,,,,,,,,,,,,,,,
,,,,,,,,,,,,,,,
,,,,,,,,,,,,,,,
,,,,,,,,,,,,,,,
,,,,,,,,,,,,,,,
,,,,,,,,,,,,,,,
,,,,,,,,,,,,,,,
,,,,,,,,,,,,,,,
,,,,,,,,,,,,,,,
,,,,,,,,,,,,,,,
,,,,,,,,,,,,,,,
,,,,,,,,,,,,,,,
,,,,,,,,,,,,,,,
,,,,,,,,,,,,,,,
,,,,,,,,,,,,,,,
,,,,,,,,,,,,,,,
,,,,,,,,,,,,,,,
,,,,,,,,,,,,,,,
,,,,,,,,,,,,,,,
,,,,,,,,,,,,,,,
,,,,,,,,,,,,,,,
,,,,,,,,,,,,,,,
,,,,,,,,,,,,,,,
,,,,,,,,,,,,,,,
,,,,,,,,,,,,,,,
,,,,,,,,,,,,,,,
,,,,,,,,,,,,,,,
,,,,,,,,,,,,,,,
,,,,,,,,,,,,,,,
,,,,,,,,,,,,,,,
,,,,,,,,,,,,,,,
,,,,,,,,,,,,,,,
,,,,,,,,,,,,,,,
,,,,,,,,,,,,,,,
,,,,,,,,,,,,,,,
,,,,,,,,,,,,,,,
,,,,,,,,,,,,,,,
,,,,,,,,,,,,,,,
,,,,,,,,,,,,,,,
,,,,,,,,,,,,,,,
,,,,,,,,,,,,,,,
,,,,,,,,,,,,,,,
,,,,,,,,,,,,,,,
,,,,,,,,,,,,,,,
,,,,,,,,,,,,,,,
,,,,,,,,,,,,,,,
,,,,,,,,,,,,,,,
,,,,,,,,,,,,,,,
,,,,,,,,,,,,,,,
,,,,,,,,,,,,,,,
,,,,,,,,,,,,,,,
,,,,,,,,,,,,,,,
,,,,,,,,,,,,,,,
,,,,,,,,,,,,,,,
,,,,,,,,,,,,,,,
,,,,,,,,,,,,,,,
,,,,,,,,,,,,,,,
,,,,,,,,,,,,,,,
,,,,,,,,,,,,,,,
,,,,,,,,,,,,,,,
,,,,,,,,,,,,,,,
,,,,,,,,,,,,,,,
,,,,,,,,,,,,,,,
,,,,,,,,,,,,,,,
,,,,,,,,,,,,,,,
,,,,,,,,,,,,,,,
,,,,,,,,,,,,,,,
,,,,,,,,,,,,,,,
,,,,,,,,,,,,,,,
,,,,,,,,,,,,,,,
,,,,,,,,,,,,,,,
,,,,,,,,,,,,,,,
,,,,,,,,,,,,,,,
,,,,,,,,,,,,,,,
,,,,,,,,,,,,,,,
,,,,,,,,,,,,,,,
,,,,,,,,,,,,,,,
,,,,,,,,,,,,,,,
,,,,,,,,,,,,,,,
,,,,,,,,,,,,,,,
,,,,,,,,,,,,,,,
,,,,,,,,,,,,,,,
,,,,,,,,,,,,,,,
,,,,,,,,,,,,,,,
,,,,,,,,,,,,,,,
,,,,,,,,,,,,,,,
,,,,,,,,,,,,,,,
,,,,,,,,,,,,,,,
,,,,,,,,,,,,,,,
,,,,,,,,,,,,,,,
,,,,,,,,,,,,,,,
,,,,,,,,,,,,,,,
,,,,,,,,,,,,,,,
,,,,,,,,,,,,,,,
,,,,,,,,,,,,,,,
,,,,,,,,,,,,,,,
,,,,,,,,,,,,,,,
,,,,,,,,,,,,,,,
,,,,,,,,,,,,,,,
,,,,,,,,,,,,,,,
,,,,,,,,,,,,,,,
,,,,,,,,,,,,,,,
,,,,,,,,,,,,,,,
,,,,,,,,,,,,,,,
,,,,,,,,,,,,,,,
,,,,,,,,,,,,,,,
,,,,,,,,,,,,,,,
,,,,,,,,,,,,,,,
,,,,,,,,,,,,,,,
,,,,,,,,,,,,,,,
,,,,,,,,,,,,,,,
,,,,,,,,,,,,,,,
,,,,,,,,,,,,,,,
,,,,,,,,,,,,,,,
,,,,,,,,,,,,,,,
,,,,,,,,,,,,,,,
,,,,,,,,,,,,,,,
,,,,,,,,,,,,,,,
,,,,,,,,,,,,,,,
,,,,,,,,,,,,,,,
,,,,,,,,,,,,,,,
,,,,,,,,,,,,,,,
,,,,,,,,,,,,,,,
,,,,,,,,,,,,,,,
,,,,,,,,,,,,,,,
,,,,,,,,,,,,,,,
,,,,,,,,,,,,,,,
,,,,,,,,,,,,,,,
,,,,,,,,,,,,,,,
,,,,,,,,,,,,,,,
,,,,,,,,,,,,,,,
,,,,,,,,,,,,,,,
,,,,,,,,,,,,,,,
,,,,,,,,,,,,,,,
,,,,,,,,,,,,,,,
,,,,,,,,,,,,,,,
,,,,,,,,,,,,,,,
,,,,,,,,,,,,,,,
,,,,,,,,,,,,,,,
,,,,,,,,,,,,,,,
,,,,,,,,,,,,,,,
,,,,,,,,,,,,,,,
,,,,,,,,,,,,,,,
,,,,,,,,,,,,,,,
,,,,,,,,,,,,,,,
,,,,,,,,,,,,,,,
,,,,,,,,,,,,,,,
,,,,,,,,,,,,,,,
,,,,,,,,,,,,,,,
,,,,,,,,,,,,,,,
,,,,,,,,,,,,,,,
,,,,,,,,,,,,,,,
,,,,,,,,,,,,,,,
,,,,,,,,,,,,,,,
,,,,,,,,,,,,,,,
,,,,,,,,,,,,,,,
,,,,,,,,,,,,,,,
,,,,,,,,,,,,,,,
,,,,,,,,,,,,,,,
,,,,,,,,,,,,,,,
,,,,,,,,,,,,,,,
,,,,,,,,,,,,,,,
,,,,,,,,,,,,,,,
,,,,,,,,,,,,,,,
,,,,,,,,,,,,,,,
,,,,,,,,,,,,,,,
,,,,,,,,,,,,,,,
,,,,,,,,,,,,,,,
,,,,,,,,,,,,,,,
,,,,,,,,,,,,,,,
,,,,,,,,,,,,,,,
,,,,,,,,,,,,,,,
,,,,,,,,,,,,,,,
,,,,,,,,,,,,,,,
,,,,,,,,,,,,,,,
,,,,,,,,,,,,,,,
,,,,,,,,,,,,,,,
,,,,,,,,,,,,,,,
,,,,,,,,,,,,,,,
,,,,,,,,,,,,,,,
,,,,,,,,,,,,,,,
,,,,,,,,,,,,,,,
,,,,,,,,,,,,,,,
,,,,,,,,,,,,,,,
,,,,,,,,,,,,,,,
,,,,,,,,,,,,,,,
,,,,,,,,,,,,,,,
,,,,,,,,,,,,,,,
,,,,,,,,,,,,,,,
,,,,,,,,,,,,,,,
,,,,,,,,,,,,,,,
,,,,,,,,,,,,,,,
,,,,,,,,,,,,,,,
,,,,,,,,,,,,,,,
,,,,,,,,,,,,,,,
,,,,,,,,,,,,,,,
,,,,,,,,,,,,,,,
,,,,,,,,,,,,,,,
,,,,,,,,,,,,,,,
,,,,,,,,,,,,,,,
,,,,,,,,,,,,,,,
,,,,,,,,,,,,,,,
,,,,,,,,,,,,,,,
,,,,,,,,,,,,,,,
,,,,,,,,,,,,,,,
,,,,,,,,,,,,,,,
,,,,,,,,,,,,,,,
,,,,,,,,,,,,,,,
,,,,,,,,,,,,,,,
,,,,,,,,,,,,,,,
,,,,,,,,,,,,,,,
,,,,,,,,,,,,,,,
,,,,,,,,,,,,,,,
,,,,,,,,,,,,,,,
,,,,,,,,,,,,,,,
,,,,,,,,,,,,,,,
,,,,,,,,,,,,,,,
,,,,,,,,,,,,,,,
,,,,,,,,,,,,,,,
,,,,,,,,,,,,,,,
,,,,,,,,,,,,,,,
,,,,,,,,,,,,,,,
,,,,,,,,,,,,,,,
,,,,,,,,,,,,,,,
,,,,,,,,,,,,,,,
,,,,,,,,,,,,,,,
,,,,,,,,,,,,,,,
,,,,,,,,,,,,,,,
,,,,,,,,,,,,,,,
,,,,,,,,,,,,,,,
,,,,,,,,,,,,,,,
,,,,,,,,,,,,,,,
,,,,,,,,,,,,,,,
,,,,,,,,,,,,,,,
,,,,,,,,,,,,,,,
,,,,,,,,,,,,,,,
,,,,,,,,,,,,,,,
,,,,,,,,,,,,,,,
,,,,,,,,,,,,,,,
,,,,,,,,,,,,,,,
,,,,,,,,,,,,,,,
,,,,,,,,,,,,,,,
,,,,,,,,,,,,,,,
,,,,,,,,,,,,,,,
,,,,,,,,,,,,,,,
,,,,,,,,,,,,,,,
,,,,,,,,,,,,,,,
,,,,,,,,,,,,,,,
,,,,,,,,,,,,,,,
,,,,,,,,,,,,,,,
,,,,,,,,,,,,,,,
,,,,,,,,,,,,,,,
,,,,,,,,,,,,,,,
,,,,,,,,,,,,,,,
,,,,,,,,,,,,,,,
,,,,,,,,,,,,,,,
,,,,,,,,,,,,,,,
,,,,,,,,,,,,,,,
,,,,,,,,,,,,,,,
,,,,,,,,,,,,,,,
,,,,,,,,,,,,,,,
,,,,,,,,,,,,,,,
,,,,,,,,,,,,,,,
,,,,,,,,,,,,,,,
,,,,,,,,,,,,,,,
,,,,,,,,,,,,,,,
,,,,,,,,,,,,,,,
,,,,,,,,,,,,,,,
,,,,,,,,,,,,,,,
,,,,,,,,,,,,,,,
,,,,,,,,,,,,,,,
,,,,,,,,,,,,,,,
,,,,,,,,,,,,,,,
,,,,,,,,,,,,,,,
,,,,,,,,,,,,,,,
,,,,,,,,,,,,,,,
,,,,,,,,,,,,,,,
,,,,,,,,,,,,,,,
,,,,,,,,,,,,,,,
,,,,,,,,,,,,,,,
,,,,,,,,,,,,,,,
,,,,,,,,,,,,,,,
,,,,,,,,,,,,,,,
,,,,,,,,,,,,,,,
,,,,,,,,,,,,,,,
,,,,,,,,,,,,,,,
,,,,,,,,,,,,,,,
,,,,,,,,,,,,,,,
,,,,,,,,,,,,,,,
,,,,,,,,,,,,,,,
,,,,,,,,,,,,,,,
,,,,,,,,,,,,,,,
,,,,,,,,,,,,,,,
,,,,,,,,,,,,,,,
,,,,,,,,,,,,,,,
,,,,,,,,,,,,,,,
,,,,,,,,,,,,,,,
,,,,,,,,,,,,,,,
,,,,,,,,,,,,,,,
,,,,,,,,,,,,,,,
,,,,,,,,,,,,,,,
,,,,,,,,,,,,,,,
,,,,,,,,,,,,,,,
,,,,,,,,,,,,,,,
,,,,,,,,,,,,,,,
,,,,,,,,,,,,,,,
,,,,,,,,,,,,,,,
,,,,,,,,,,,,,,,
,,,,,,,,,,,,,,,
,,,,,,,,,,,,,,,
,,,,,,,,,,,,,,,
,,,,,,,,,,,,,,,
,,,,,,,,,,,,,,,
,,,,,,,,,,,,,,,
,,,,,,,,,,,,,,,
,,,,,,,,,,,,,,,
,,,,,,,,,,,,,,,
,,,,,,,,,,,,,,,
,,,,,,,,,,,,,,,
,,,,,,,,,,,,,,,
,,,,,,,,,,,,,,,
,,,,,,,,,,,,,,,
,,,,,,,,,,,,,,,
,,,,,,,,,,,,,,,
,,,,,,,,,,,,,,,
,,,,,,,,,,,,,,,
,,,,,,,,,,,,,,,
,,,,,,,,,,,,,,,
,,,,,,,,,,,,,,,
,,,,,,,,,,,,,,,
,,,,,,,,,,,,,,,
,,,,,,,,,,,,,,,
,,,,,,,,,,,,,,,
,,,,,,,,,,,,,,,
,,,,,,,,,,,,,,,
,,,,,,,,,,,,,,,
,,,,,,,,,,,,,,,
,,,,,,,,,,,,,,,
,,,,,,,,,,,,,,,
,,,,,,,,,,,,,,,
,,,,,,,,,,,,,,,
,,,,,,,,,,,,,,,
,,,,,,,,,,,,,,,
,,,,,,,,,,,,,,,
,,,,,,,,,,,,,,,
,,,,,,,,,,,,,,,
,,,,,,,,,,,,,,,
,,,,,,,,,,,,,,,
,,,,,,,,,,,,,,,
,,,,,,,,,,,,,,,
,,,,,,,,,,,,,,,
,,,,,,,,,,,,,,,
,,,,,,,,,,,,,,,
,,,,,,,,,,,,,,,
,,,,,,,,,,,,,,,
,,,,,,,,,,,,,,,
,,,,,,,,,,,,,,,
,,,,,,,,,,,,,,,
,,,,,,,,,,,,,,,
,,,,,,,,,,,,,,,
,,,,,,,,,,,,,,,
,,,,,,,,,,,,,,,
,,,,,,,,,,,,,,,
,,,,,,,,,,,,,,,
,,,,,,,,,,,,,,,
,,,,,,,,,,,,,,,
,,,,,,,,,,,,,,,
,,,,,,,,,,,,,,,
,,,,,,,,,,,,,,,
,,,,,,,,,,,,,,,
,,,,,,,,,,,,,,,
,,,,,,,,,,,,,,,
,,,,,,,,,,,,,,,
,,,,,,,,,,,,,,,
,,,,,,,,,,,,,,,
,,,,,,,,,,,,,,,
,,,,,,,,,,,,,,,
,,,,,,,,,,,,,,,
,,,,,,,,,,,,,,,
,,,,,,,,,,,,,,,
,,,,,,,,,,,,,,,
,,,,,,,,,,,,,,,
,,,,,,,,,,,,,,,
,,,,,,,,,,,,,,,
,,,,,,,,,,,,,,,
,,,,,,,,,,,,,,,
,,,,,,,,,,,,,,,
,,,,,,,,,,,,,,,
,,,,,,,,,,,,,,,
,,,,,,,,,,,,,,,
,,,,,,,,,,,,,,,
,,,,,,,,,,,,,,,
,,,,,,,,,,,,,,,
,,,,,,,,,,,,,,,
,,,,,,,,,,,,,,,
,,,,,,,,,,,,,,,
,,,,,,,,,,,,,,,
,,,,,,,,,,,,,,,
,,,,,,,,,,,,,,,
,,,,,,,,,,,,,,,
,,,,,,,,,,,,,,,
,,,,,,,,,,,,,,,
,,,,,,,,,,,,,,,
,,,,,,,,,,,,,,,
,,,,,,,,,,,,,,,
,,,,,,,,,,,,,,,
,,,,,,,,,,,,,,,
,,,,,,,,,,,,,,,
,,,,,,,,,,,,,,,
,,,,,,,,,,,,,,,
,,,,,,,,,,,,,,,
,,,,,,,,,,,,,,,
,,,,,,,,,,,,,,,
,,,,,,,,,,,,,,,
,,,,,,,,,,,,,,,
,,,,,,,,,,,,,,,
,,,,,,,,,,,,,,,
,,,,,,,,,,,,,,,
,,,,,,,,,,,,,,,
,,,,,,,,,,,,,,,
,,,,,,,,,,,,,,,
,,,,,,,,,,,,,,,
,,,,,,,,,,,,,,,
,,,,,,,,,,,,,,,
,,,,,,,,,,,,,,,
,,,,,,,,,,,,,,,
,,,,,,,,,,,,,,,
,,,,,,,,,,,,,,,
,,,,,,,,,,,,,,,
,,,,,,,,,,,,,,,
,,,,,,,,,,,,,,,
,,,,,,,,,,,,,,,
,,,,,,,,,,,,,,,
,,,,,,,,,,,,,,,
,,,,,,,,,,,,,,,
,,,,,,,,,,,,,,,
,,,,,,,,,,,,,,,
,,,,,,,,,,,,,,,
,,,,,,,,,,,,,,,
,,,,,,,,,,,,,,,
,,,,,,,,,,,,,,,
,,,,,,,,,,,,,,,
,,,,,,,,,,,,,,,
,,,,,,,,,,,,,,,
,,,,,,,,,,,,,,,
,,,,,,,,,,,,,,,
,,,,,,,,,,,,,,,
,,,,,,,,,,,,,,,
,,,,,,,,,,,,,,,
,,,,,,,,,,,,,,,
,,,,,,,,,,,,,,,
,,,,,,,,,,,,,,,
,,,,,,,,,,,,,,,
,,,,,,,,,,,,,,,
,,,,,,,,,,,,,,,
,,,,,,,,,,,,,,,
,,,,,,,,,,,,,,,
,,,,,,,,,,,,,,,
,,,,,,,,,,,,,,,
,,,,,,,,,,,,,,,
,,,,,,,,,,,,,,,
,,,,,,,,,,,,,,,
,,,,,,,,,,,,,,,
,,,,,,,,,,,,,,,
,,,,,,,,,,,,,,,
,,,,,,,,,,,,,,,
,,,,,,,,,,,,,,,
,,,,,,,,,,,,,,,
,,,,,,,,,,,,,,,
,,,,,,,,,,,,,,,
,,,,,,,,,,,,,,,
,,,,,,,,,,,,,,,
,,,,,,,,,,,,,,,
,,,,,,,,,,,,,,,
,,,,,,,,,,,,,,,
,,,,,,,,,,,,,,,
,,,,,,,,,,,,,,,
,,,,,,,,,,,,,,,
,,,,,,,,,,,,,,,
,,,,,,,,,,,,,,,
,,,,,,,,,,,,,,,
,,,,,,,,,,,,,,,
,,,,,,,,,,,,,,,
,,,,,,,,,,,,,,,
,,,,,,,,,,,,,,,
,,,,,,,,,,,,,,,
,,,,,,,,,,,,,,,
,,,,,,,,,,,,,,,
,,,,,,,,,,,,,,,
,,,,,,,,,,,,,,,
,,,,,,,,,,,,,,,
,,,,,,,,,,,,,,,
,,,,,,,,,,,,,,,
,,,,,,,,,,,,,,,
,,,,,,,,,,,,,,,
,,,,,,,,,,,,,,,
,,,,,,,,,,,,,,,
,,,,,,,,,,,,,,,
,,,,,,,,,,,,,,,
,,,,,,,,,,,,,,,
,,,,,,,,,,,,,,,
,,,,,,,,,,,,,,,
,,,,,,,,,,,,,,,
,,,,,,,,,,,,,,,
,,,,,,,,,,,,,,,
,,,,,,,,,,,,,,,
,,,,,,,,,,,,,,,
,,,,,,,,,,,,,,,
,,,,,,,,,,,,,,,
,,,,,,,,,,,,,,,
,,,,,,,,,,,,,,,
,,,,,,,,,,,,,,,
,,,,,,,,,,,,,,,
,,,,,,,,,,,,,,,
,,,,,,,,,,,,,,,
,,,,,,,,,,,,,,,
,,,,,,,,,,,,,,,
,,,,,,,,,,,,,,,
,,,,,,,,,,,,,,,
,,,,,,,,,,,,,,,
,,,,,,,,,,,,,,,
,,,,,,,,,,,,,,,
,,,,,,,,,,,,,,,
,,,,,,,,,,,,,,,
,,,,,,,,,,,,,,,
,,,,,,,,,,,,,,,
,,,,,,,,,,,,,,,
,,,,,,,,,,,,,,,
,,,,,,,,,,,,,,,
,,,,,,,,,,,,,,,
,,,,,,,,,,,,,,,
,,,,,,,,,,,,,,,
,,,,,,,,,,,,,,,
,,,,,,,,,,,,,,,
,,,,,,,,,,,,,,,
,,,,,,,,,,,,,,,
,,,,,,,,,,,,,,,
,,,,,,,,,,,,,,,
,,,,,,,,,,,,,,,
,,,,,,,,,,,,,,,
,,,,,,,,,,,,,,,
,,,,,,,,,,,,,,,
,,,,,,,,,,,,,,,
,,,,,,,,,,,,,,,
,,,,,,,,,,,,,,,
,,,,,,,,,,,,,,,
,,,,,,,,,,,,,,,
,,,,,,,,,,,,,,,
,,,,,,,,,,,,,,,
,,,,,,,,,,,,,,,
,,,,,,,,,,,,,,,
,,,,,,,,,,,,,,,
,,,,,,,,,,,,,,,
,,,,,,,,,,,,,,,
,,,,,,,,,,,,,,,
,,,,,,,,,,,,,,,
,,,,,,,,,,,,,,,
,,,,,,,,,,,,,,,
,,,,,,,,,,,,,,,
,,,,,,,,,,,,,,,
,,,,,,,,,,,,,,,
,,,,,,,,,,,,,,,
,,,,,,,,,,,,,,,
,,,,,,,,,,,,,,,
,,,,,,,,,,,,,,,
,,,,,,,,,,,,,,,
,,,,,,,,,,,,,,,
,,,,,,,,,,,,,,,
,,,,,,,,,,,,,,,
,,,,,,,,,,,,,,,
,,,,,,,,,,,,,,,
,,,,,,,,,,,,,,,
,,,,,,,,,,,,,,,
,,,,,,,,,,,,,,,
,,,,,,,,,,,,,,,
,,,,,,,,,,,,,,,
,,,,,,,,,,,,,,,
,,,,,,,,,,,,,,,
,,,,,,,,,,,,,,,
,,,,,,,,,,,,,,,
,,,,,,,,,,,,,,,
,,,,,,,,,,,,,,,
,,,,,,,,,,,,,,,
,,,,,,,,,,,,,,,
,,,,,,,,,,,,,,,
,,,,,,,,,,,,,,,
,,,,,,,,,,,,,,,
,,,,,,,,,,,,,,,
,,,,,,,,,,,,,,,
,,,,,,,,,,,,,,,
,,,,,,,,,,,,,,,
,,,,,,,,,,,,,,,
,,,,,,,,,,,,,,,
,,,,,,,,,,,,,,,
,,,,,,,,,,,,,,,
,,,,,,,,,,,,,,,
,,,,,,,,,,,,,,,
,,,,,,,,,,,,,,,
,,,,,,,,,,,,,,,
,,,,,,,,,,,,,,,
,,,,,,,,,,,,,,,
,,,,,,,,,,,,,,,
,,,,,,,,,,,,,,,
,,,,,,,,,,,,,,,
,,,,,,,,,,,,,,,
,,,,,,,,,,,,,,,
,,,,,,,,,,,,,,,
,,,,,,,,,,,,,,,
,,,,,,,,,,,,,,,
,,,,,,,,,,,,,,,
,,,,,,,,,,,,,,,
,,,,,,,,,,,,,,,
,,,,,,,,,,,,,,,
,,,,,,,,,,,,,,,
,,,,,,,,,,,,,,,
,,,,,,,,,,,,,,,
,,,,,,,,,,,,,,,
,,,,,,,,,,,,,,,
,,,,,,,,,,,,,,,
,,,,,,,,,,,,,,,
,,,,,,,,,,,,,,,
,,,,,,,,,,,,,,,
,,,,,,,,,,,,,,,
,,,,,,,,,,,,,,,
,,,,,,,,,,,,,,,
,,,,,,,,,,,,,,,
,,,,,,,,,,,,,,,
,,,,,,,,,,,,,,,
,,,,,,,,,,,,,,,
,,,,,,,,,,,,,,,
,,,,,,,,,,,,,,,
,,,,,,,,,,,,,,,
,,,,,,,,,,,,,,,
,,,,,,,,,,,,,,,
,,,,,,,,,,,,,,,
,,,,,,,,,,,,,,,
,,,,,,,,,,,,,,,
,,,,,,,,,,,,,,,
,,,,,,,,,,,,,,,
,,,,,,,,,,,,,,,
,,,,,,,,,,,,,,,
,,,,,,,,,,,,,,,
,,,,,,,,,,,,,,,
,,,,,,,,,,,,,,,
,,,,,,,,,,,,,,,
,,,,,,,,,,,,,,,
,,,,,,,,,,,,,,,
,,,,,,,,,,,,,,,
,,,,,,,,,,,,,,,
,,,,,,,,,,,,,,,
,,,,,,,,,,,,,,,
,,,,,,,,,,,,,,,
,,,,,,,,,,,,,,,
,,,,,,,,,,,,,,,
,,,,,,,,,,,,,,,
,,,,,,,,,,,,,,,
,,,,,,,,,,,,,,,
,,,,,,,,,,,,,,,
,,,,,,,,,,,,,,,
,,,,,,,,,,,,,,,
,,,,,,,,,,,,,,,
,,,,,,,,,,,,,,,
,,,,,,,,,,,,,,,
,,,,,,,,,,,,,,,
,,,,,,,,,,,,,,,
,,,,,,,,,,,,,,,
,,,,,,,,,,,,,,,
,,,,,,,,,,,,,,,
,,,,,,,,,,,,,,,
,,,,,,,,,,,,,,,
,,,,,,,,,,,,,,,
,,,,,,,,,,,,,,,
,,,,,,,,,,,,,,,
,,,,,,,,,,,,,,,
,,,,,,,,,,,,,,,
,,,,,,,,,,,,,,,
,,,,,,,,,,,,,,,
,,,,,,,,,,,,,,,
,,,,,,,,,,,,,,,
,,,,,,,,,,,,,,,
,,,,,,,,,,,,,,,
,,,,,,,,,,,,,,,
,,,,,,,,,,,,,,,
,,,,,,,,,,,,,,,
,,,,,,,,,,,,,,,
,,,,,,,,,,,,,,,
,,,,,,,,,,,,,,,
,,,,,,,,,,,,,,,
,,,,,,,,,,,,,,,
,,,,,,,,,,,,,,,
,,,,,,,,,,,,,,,
,,,,,,,,,,,,,,,
,,,,,,,,,,,,,,,
,,,,,,,,,,,,,,,
,,,,,,,,,,,,,,,
,,,,,,,,,,,,,,,
,,,,,,,,,,,,,,,
,,,,,,,,,,,,,,,
,,,,,,,,,,,,,,,
,,,,,,,,,,,,,,,
,,,,,,,,,,,,,,,
,,,,,,,,,,,,,,,
,,,,,,,,,,,,,,,
,,,,,,,,,,,,,,,
,,,,,,,,,,,,,,,
,,,,,,,,,,,,,,,
,,,,,,,,,,,,,,,
,,,,,,,,,,,,,,,
,,,,,,,,,,,,,,,
,,,,,,,,,,,,,,,
,,,,,,,,,,,,,,,
,,,,,,,,,,,,,,,
,,,,,,,,,,,,,,,
,,,,,,,,,,,,,,,
,,,,,,,,,,,,,,,
,,,,,,,,,,,,,,,
,,,,,,,,,,,,,,,
,,,,,,,,,,,,,,,
,,,,,,,,,,,,,,,
,,,,,,,,,,,,,,,
,,,,,,,,,,,,,,,
,,,,,,,,,,,,,,,
,,,,,,,,,,,,,,,
,,,,,,,,,,,,,,,
,,,,,,,,,,,,,,,
,,,,,,,,,,,,,,,
,,,,,,,,,,,,,,,
,,,,,,,,,,,,,,,
,,,,,,,,,,,,,,,
,,,,,,,,,,,,,,,
,,,,,,,,,,,,,,,
,,,,,,,,,,,,,,,
,,,,,,,,,,,,,,,
,,,,,,,,,,,,,,,
,,,,,,,,,,,,,,,
,,,,,,,,,,,,,,,
,,,,,,,,,,,,,,,
,,,,,,,,,,,,,,,
,,,,,,,,,,,,,,,
,,,,,,,,,,,,,,,
,,,,,,,,,,,,,,,
,,,,,,,,,,,,,,,
,,,,,,,,,,,,,,,
,,,,,,,,,,,,,,,
,,,,,,,,,,,,,,,
,,,,,,,,,,,,,,,
,,,,,,,,,,,,,,,
,,,,,,,,,,,,,,,
,,,,,,,,,,,,,,,
,,,,,,,,,,,,,,,
,,,,,,,,,,,,,,,
,,,,,,,,,,,,,,,
,,,,,,,,,,,,,,,
,,,,,,,,,,,,,,,
,,,,,,,,,,,,,,,
,,,,,,,,,,,,,,,
,,,,,,,,,,,,,,,
,,,,,,,,,,,,,,,
,,,,,,,,,,,,,,,
,,,,,,,,,,,,,,,
,,,,,,,,,,,,,,,
,,,,,,,,,,,,,,,
,,,,,,,,,,,,,,,
,,,,,,,,,,,,,,,
,,,,,,,,,,,,,,,
,,,,,,,,,,,,,,,
,,,,,,,,,,,,,,,
,,,,,,,,,,,,,,,
,,,,,,,,,,,,,,,
,,,,,,,,,,,,,,,
,,,,,,,,,,,,,,,
,,,,,,,,,,,,,,,
,,,,,,,,,,,,,,,
,,,,,,,,,,,,,,,
,,,,,,,,,,,,,,,
,,,,,,,,,,,,,,,
,,,,,,,,,,,,,,,
,,,,,,,,,,,,,,,
,,,,,,,,,,,,,,,
,,,,,,,,,,,,,,,
,,,,,,,,,,,,,,,
,,,,,,,,,,,,,,,
,,,,,,,,,,,,,,,
,,,,,,,,,,,,,,,
,,,,,,,,,,,,,,,
,,,,,,,,,,,,,,,
,,,,,,,,,,,,,,,
,,,,,,,,,,,,,,,
,,,,,,,,,,,,,,,
,,,,,,,,,,,,,,,
,,,,,,,,,,,,,,,
,,,,,,,,,,,,,,,
,,,,,,,,,,,,,,,
,,,,,,,,,,,,,,,
,,,,,,,,,,,,,,,
,,,,,,,,,,,,,,,
,,,,,,,,,,,,,,,
,,,,,,,,,,,,,,,
,,,,,,,,,,,,,,,
,,,,,,,,,,,,,,,
,,,,,,,,,,,,,,,
,,,,,,,,,,,,,,,
,,,,,,,,,,,,,,,
,,,,,,,,,,,,,,,
,,,,,,,,,,,,,,,
,,,,,,,,,,,,,,,
,,,,,,,,,,,,,,,
,,,,,,,,,,,,,,,
,,,,,,,,,,,,,,,
,,,,,,,,,,,,,,,
,,,,,,,,,,,,,,,
,,,,,,,,,,,,,,,
,,,,,,,,,,,,,,,
,,,,,,,,,,,,,,,
,,,,,,,,,,,,,,,
,,,,,,,,,,,,,,,
,,,,,,,,,,,,,,,
,,,,,,,,,,,,,,,
,,,,,,,,,,,,,,,
,,,,,,,,,,,,,,,
,,,,,,,,,,,,,,,
,,,,,,,,,,,,,,,
,,,,,,,,,,,,,,,
,,,,,,,,,,,,,,,
,,,,,,,,,,,,,,,
,,,,,,,,,,,,,,,
,,,,,,,,,,,,,,,
,,,,,,,,,,,,,,,
,,,,,,,,,,,,,,,
,,,,,,,,,,,,,,,
,,,,,,,,,,,,,,,
,,,,,,,,,,,,,,,
,,,,,,,,,,,,,,,
,,,,,,,,,,,,,,,
,,,,,,,,,,,,,,,
,,,,,,,,,,,,,,,
,,,,,,,,,,,,,,,
,,,,,,,,,,,,,,,
,,,,,,,,,,,,,,,
,,,,,,,,,,,,,,,
,,,,,,,,,,,,,,,
,,,,,,,,,,,,,,,
,,,,,,,,,,,,,,,
,,,,,,,,,,,,,,,
,,,,,,,,,,,,,,,
,,,,,,,,,,,,,,,
,,,,,,,,,,,,,,,
,,,,,,,,,,,,,,,
,,,,,,,,,,,,,,,
,,,,,,,,,,,,,,,
,,,,,,,,,,,,,,,
,,,,,,,,,,,,,,,
,,,,,,,,,,,,,,,
,,,,,,,,,,,,,,,
,,,,,,,,,,,,,,,
,,,,,,,,,,,,,,,
,,,,,,,,,,,,,,,
,,,,,,,,,,,,,,,
,,,,,,,,,,,,,,,
,,,,,,,,,,,,,,,
,,,,,,,,,,,,,,,
,,,,,,,,,,,,,,,
,,,,,,,,,,,,,,,
,,,,,,,,,,,,,,,
,,,,,,,,,,,,,,,
,,,,,,,,,,,,,,,
,,,,,,,,,,,,,,,
,,,,,,,,,,,,,,,
,,,,,,,,,,,,,,,
,,,,,,,,,,,,,,,
,,,,,,,,,,,,,,,
,,,,,,,,,,,,,,,
,,,,,,,,,,,,,,,
,,,,,,,,,,,,,,,
,,,,,,,,,,,,,,,
,,,,,,,,,,,,,,,
,,,,,,,,,,,,,,,
,,,,,,,,,,,,,,,
,,,,,,,,,,,,,,,
,,,,,,,,,,,,,,,
,,,,,,,,,,,,,,,
,,,,,,,,,,,,,,,
,,,,,,,,,,,,,,,
,,,,,,,,,,,,,,,
,,,,,,,,,,,,,,,
,,,,,,,,,,,,,,,
,,,,,,,,,,,,,,,
,,,,,,,,,,,,,,,
,,,,,,,,,,,,,,,
,,,,,,,,,,,,,,,
,,,,,,,,,,,,,,,
,,,,,,,,,,,,,,,
,,,,,,,,,,,,,,,
,,,,,,,,,,,,,,,
,,,,,,,,,,,,,,,
,,,,,,,,,,,,,,,
,,,,,,,,,,,,,,,
,,,,,,,,,,,,,,,
,,,,,,,,,,,,,,,
,,,,,,,,,,,,,,,
,,,,,,,,,,,,,,,
,,,,,,,,,,,,,,,
,,,,,,,,,,,,,,,
,,,,,,,,,,,,,,,
,,,,,,,,,,,,,,,
,,,,,,,,,,,,,,,
,,,,,,,,,,,,,,,
,,,,,,,,,,,,,,,
,,,,,,,,,,,,,,,
,,,,,,,,,,,,,,,
,,,,,,,,,,,,,,,
,,,,,,,,,,,,,,,
,,,,,,,,,,,,,,,
,,,,,,,,,,,,,,,
,,,,,,,,,,,,,,,
,,,,,,,,,,,,,,,
,,,,,,,,,,,,,,,
,,,,,,,,,,,,,,,
,,,,,,,,,,,,,,,
,,,,,,,,,,,,,,,
,,,,,,,,,,,,,,,
,,,,,,,,,,,,,,,
,,,,,,,,,,,,,,,
,,,,,,,,,,,,,,,
,,,,,,,,,,,,,,,
,,,,,,,,,,,,,,,
,,,,,,,,,,,,,,,
,,,,,,,,,,,,,,,
,,,,,,,,,,,,,,,
,,,,,,,,,,,,,,,
,,,,,,,,,,,,,,,
,,,,,,,,,,,,,,,
,,,,,,,,,,,,,,,
,,,,,,,,,,,,,,,
,,,,,,,,,,,,,,,
,,,,,,,,,,,,,,,
,,,,,,,,,,,,,,,
,,,,,,,,,,,,,,,
,,,,,,,,,,,,,,,
,,,,,,,,,,,,,,,
,,,,,,,,,,,,,,,
,,,,,,,,,,,,,,,
,,,,,,,,,,,,,,,
,,,,,,,,,,,,,,,
,,,,,,,,,,,,,,,
,,,,,,,,,,,,,,,
,,,,,,,,,,,,,,,
,,,,,,,,,,,,,,,
,,,,,,,,,,,,,,,
,,,,,,,,,,,,,,,
,,,,,,,,,,,,,,,
,,,,,,,,,,,,,,,
,,,,,,,,,,,,,,,
,,,,,,,,,,,,,,,
,,,,,,,,,,,,,,,
,,,,,,,,,,,,,,,
,,,,,,,,,,,,,,,
,,,,,,,,,,,,,,,
,,,,,,,,,,,,,,,
,,,,,,,,,,,,,,,
,,,,,,,,,,,,,,,
,,,,,,,,,,,,,,,
,,,,,,,,,,,,,,,
,,,,,,,,,,,,,,,
,,,,,,,,,,,,,,,
,,,,,,,,,,,,,,,
,,,,,,,,,,,,,,,
,,,,,,,,,,,,,,,
,,,,,,,,,,,,,,,
,,,,,,,,,,,,,,,
,,,,,,,,,,,,,,,
,,,,,,,,,,,,,,,
,,,,,,,,,,,,,,,
,,,,,,,,,,,,,,,
,,,,,,,,,,,,,,,
,,,,,,,,,,,,,,,
,,,,,,,,,,,,,,,
,,,,,,,,,,,,,,,
,,,,,,,,,,,,,,,
,,,,,,,,,,,,,,,
,,,,,,,,,,,,,,,
,,,,,,,,,,,,,,,
,,,,,,,,,,,,,,,
,,,,,,,,,,,,,,,
,,,,,,,,,,,,,,,
,,,,,,,,,,,,,,,
,,,,,,,,,,,,,,,
,,,,,,,,,,,,,,,
,,,,,,,,,,,,,,,
,,,,,,,,,,,,,,,
,,,,,,,,,,,,,,,
,,,,,,,,,,,,,,,
,,,,,,,,,,,,,,,
,,,,,,,,,,,,,,,
,,,,,,,,,,,,,,,
,,,,,,,,,,,,,,,
,,,,,,,,,,,,,,,
,,,,,,,,,,,,,,,
,,,,,,,,,,,,,,,
,,,,,,,,,,,,,,,
,,,,,,,,,,,,,,,
,,,,,,,,,,,,,,,
,,,,,,,,,,,,,,,
,,,,,,,,,,,,,,,
,,,,,,,,,,,,,,,
,,,,,,,,,,,,,,,
,,,,,,,,,,,,,,,
,,,,,,,,,,,,,,,
,,,,,,,,,,,,,,,
,,,,,,,,,,,,,,,
,,,,,,,,,,,,,,,
,,,,,,,,,,,,,,,
,,,,,,,,,,,,,,,
,,,,,,,,,,,,,,,
,,,,,,,,,,,,,,,
,,,,,,,,,,,,,,,
,,,,,,,,,,,,,,,
,,,,,,,,,,,,,,,
,,,,,,,,,,,,,,,
,,,,,,,,,,,,,,,
,,,,,,,,,,,,,,,
,,,,,,,,,,,,,,,
,,,,,,,,,,,,,,,
,,,,,,,,,,,,,,,
,,,,,,,,,,,,,,,
,,,,,,,,,,,,,,,
,,,,,,,,,,,,,,,
,,,,,,,,,,,,,,,
,,,,,,,,,,,,,,,
,,,,,,,,,,,,,,,
,,,,,,,,,,,,,,,
,,,,,,,,,,,,,,,
,,,,,,,,,,,,,,,
,,,,,,,,,,,,,,,
,,,,,,,,,,,,,,,
,,,,,,,,,,,,,,,
,,,,,,,,,,,,,,,
,,,,,,,,,,,,,,,
,,,,,,,,,,,,,,,
,,,,,,,,,,,,,,,
,,,,,,,,,,,,,,,
,,,,,,,,,,,,,,,
,,,,,,,,,,,,,,,
,,,,,,,,,,,,,,,
,,,,,,,,,,,,,,,
,,,,,,,,,,,,,,,
,,,,,,,,,,,,,,,
,,,,,,,,,,,,,,,
,,,,,,,,,,,,,,,
,,,,,,,,,,,,,,,
,,,,,,,,,,,,,,,
,,,,,,,,,,,,,,,
,,,,,,,,,,,,,,,
,,,,,,,,,,,,,,,
,,,,,,,,,,,,,,,
,,,,,,,,,,,,,,,
,,,,,,,,,,,,,,,
,,,,,,,,,,,,,,,
,,,,,,,,,,,,,,,
,,,,,,,,,,,,,,,
,,,,,,,,,,,,,,,
,,,,,,,,,,,,,,,
,,,,,,,,,,,,,,,
,,,,,,,,,,,,,,,
,,,,,,,,,,,,,,,
,,,,,,,,,,,,,,,
,,,,,,,,,,,,,,,
,,,,,,,,,,,,,,,
,,,,,,,,,,,,,,,
,,,,,,,,,,,,,,,
,,,,,,,,,,,,,,,
,,,,,,,,,,,,,,,
,,,,,,,,,,,,,,,
,,,,,,,,,,,,,,,
,,,,,,,,,,,,,,,
,,,,,,,,,,,,,,,
,,,,,,,,,,,,,,,
,,,,,,,,,,,,,,,
,,,,,,,,,,,,,,,
,,,,,,,,,,,,,,,
,,,,,,,,,,,,,,,
,,,,,,,,,,,,,,,
,,,,,,,,,,,,,,,
,,,,,,,,,,,,,,,
,,,,,,,,,,,,,,,
,,,,,,,,,,,,,,,
,,,,,,,,,,,,,,,
,,,,,,,,,,,,,,,
,,,,,,,,,,,,,,,
,,,,,,,,,,,,,,,
,,,,,,,,,,,,,,,
,,,,,,,,,,,,,,,
,,,,,,,,,,,,,,,
,,,,,,,,,,,,,,,
,,,,,,,,,,,,,,,
,,,,,,,,,,,,,,,
,,,,,,,,,,,,,,,
,,,,,,,,,,,,,,,
,,,,,,,,,,,,,,,
,,,,,,,,,,,,,,,
,,,,,,,,,,,,,,,
,,,,,,,,,,,,,,,
,,,,,,,,,,,,,,,
,,,,,,,,,,,,,,,
,,,,,,,,,,,,,,,
,,,,,,,,,,,,,,,
,,,,,,,,,,,,,,,
,,,,,,,,,,,,,,,
,,,,,,,,,,,,,,,
,,,,,,,,,,,,,,,
,,,,,,,,,,,,,,,
,,,,,,,,,,,,,,,
,,,,,,,,,,,,,,,
,,,,,,,,,,,,,,,
,,,,,,,,,,,,,,,
,,,,,,,,,,,,,,,
,,,,,,,,,,,,,,,
,,,,,,,,,,,,,,,
,,,,,,,,,,,,,,,
,,,,,,,,,,,,,,,
,,,,,,,,,,,,,,,
,,,,,,,,,,,,,,,
,,,,,,,,,,,,,,,
,,,,,,,,,,,,,,,
,,,,,,,,,,,,,,,
,,,,,,,,,,,,,,,
,,,,,,,,,,,,,,,
,,,,,,,,,,,,,,,
,,,,,,,,,,,,,,,
,,,,,,,,,,,,,,,
,,,,,,,,,,,,,,,
,,,,,,,,,,,,,,,
,,,,,,,,,,,,,,,
,,,,,,,,,,,,,,,
,,,,,,,,,,,,,,,
,,,,,,,,,,,,,,,
,,,,,,,,,,,,,,,
,,,,,,,,,,,,,,,
,,,,,,,,,,,,,,,
,,,,,,,,,,,,,,,
,,,,,,,,,,,,,,,
,,,,,,,,,,,,,,,
,,,,,,,,,,,,,,,
,,,,,,,,,,,,,,,
,,,,,,,,,,,,,,,
,,,,,,,,,,,,,,,
,,,,,,,,,,,,,,,
,,,,,,,,,,,,,,,
,,,,,,,,,,,,,,,
,,,,,,,,,,,,,,,
,,,,,,,,,,,,,,,
,,,,,,,,,,,,,,,
,,,,,,,,,,,,,,,
,,,,,,,,,,,,,,,
,,,,,,,,,,,,,,,
,,,,,,,,,,,,,,,
,,,,,,,,,,,,,,,
,,,,,,,,,,,,,,,
,,,,,,,,,,,,,,,
,,,,,,,,,,,,,,,
,,,,,,,,,,,,,,,
,,,,,,,,,,,,,,,
,,,,,,,,,,,,,,,
,,,,,,,,,,,,,,,
,,,,,,,,,,,,,,,
,,,,,,,,,,,,,,,
,,,,,,,,,,,,,,,
,,,,,,,,,,,,,,,
,,,,,,,,,,,,,,,
,,,,,,,,,,,,,,,
,,,,,,,,,,,,,,,
,,,,,,,,,,,,,,,
,,,,,,,,,,,,,,,
,,,,,,,,,,,,,,,
,,,,,,,,,,,,,,,
,,,,,,,,,,,,,,,
,,,,,,,,,,,,,,,
,,,,,,,,,,,,,,,
,,,,,,,,,,,,,,,
,,,,,,,,,,,,,,,
,,,,,,,,,,,,,,,
,,,,,,,,,,,,,,,
,,,,,,,,,,,,,,,
,,,,,,,,,,,,,,,
,,,,,,,,,,,,,,,
,,,,,,,,,,,,,,,
,,,,,,,,,,,,,,,
,,,,,,,,,,,,,,,
,,,,,,,,,,,,,,,
,,,,,,,,,,,,,,,
,,,,,,,,,,,,,,,
,,,,,,,,,,,,,,,
,,,,,,,,,,,,,,,
,,,,,,,,,,,,,,,
,,,,,,,,,,,,,,,
,,,,,,,,,,,,,,,
,,,,,,,,,,,,,,,
,,,,,,,,,,,,,,,
,,,,,,,,,,,,,,,
,,,,,,,,,,,,,,,
,,,,,,,,,,,,,,,
,,,,,,,,,,,,,,,
,,,,,,,,,,,,,,,
,,,,,,,,,,,,,,,
,,,,,,,,,,,,,,,
,,,,,,,,,,,,,,,
,,,,,,,,,,,,,,,
,,,,,,,,,,,,,,,
,,,,,,,,,,,,,,,
,,,,,,,,,,,,,,,
,,,,,,,,,,,,,,,
,,,,,,,,,,,,,,,
,,,,,,,,,,,,,,,
,,,,,,,,,,,,,,,
,,,,,,,,,,,,,,,
,,,,,,,,,,,,,,,
,,,,,,,,,,,,,,,
,,,,,,,,,,,,,,,
,,,,,,,,,,,,,,,
,,,,,,,,,,,,,,,
,,,,,,,,,,,,,,,
,,,,,,,,,,,,,,,
,,,,,,,,,,,,,,,
,,,,,,,,,,,,,,,
,,,,,,,,,,,,,,,
,,,,,,,,,,,,,,,
,,,,,,,,,,,,,,,
,,,,,,,,,,,,,,,
,,,,,,,,,,,,,,,
,,,,,,,,,,,,,,,
,,,,,,,,,,,,,,,
,,,,,,,,,,,,,,,
,,,,,,,,,,,,,,,
,,,,,,,,,,,,,,,
,,,,,,,,,,,,,,,
,,,,,,,,,,,,,,,
,,,,,,,,,,,,,,,
,,,,,,,,,,,,,,,
,,,,,,,,,,,,,,,
,,,,,,,,,,,,,,,
,,,,,,,,,,,,,,,
,,,,,,,,,,,,,,,
,,,,,,,,,,,,,,,
,,,,,,,,,,,,,,,
,,,,,,,,,,,,,,,
,,,,,,,,,,,,,,,
,,,,,,,,,,,,,,,
,,,,,,,,,,,,,,,
,,,,,,,,,,,,,,,
,,,,,,,,,,,,,,,
,,,,,,,,,,,,,,,
,,,,,,,,,,,,,,,
,,,,,,,,,,,,,,,
,,,,,,,,,,,,,,,
,,,,,,,,,,,,,,,
,,,,,,,,,,,,,,,
,,,,,,,,,,,,,,,
,,,,,,,,,,,,,,,
,,,,,,,,,,,,,,,
,,,,,,,,,,,,,,,
,,,,,,,,,,,,,,,
,,,,,,,,,,,,,,,
,,,,,,,,,,,,,,,
,,,,,,,,,,,,,,,
,,,,,,,,,,,,,,,
,,,,,,,,,,,,,,,
,,,,,,,,,,,,,,,
,,,,,,,,,,,,,,,
,,,,,,,,,,,,,,,
,,,,,,,,,,,,,,,
,,,,,,,,,,,,,,,
,,,,,,,,,,,,,,,
,,,,,,,,,,,,,,,
,,,,,,,,,,,,,,,
,,,,,,,,,,,,,,,
,,,,,,,,,,,,,,,
,,,,,,,,,,,,,,,
,,,,,,,,,,,,,,,
,,,,,,,,,,,,,,,
,,,,,,,,,,,,,,,
,,,,,,,,,,,,,,,
,,,,,,,,,,,,,,,
,,,,,,,,,,,,,,,
,,,,,,,,,,,,,,,
,,,,,,,,,,,,,,,
,,,,,,,,,,,,,,,
,,,,,,,,,,,,,,,
,,,,,,,,,,,,,,,
,,,,,,,,,,,,,,,
,,,,,,,,,,,,,,,
,,,,,,,,,,,,,,,
,,,,,,,,,,,,,,,
,,,,,,,,,,,,,,,
,,,,,,,,,,,,,,,
,,,,,,,,,,,,,,,
,,,,,,,,,,,,,,,
,,,,,,,,,,,,,,,
,,,,,,,,,,,,,,,
,,,,,,,,,,,,,,,
,,,,,,,,,,,,,,,
,,,,,,,,,,,,,,,
,,,,,,,,,,,,,,,
,,,,,,,,,,,,,,,
,,,,,,,,,,,,,,,
,,,,,,,,,,,,,,,
,,,,,,,,,,,,,,,
,,,,,,,,,,,,,,,
,,,,,,,,,,,,,,,
,,,,,,,,,,,,,,,
,,,,,,,,,,,,,,,
,,,,,,,,,,,,,,,
,,,,,,,,,,,,,,,
,,,,,,,,,,,,,,,
,,,,,,,,,,,,,,,
,,,,,,,,,,,,,,,
,,,,,,,,,,,,,,,
,,,,,,,,,,,,,,,
,,,,,,,,,,,,,,,
,,,,,,,,,,,,,,,
,,,,,,,,,,,,,,,
,,,,,,,,,,,,,,,
,,,,,,,,,,,,,,,
,,,,,,,,,,,,,,,
,,,,,,,,,,,,,,,
,,,,,,,,,,,,,,,
,,,,,,,,,,,,,,,
,,,,,,,,,,,,,,,
,,,,,,,,,,,,,,,
,,,,,,,,,,,,,,,
,,,,,,,,,,,,,,,
,,,,,,,,,,,,,,,
,,,,,,,,,,,,,,,
,,,,,,,,,,,,,,,
,,,,,,,,,,,,,,,
,,,,,,,,,,,,,,,
,,,,,,,,,,,,,,,
,,,,,,,,,,,,,,,
,,,,,,,,,,,,,,,
,,,,,,,,,,,,,,,
,,,,,,,,,,,,,,,
,,,,,,,,,,,,,,,
,,,,,,,,,,,,,,,
,,,,,,,,,,,,,,,
,,,,,,,,,,,,,,,
,,,,,,,,,,,,,,,
,,,,,,,,,,,,,,,
,,,,,,,,,,,,,,,
,,,,,,,,,,,,,,,
,,,,,,,,,,,,,,,
,,,,,,,,,,,,,,,
,,,,,,,,,,,,,,,
,,,,,,,,,,,,,,,
,,,,,,,,,,,,,,,
,,,,,,,,,,,,,,,
,,,,,,,,,,,,,,,
,,,,,,,,,,,,,,,
,,,,,,,,,,,,,,,
,,,,,,,,,,,,,,,
,,,,,,,,,,,,,,,
,,,,,,,,,,,,,,,
,,,,,,,,,,,,,,,
,,,,,,,,,,,,,,,
,,,,,,,,,,,,,,,
,,,,,,,,,,,,,,,
,,,,,,,,,,,,,,,
,,,,,,,,,,,,,,,
,,,,,,,,,,,,,,,
,,,,,,,,,,,,,,,
,,,,,,,,,,,,,,,
,,,,,,,,,,,,,,,
,,,,,,,,,,,,,,,
,,,,,,,,,,,,,,,
,,,,,,,,,,,,,,,
,,,,,,,,,,,,,,,
,,,,,,,,,,,,,,,
,,,,,,,,,,,,,,,
,,,,,,,,,,,,,,,
,,,,,,,,,,,,,,,
,,,,,,,,,,,,,,,
,,,,,,,,,,,,,,,
,,,,,,,,,,,,,,,
,,,,,,,,,,,,,,,
,,,,,,,,,,,,,,,
,,,,,,,,,,,,,,,
,,,,,,,,,,,,,,,
,,,,,,,,,,,,,,,
,,,,,,,,,,,,,,,
,,,,,,,,,,,,,,,
,,,,,,,,,,,,,,,
,,,,,,,,,,,,,,,
,,,,,,,,,,,,,,,
,,,,,,,,,,,,,,,
,,,,,,,,,,,,,,,
,,,,,,,,,,,,,,,
,,,,,,,,,,,,,,,
,,,,,,,,,,,,,,,
,,,,,,,,,,,,,,,
,,,,,,,,,,,,,,,
,,,,,,,,,,,,,,,
,,,,,,,,,,,,,,,
,,,,,,,,,,,,,,,
,,,,,,,,,,,,,,,
,,,,,,,,,,,,,,,
,,,,,,,,,,,,,,,
,,,,,,,,,,,,,,,
,,,,,,,,,,,,,,,
,,,,,,,,,,,,,,,
,,,,,,,,,,,,,,,
,,,,,,,,,,,,,,,
,,,,,,,,,,,,,,,
,,,,,,,,,,,,,,,
,,,,,,,,,,,,,,,
,,,,,,,,,,,,,,,
,,,,,,,,,,,,,,,
,,,,,,,,,,,,,,,
,,,,,,,,,,,,,,,
,,,,,,,,,,,,,,,
,,,,,,,,,,,,,,,
,,,,,,,,,,,,,,,
,,,,,,,,,,,,,,,
,,,,,,,,,,,,,,,
,,,,,,,,,,,,,,,
,,,,,,,,,,,,,,,
,,,,,,,,,,,,,,,
,,,,,,,,,,,,,,,
,,,,,,,,,,,,,,,
,,,,,,,,,,,,,,,
,,,,,,,,,,,,,,,
,,,,,,,,,,,,,,,
,,,,,,,,,,,,,,,
,,,,,,,,,,,,,,,
,,,,,,,,,,,,,,,
,,,,,,,,,,,,,,,
,,,,,,,,,,,,,,,
,,,,,,,,,,,,,,,
,,,,,,,,,,,,,,,
,,,,,,,,,,,,,,,
,,,,,,,,,,,,,,,
,,,,,,,,,,,,,,,
,,,,,,,,,,,,,,,
,,,,,,,,,,,,,,,
,,,,,,,,,,,,,,,
,,,,,,,,,,,,,,,
,,,,,,,,,,,,,,,
,,,,,,,,,,,,,,,
,,,,,,,,,,,,,,,
,,,,,,,,,,,,,,,
,,,,,,,,,,,,,,,
,,,,,,,,,,,,,,,
,,,,,,,,,,,,,,,
,,,,,,,,,,,,,,,
,,,,,,,,,,,,,,,
,,,,,,,,,,,,,,,
,,,,,,,,,,,,,,,
,,,,,,,,,,,,,,,
,,,,,,,,,,,,,,,
,,,,,,,,,,,,,,,
,,,,,,,,,,,,,,,
,,,,,,,,,,,,,,,
,,,,,,,,,,,,,,,
,,,,,,,,,,,,,,,
,,,,,,,,,,,,,,,
,,,,,,,,,,,,,,,
,,,,,,,,,,,,,,,
,,,,,,,,,,,,,,,
,,,,,,,,,,,,,,,
,,,,,,,,,,,,,,,
,,,,,,,,,,,,,,,
,,,,,,,,,,,,,,,
,,,,,,,,,,,,,,,
,,,,,,,,,,,,,,,
,,,,,,,,,,,,,,,
,,,,,,,,,,,,,,,
,,,,,,,,,,,,,,,
,,,,,,,,,,,,,,,
,,,,,,,,,,,,,,,
,,,,,,,,,,,,,,,
,,,,,,,,,,,,,,,
,,,,,,,,,,,,,,,
,,,,,,,,,,,,,,,
,,,,,,,,,,,,,,,
,,,,,,,,,,,,,,,
,,,,,,,,,,,,,,,
,,,,,,,,,,,,,,,
,,,,,,,,,,,,,,,
,,,,,,,,,,,,,,,
,,,,,,,,,,,,,,,
,,,,,,,,,,,,,,,
,,,,,,,,,,,,,,,
,,,,,,,,,,,,,,,
,,,,,,,,,,,,,,,
,,,,,,,,,,,,,,,
,,,,,,,,,,,,,,,
,,,,,,,,,,,,,,,
,,,,,,,,,,,,,,,
,,,,,,,,,,,,,,,
,,,,,,,,,,,,,,,
,,,,,,,,,,,,,,,
,,,,,,,,,,,,,,,
,,,,,,,,,,,,,,,
,,,,,,,,,,,,,,,
,,,,,,,,,,,,,,,
,,,,,,,,,,,,,,,
,,,,,,,,,,,,,,,
,,,,,,,,,,,,,,,
,,,,,,,,,,,,,,,
,,,,,,,,,,,,,,,
,,,,,,,,,,,,,,,
,,,,,,,,,,,,,,,
,,,,,,,,,,,,,,,
,,,,,,,,,,,,,,,
,,,,,,,,,,,,,,,
,,,,,,,,,,,,,,,
,,,,,,,,,,,,,,,
,,,,,,,,,,,,,,,
,,,,,,,,,,,,,,,
,,,,,,,,,,,,,,,
,,,,,,,,,,,,,,,
,,,,,,,,,,,,,,,
,,,,,,,,,,,,,,,
,,,,,,,,,,,,,,,
,,,,,,,,,,,,,,,
,,,,,,,,,,,,,,,
,,,,,,,,,,,,,,,
,,,,,,,,,,,,,,,
,,,,,,,,,,,,,,,
,,,,,,,,,,,,,,,
,,,,,,,,,,,,,,,
,,,,,,,,,,,,,,,
,,,,,,,,,,,,,,,
,,,,,,,,,,,,,,,
,,,,,,,,,,,,,,,
,,,,,,,,,,,,,,,
,,,,,,,,,,,,,,,
,,,,,,,,,,,,,,,
,,,,,,,,,,,,,,,
,,,,,,,,,,,,,,,
,,,,,,,,,,,,,,,
,,,,,,,,,,,,,,,
,,,,,,,,,,,,,,,
,,,,,,,,,,,,,,,
,,,,,,,,,,,,,,,
,,,,,,,,,,,,,,,
,,,,,,,,,,,,,,,
,,,,,,,,,,,,,,,
,,,,,,,,,,,,,,,
,,,,,,,,,,,,,,,
,,,,,,,,,,,,,,,
,,,,,,,,,,,,,,,
,,,,,,,,,,,,,,,
,,,,,,,,,,,,,,,
,,,,,,,,,,,,,,,
,,,,,,,,,,,,,,,
,,,,,,,,,,,,,,,
,,,,,,,,,,,,,,,
,,,,,,,,,,,,,,,
,,,,,,,,,,,,,,,
,,,,,,,,,,,,,,,
,,,,,,,,,,,,,,,
,,,,,,,,,,,,,,,
,,,,,,,,,,,,,,,
,,,,,,,,,,,,,,,
,,,,,,,,,,,,,,,
,,,,,,,,,,,,,,,
,,,,,,,,,,,,,,,
,,,,,,,,,,,,,,,
,,,,,,,,,,,,,,,
,,,,,,,,,,,,,,,
,,,,,,,,,,,,,,,
,,,,,,,,,,,,,,,
,,,,,,,,,,,,,,,
,,,,,,,,,,,,,,,
,,,,,,,,,,,,,,,
,,,,,,,,,,,,,,,
,,,,,,,,,,,,,,,
,,,,,,,,,,,,,,,
,,,,,,,,,,,,,,,
,,,,,,,,,,,,,,,
,,,,,,,,,,,,,,,
,,,,,,,,,,,,,,,
,,,,,,,,,,,,,,,
,,,,,,,,,,,,,,,
,,,,,,,,,,,,,,,
,,,,,,,,,,,,,,,
,,,,,,,,,,,,,,,
,,,,,,,,,,,,,,,
,,,,,,,,,,,,,,,
,,,,,,,,,,,,,,,
,,,,,,,,,,,,,,,
,,,,,,,,,,,,,,,
,,,,,,,,,,,,,,,
,,,,,,,,,,,,,,,
,,,,,,,,,,,,,,,
,,,,,,,,,,,,,,,
,,,,,,,,,,,,,,,
,,,,,,,,,,,,,,,
,,,,,,,,,,,,,,,
,,,,,,,,,,,,,,,
,,,,,,,,,,,,,,,
,,,,,,,,,,,,,,,
,,,,,,,,,,,,,,,
,,,,,,,,,,,,,,,
,,,,,,,,,,,,,,,
,,,,,,,,,,,,,,,
,,,,,,,,,,,,,,,
,,,,,,,,,,,,,,,
,,,,,,,,,,,,,,,
,,,,,,,,,,,,,,,
,,,,,,,,,,,,,,,
,,,,,,,,,,,,,,,
,,,,,,,,,,,,,,,
,,,,,,,,,,,,,,,
,,,,,,,,,,,,,,,
,,,,,,,,,,,,,,,
,,,,,,,,,,,,,,,
,,,,,,,,,,,,,,,
,,,,,,,,,,,,,,,
,,,,,,,,,,,,,,,
,,,,,,,,,,,,,,,
,,,,,,,,,,,,,,,
,,,,,,,,,,,,,,,
,,,,,,,,,,,,,,,
,,,,,,,,,,,,,,,
,,,,,,,,,,,,,,,
,,,,,,,,,,,,,,,
,,,,,,,,,,,,,,,
,,,,,,,,,,,,,,,
,,,,,,,,,,,,,,,
,,,,,,,,,,,,,,,
,,,,,,,,,,,,,,,
,,,,,,,,,,,,,,,
,,,,,,,,,,,,,,,
,,,,,,,,,,,,,,,
,,,,,,,,,,,,,,,
,,,,,,,,,,,,,,,
,,,,,,,,,,,,,,,
,,,,,,,,,,,,,,,
,,,,,,,,,,,,,,,
,,,,,,,,,,,,,,,
,,,,,,,,,,,,,,,
,,,,,,,,,,,,,,,
,,,,,,,,,,,,,,,
,,,,,,,,,,,,,,,
,,,,,,,,,,,,,,,
,,,,,,,,,,,,,,,
,,,,,,,,,,,,,,,
,,,,,,,,,,,,,,,
,,,,,,,,,,,,,,,
,,,,,,,,,,,,,,,
,,,,,,,,,,,,,,,
,,,,,,,,,,,,,,,
,,,,,,,,,,,,,,,
,,,,,,,,,,,,,,,
,,,,,,,,,,,,,,,
,,,,,,,,,,,,,,,
,,,,,,,,,,,,,,,
,,,,,,,,,,,,,,,
,,,,,,,,,,,,,,,
,,,,,,,,,,,,,,,
,,,,,,,,,,,,,,,
,,,,,,,,,,,,,,,
,,,,,,,,,,,,,,,
,,,,,,,,,,,,,,,
,,,,,,,,,,,,,,,
,,,,,,,,,,,,,,,
,,,,,,,,,,,,,,,
,,,,,,,,,,,,,,,
,,,,,,,,,,,,,,,
,,,,,,,,,,,,,,,
,,,,,,,,,,,,,,,
,,,,,,,,,,,,,,,
,,,,,,,,,,,,,,,
,,,,,,,,,,,,,,,
,,,,,,,,,,,,,,,
,,,,,,,,,,,,,,,
,,,,,,,,,,,,,,,
,,,,,,,,,,,,,,,
,,,,,,,,,,,,,,,
,,,,,,,,,,,,,,,
,,,,,,,,,,,,,,,
,,,,,,,,,,,,,,,
,,,,,,,,,,,,,,,
,,,,,,,,,,,,,,,
,,,,,,,,,,,,,,,
,,,,,,,,,,,,,,,
,,,,,,,,,,,,,,,
,,,,,,,,,,,,,,,
,,,,,,,,,,,,,,,
,,,,,,,,,,,,,,,
,,,,,,,,,,,,,,,
,,,,,,,,,,,,,,,
,,,,,,,,,,,,,,,
,,,,,,,,,,,,,,,
,,,,,,,,,,,,,,,
,,,,,,,,,,,,,,,
,,,,,,,,,,,,,,,
,,,,,,,,,,,,,,,
,,,,,,,,,,,,,,,
,,,,,,,,,,,,,,,
,,,,,,,,,,,,,,,
,,,,,,,,,,,,,,,
,,,,,,,,,,,,,,,
,,,,,,,,,,,,,,,
,,,,,,,,,,,,,,,
,,,,,,,,,,,,,,,
,,,,,,,,,,,,,,,
,,,,,,,,,,,,,,,
,,,,,,,,,,,,,,,
,,,,,,,,,,,,,,,
,,,,,,,,,,,,,,,
,,,,,,,,,,,,,,,
,,,,,,,,,,,,,,,
,,,,,,,,,,,,,,,
,,,,,,,,,,,,,,,
,,,,,,,,,,,,,,,
,,,,,,,,,,,,,,,
,,,,,,,,,,,,,,,
,,,,,,,,,,,,,,,
,,,,,,,,,,,,,,,
,,,,,,,,,,,,,,,
,,,,,,,,,,,,,,,
,,,,,,,,,,,,,,,
,,,,,,,,,,,,,,,
,,,,,,,,,,,,,,,
,,,,,,,,,,,,,,,
,,,,,,,,,,,,,,,
,,,,,,,,,,,,,,,
,,,,,,,,,,,,,,,
,,,,,,,,,,,,,,,
,,,,,,,,,,,,,,,
,,,,,,,,,,,,,,,
,,,,,,,,,,,,,,,
,,,,,,,,,,,,,,,
,,,,,,,,,,,,,,,
,,,,,,,,,,,,,,,
,,,,,,,,,,,,,,,
,,,,,,,,,,,,,,,
,,,,,,,,,,,,,,,
,,,,,,,,,,,,,,,
,,,,,,,,,,,,,,,
,,,,,,,,,,,,,,,
,,,,,,,,,,,,,,,
,,,,,,,,,,,,,,,
,,,,,,,,,,,,,,,
,,,,,,,,,,,,,,,
,,,,,,,,,,,,,,,
,,,,,,,,,,,,,,,
,,,,,,,,,,,,,,,
,,,,,,,,,,,,,,,
,,,,,,,,,,,,,,,
,,,,,,,,,,,,,,,
,,,,,,,,,,,,,,,
,,,,,,,,,,,,,,,
,,,,,,,,,,,,,,,
,,,,,,,,,,,,,,,
,,,,,,,,,,,,,,,
,,,,,,,,,,,,,,,
,,,,,,,,,,,,,,,
,,,,,,,,,,,,,,,
,,,,,,,,,,,,,,,
,,,,,,,,,,,,,,,
,,,,,,,,,,,,,,,
,,,,,,,,,,,,,,,
,,,,,,,,,,,,,,,
,,,,,,,,,,,,,,,
,,,,,,,,,,,,,,,
,,,,,,,,,,,,,,,
,,,,,,,,,,,,,,,
,,,,,,,,,,,,,,,
,,,,,,,,,,,,,,,
,,,,,,,,,,,,,,,
,,,,,,,,,,,,,,,
,,,,,,,,,,,,,,,
,,,,,,,,,,,,,,,
,,,,,,,,,,,,,,,
,,,,,,,,,,,,,,,
,,,,,,,,,,,,,,,
,,,,,,,,,,,,,,,
,,,,,,,,,,,,,,,
,,,,,,,,,,,,,,,
,,,,,,,,,,,,,,,
,,,,,,,,,,,,,,,
,,,,,,,,,,,,,,,
,,,,,,,,,,,,,,,
,,,,,,,,,,,,,,,
,,,,,,,,,,,,,,,
,,,,,,,,,,,,,,,
,,,,,,,,,,,,,,,
,,,,,,,,,,,,,,,
,,,,,,,,,,,,,,,
,,,,,,,,,,,,,,,
,,,,,,,,,,,,,,,
,,,,,,,,,,,,,,,
,,,,,,,,,,,,,,,
,,,,,,,,,,,,,,,
,,,,,,,,,,,,,,,
,,,,,,,,,,,,,,,
,,,,,,,,,,,,,,,
,,,,,,,,,,,,,,,
,,,,,,,,,,,,,,,
,,,,,,,,,,,,,,,
,,,,,,,,,,,,,,,
,,,,,,,,,,,,,,,
,,,,,,,,,,,,,,,
,,,,,,,,,,,,,,,
,,,,,,,,,,,,,,,
,,,,,,,,,,,,,,,
,,,,,,,,,,,,,,,
,,,,,,,,,,,,,,,
,,,,,,,,,,,,,,,
,,,,,,,,,,,,,,,
,,,,,,,,,,,,,,,
,,,,,,,,,,,,,,,
,,,,,,,,,,,,,,,
,,,,,,,,,,,,,,,
,,,,,,,,,,,,,,,
,,,,,,,,,,,,,,,
,,,,,,,,,,,,,,,
,,,,,,,,,,,,,,,
,,,,,,,,,,,,,,,
,,,,,,,,,,,,,,,
,,,,,,,,,,,,,,,
,,,,,,,,,,,,,,,
,,,,,,,,,,,,,,,
,,,,,,,,,,,,,,,
,,,,,,,,,,,,,,,
,,,,,,,,,,,,,,,
,,,,,,,,,,,,,,,
,,,,,,,,,,,,,,,
,,,,,,,,,,,,,,,
,,,,,,,,,,,,,,,
,,,,,,,,,,,,,,,
,,,,,,,,,,,,,,,
,,,,,,,,,,,,,,,
,,,,,,,,,,,,,,,
,,,,,,,,,,,,,,,
,,,,,,,,,,,,,,,
,,,,,,,,,,,,,,,
,,,,,,,,,,,,,,,
,,,,,,,,,,,,,,,
,,,,,,,,,,,,,,,
,,,,,,,,,,,,,,,
,,,,,,,,,,,,,,,
,,,,,,,,,,,,,,,
,,,,,,,,,,,,,,,
,,,,,,,,,,,,,,,
,,,,,,,,,,,,,,,
,,,,,,,,,,,,,,,
,,,,,,,,,,,,,,,
,,,,,,,,,,,,,,,
,,,,,,,,,,,,,,,
,,,,,,,,,,,,,,,
,,,,,,,,,,,,,,,
,,,,,,,,,,,,,,,
,,,,,,,,,,,,,,,
,,,,,,,,,,,,,,,
,,,,,,,,,,,,,,,
,,,,,,,,,,,,,,,
,,,,,,,,,,,,,,,
,,,,,,,,,,,,,,,
,,,,,,,,,,,,,,,
,,,,,,,,,,,,,,,
,,,,,,,,,,,,,,,
,,,,,,,,,,,,,,,
,,,,,,,,,,,,,,,
,,,,,,,,,,,,,,,
,,,,,,,,,,,,,,,
,,,,,,,,,,,,,,,
,,,,,,,,,,,,,,,
,,,,,,,,,,,,,,,
,,,,,,,,,,,,,,,
,,,,,,,,,,,,,,,
,,,,,,,,,,,,,,,
,,,,,,,,,,,,,,,
,,,,,,,,,,,,,,,
,,,,,,,,,,,,,,,
,,,,,,,,,,,,,,,
,,,,,,,,,,,,,,,
,,,,,,,,,,,,,,,
,,,,,,,,,,,,,,,
,,,,,,,,,,,,,,,
,,,,,,,,,,,,,,,
,,,,,,,,,,,,,,,
,,,,,,,,,,,,,,,
,,,,,,,,,,,,,,,
,,,,,,,,,,,,,,,
,,,,,,,,,,,,,,,
,,,,,,,,,,,,,,,
,,,,,,,,,,,,,,,
,,,,,,,,,,,,,,,
,,,,,,,,,,,,,,,
,,,,,,,,,,,,,,,
,,,,,,,,,,,,,,,
,,,,,,,,,,,,,,,
,,,,,,,,,,,,,,,
,,,,,,,,,,,,,,,
,,,,,,,,,,,,,,,
,,,,,,,,,,,,,,,
,,,,,,,,,,,,,,,
,,,,,,,,,,,,,,,
,,,,,,,,,,,,,,,
,,,,,,,,,,,,,,,
,,,,,,,,,,,,,,,
,,,,,,,,,,,,,,,
,,,,,,,,,,,,,,,
,,,,,,,,,,,,,,,
,,,,,,,,,,,,,,,
,,,,,,,,,,,,,,,
,,,,,,,,,,,,,,,
,,,,,,,,,,,,,,,
,,,,,,,,,,,,,,,
,,,,,,,,,,,,,,,
,,,,,,,,,,,,,,,
,,,,,,,,,,,,,,,
,,,,,,,,,,,,,,,
,,,,,,,,,,,,,,,
,,,,,,,,,,,,,,,
,,,,,,,,,,,,,,,
,,,,,,,,,,,,,,,
,,,,,,,,,,,,,,,
,,,,,,,,,,,,,,,
,,,,,,,,,,,,,,,
,,,,,,,,,,,,,,,
,,,,,,,,,,,,,,,
,,,,,,,,,,,,,,,
,,,,,,,,,,,,,,,
,,,,,,,,,,,,,,,
,,,,,,,,,,,,,,,
,,,,,,,,,,,,,,,
,,,,,,,,,,,,,,,
,,,,,,,,,,,,,,,
,,,,,,,,,,,,,,,
,,,,,,,,,,,,,,,
,,,,,,,,,,,,,,,
,,,,,,,,,,,,,,,
,,,,,,,,,,,,,,,
,,,,,,,,,,,,,,,
,,,,,,,,,,,,,,,
,,,,,,,,,,,,,,,
,,,,,,,,,,,,,,,
,,,,,,,,,,,,,,,
,,,,,,,,,,,,,,,
,,,,,,,,,,,,,,,
,,,,,,,,,,,,,,,
,,,,,,,,,,,,,,,
,,,,,,,,,,,,,,,
,,,,,,,,,,,,,,,
,,,,,,,,,,,,,,,
,,,,,,,,,,,,,,,
,,,,,,,,,,,,,,,
,,,,,,,,,,,,,,,
,,,,,,,,,,,,,,,
,,,,,,,,,,,,,,,
,,,,,,,,,,,,,,,
,,,,,,,,,,,,,,,
,,,,,,,,,,,,,,,
,,,,,,,,,,,,,,,
,,,,,,,,,,,,,,,
,,,,,,,,,,,,,,,
,,,,,,,,,,,,,,,
,,,,,,,,,,,,,,,
,,,,,,,,,,,,,,,
,,,,,,,,,,,,,,,
,,,,,,,,,,,,,,,
,,,,,,,,,,,,,,,
,,,,,,,,,,,,,,,
,,,,,,,,,,,,,,,
,,,,,,,,,,,,,,,
,,,,,,,,,,,,,,,
,,,,,,,,,,,,,,,
,,,,,,,,,,,,,,,
,,,,,,,,,,,,,,,
,,,,,,,,,,,,,,,
,,,,,,,,,,,,,,,
,,,,,,,,,,,,,,,
,,,,,,,,,,,,,,,
,,,,,,,,,,,,,,,
,,,,,,,,,,,,,,,
,,,,,,,,,,,,,,,
,,,,,,,,,,,,,,,
,,,,,,,,,,,,,,,
,,,,,,,,,,,,,,,
,,,,,,,,,,,,,,,
,,,,,,,,,,,,,,,
,,,,,,,,,,,,,,,
,,,,,,,,,,,,,,,
,,,,,,,,,,,,,,,
,,,,,,,,,,,,,,,
,,,,,,,,,,,,,,,
,,,,,,,,,,,,,,,
,,,,,,,,,,,,,,,
,,,,,,,,,,,,,,,
,,,,,,,,,,,,,,,
,,,,,,,,,,,,,,,
,,,,,,,,,,,,,,,
,,,,,,,,,,,,,,,
,,,,,,,,,,,,,,,
,,,,,,,,,,,,,,,
,,,,,,,,,,,,,,,
,,,,,,,,,,,,,,,
,,,,,,,,,,,,,,,
,,,,,,,,,,,,,,,
,,,,,,,,,,,,,,,
,,,,,,,,,,,,,,,
,,,,,,,,,,,,,,,
,,,,,,,,,,,,,,,
,,,,,,,,,,,,,,,
,,,,,,,,,,,,,,,
,,,,,,,,,,,,,,,
,,,,,,,,,,,,,,,
,,,,,,,,,,,,,,,
,,,,,,,,,,,,,,,
,,,,,,,,,,,,,,,
,,,,,,,,,,,,,,,
,,,,,,,,,,,,,,,
,,,,,,,,,,,,,,,
,,,,,,,,,,,,,,,
,,,,,,,,,,,,,,,
,,,,,,,,,,,,,,,
,,,,,,,,,,,,,,,
,,,,,,,,,,,,,,,
,,,,,,,,,,,,,,,
,,,,,,,,,,,,,,,
,,,,,,,,,,,,,,,
,,,,,,,,,,,,,,,
,,,,,,,,,,,,,,,
,,,,,,,,,,,,,,,
,,,,,,,,,,,,,,,
,,,,,,,,,,,,,,,
,,,,,,,,,,,,,,,
,,,,,,,,,,,,,,,
,,,,,,,,,,,,,,,
,,,,,,,,,,,,,,,
,,,,,,,,,,,,,,,
,,,,,,,,,,,,,,,
,,,,,,,,,,,,,,,
,,,,,,,,,,,,,,,
,,,,,,,,,,,,,,,
,,,,,,,,,,,,,,,
,,,,,,,,,,,,,,,
,,,,,,,,,,,,,,,
,,,,,,,,,,,,,,,
,,,,,,,,,,,,,,,
,,,,,,,,,,,,,,,
,,,,,,,,,,,,,,,
,,,,,,,,,,,,,,,
,,,,,,,,,,,,,,,
,,,,,,,,,,,,,,,
,,,,,,,,,,,,,,,
,,,,,,,,,,,,,,,
,,,,,,,,,,,,,,,
,,,,,,,,,,,,,,,
,,,,,,,,,,,,,,,
,,,,,,,,,,,,,,,
,,,,,,,,,,,,,,,
,,,,,,,,,,,,,,,
,,,,,,,,,,,,,,,
,,,,,,,,,,,,,,,
,,,,,,,,,,,,,,,
,,,,,,,,,,,,,,,
,,,,,,,,,,,,,,,
,,,,,,,,,,,,,,,
,,,,,,,,,,,,,,,
,,,,,,,,,,,,,,,
,,,,,,,,,,,,,,,
